// gv_atlas_bmp.h - GENERATED by tools/make_atlas.py, do not edit.
//
// The sprite atlas as an embedded BMP. BMP because SDL decodes it without
// SDL_image, and embedded because the game should stay one file you can
// copy anywhere.
//
// Art: Space Shooter Redux by Kenney (kenney.nl), CC0. The sources it was
// built from, and the licence, are in assets/kenney/.
#ifndef GV_ATLAS_BMP_H
#define GV_ATLAS_BMP_H

#define GV_ATLAS_BMP_WIDTH  256
#define GV_ATLAS_BMP_HEIGHT 96
#define GV_ATLAS_BMP_CELL 32
#define GV_ATLAS_OVERSAMPLE 2

static const unsigned char GV_ATLAS_BMP[98426] = {
    0x42,0x4d,0x7a,0x80,0x01,0x00,0x00,0x00,0x00,0x00,0x7a,0x00,0x00,0x00,0x6c,0x00,
    0x00,0x00,0x00,0x01,0x00,0x00,0x60,0x00,0x00,0x00,0x01,0x00,0x20,0x00,0x03,0x00,
    0x00,0x00,0x00,0x80,0x01,0x00,0x13,0x0b,0x00,0x00,0x13,0x0b,0x00,0x00,0x00,0x00,
    0x00,0x00,0x00,0x00,0x00,0x00,0x00,0x00,0xff,0x00,0x00,0xff,0x00,0x00,0xff,0x00,
    0x00,0x00,0x00,0x00,0x00,0xff,0x42,0x47,0x52,0x73,0x00,0x00,0x00,0x00,0x00,0x00,
    0x00,0x00,0x00,0x00,0x00,0x00,0x00,0x00,0x00,0x00,0x00,0x00,0x00,0x00,0x00,0x00,
    0x00,0x00,0x00,0x00,0x00,0x00,0x00,0x00,0x00,0x00,0x00,0x00,0x00,0x00,0x00,0x00,
    0x00,0x00,0x00,0x00,0x00,0x00,0x00,0x00,0x00,0x00,0x00,0x00,0x00,0x00,0x00,0x00,
    0x00,0x00,0x00,0x00,0x00,0x00,0x00,0x00,0x00,0x00,0x00,0x00,0x00,0x00,0x00,0x00,
    0x00,0x00,0x00,0x00,0x00,0x00,0x00,0x00,0x00,0x00,0x00,0x00,0x00,0x00,0x00,0x00,
    0x00,0x00,0x00,0x00,0x00,0x00,0x00,0x00,0x00,0x00,0x00,0x00,0x00,0x00,0x00,0x00,
    0x00,0x00,0x00,0x00,0x00,0x00,0x00,0x00,0x00,0x00,0x00,0x00,0x00,0x00,0x00,0x00,
    0x00,0x00,0x00,0x00,0x00,0x00,0x00,0x00,0x00,0x00,0x00,0x00,0x00,0x00,0x00,0x00,
    0x00,0x00,0x00,0x00,0x00,0x00,0x00,0x00,0x00,0x00,0x00,0x00,0x00,0x00,0x00,0x00,
    0x00,0x00,0x00,0x00,0x00,0x00,0x00,0x00,0x00,0x00,0x00,0x00,0x00,0x00,0x00,0x00,
    0x00,0x00,0x00,0x00,0x00,0x00,0x00,0x00,0x00,0x00,0x00,0x00,0x00,0x00,0x00,0x00,
    0x00,0x00,0x00,0x00,0x00,0x00,0x00,0x00,0x00,0x00,0x00,0x00,0x00,0x00,0x00,0x00,
    0x00,0x00,0x00,0x00,0x00,0x00,0x00,0x00,0x00,0x00,0x00,0x00,0x00,0x00,0x00,0x00,
    0x00,0x00,0x00,0x00,0x00,0x00,0x00,0x00,0x00,0x00,0x00,0x00,0x00,0x00,0x00,0x00,
    0x00,0x00,0x00,0x00,0x00,0x00,0x00,0x00,0x00,0x00,0x00,0x00,0x00,0x00,0x00,0x00,
    0x00,0x00,0x00,0x00,0x00,0x00,0x00,0x00,0x00,0x00,0x00,0x00,0x00,0x00,0x00,0x00,
    0x00,0x00,0x00,0x00,0x00,0x00,0x00,0x00,0x00,0x00,0x00,0x00,0x00,0x00,0x00,0x00,
    0x00,0x00,0x00,0x00,0x00,0x00,0x00,0x00,0x00,0x00,0x00,0x00,0x00,0x00,0x00,0x00,
    0x00,0x00,0x00,0x00,0x00,0x00,0x00,0x00,0x00,0x00,0x00,0x00,0x00,0x00,0x00,0x00,
    0x00,0x00,0x00,0x00,0x00,0x00,0x00,0x00,0x00,0x00,0x00,0x00,0x00,0x00,0x00,0x00,
    0x00,0x00,0x00,0x00,0x00,0x00,0x00,0x00,0x00,0x00,0x00,0x00,0x00,0x00,0x00,0x00,
    0x00,0x00,0x00,0x00,0x00,0x00,0x00,0x00,0x00,0x00,0x00,0x00,0x00,0x00,0x00,0x00,
    0x00,0x00,0x00,0x00,0x00,0x00,0x00,0x00,0x00,0x00,0x00,0x00,0x00,0x00,0x00,0x00,
    0x00,0x00,0x00,0x00,0x00,0x00,0x00,0x00,0x00,0x00,0x00,0x00,0x00,0x00,0x00,0x00,
    0x00,0x00,0x00,0x00,0x00,0x00,0x00,0x00,0x00,0x00,0x00,0x00,0x00,0x00,0x00,0x00,
    0x00,0x00,0x00,0x00,0x00,0x00,0x00,0x00,0x00,0x00,0x00,0x00,0x00,0x00,0x00,0x00,
    0x00,0x00,0x00,0x00,0x00,0x00,0x00,0x00,0x00,0x00,0x00,0x00,0x00,0x00,0x00,0x00,
    0x00,0x00,0x00,0x00,0x00,0x00,0x00,0x00,0x00,0x00,0x00,0x00,0x00,0x00,0x00,0x00,
    0x00,0x00,0x00,0x00,0x00,0x00,0x00,0x00,0x00,0x00,0x00,0x00,0x00,0x00,0x00,0x00,
    0x00,0x00,0x00,0x00,0x00,0x00,0x00,0x00,0x00,0x00,0x00,0x00,0x00,0x00,0x00,0x00,
    0x00,0x00,0x00,0x00,0x00,0x00,0x00,0x00,0x00,0x00,0x00,0x00,0x00,0x00,0x00,0x00,
    0x00,0x00,0x00,0x00,0x00,0x00,0x00,0x00,0x00,0x00,0x00,0x00,0x00,0x00,0x00,0x00,
    0x00,0x00,0x00,0x00,0x00,0x00,0x00,0x00,0x00,0x00,0x00,0x00,0x00,0x00,0x00,0x00,
    0x00,0x00,0x00,0x00,0x00,0x00,0x00,0x00,0x00,0x00,0x00,0x00,0x00,0x00,0x00,0x00,
    0x00,0x00,0x00,0x00,0x00,0x00,0x00,0x00,0x00,0x00,0x00,0x00,0x00,0x00,0x00,0x00,
    0x00,0x00,0x00,0x00,0x00,0x00,0x00,0x00,0x00,0x00,0x00,0x00,0x00,0x00,0x00,0x00,
    0x00,0x00,0x00,0x00,0x00,0x00,0x00,0x00,0x00,0x00,0x00,0x00,0x00,0x00,0x00,0x00,
    0x00,0x00,0x00,0x00,0x00,0x00,0x00,0x00,0x00,0x00,0x00,0x00,0x00,0x00,0x00,0x00,
    0x00,0x00,0x00,0x00,0x00,0x00,0x00,0x00,0x00,0x00,0x00,0x00,0x00,0x00,0x00,0x00,
    0x00,0x00,0x00,0x00,0x00,0x00,0x00,0x00,0x00,0x00,0x00,0x00,0x00,0x00,0x00,0x00,
    0x00,0x00,0x00,0x00,0x00,0x00,0x00,0x00,0x00,0x00,0x00,0x00,0x00,0x00,0x00,0x00,
    0x00,0x00,0x00,0x00,0x00,0x00,0x00,0x00,0x00,0x00,0x00,0x00,0x00,0x00,0x00,0x00,
    0x00,0x00,0x00,0x00,0x00,0x00,0x00,0x00,0x00,0x00,0x00,0x00,0x00,0x00,0x00,0x00,
    0x00,0x00,0x00,0x00,0x00,0x00,0x00,0x00,0x00,0x00,0x00,0x00,0x00,0x00,0x00,0x00,
    0x00,0x00,0x00,0x00,0x00,0x00,0x00,0x00,0x00,0x00,0x00,0x00,0x00,0x00,0x00,0x00,
    0x00,0x00,0x00,0x00,0x00,0x00,0x00,0x00,0x00,0x00,0x00,0x00,0x00,0x00,0x00,0x00,
    0x00,0x00,0x00,0x00,0x00,0x00,0x00,0x00,0x00,0x00,0x00,0x00,0x00,0x00,0x00,0x00,
    0x00,0x00,0x00,0x00,0x00,0x00,0x00,0x00,0x00,0x00,0x00,0x00,0x00,0x00,0x00,0x00,
    0x00,0x00,0x00,0x00,0x00,0x00,0x00,0x00,0x00,0x00,0x00,0x00,0x00,0x00,0x00,0x00,
    0x00,0x00,0x00,0x00,0x00,0x00,0x00,0x00,0x00,0x00,0x00,0x00,0x00,0x00,0x00,0x00,
    0x00,0x00,0x00,0x00,0x00,0x00,0x00,0x00,0x00,0x00,0x00,0x00,0x00,0x00,0x00,0x00,
    0x00,0x00,0x00,0x00,0x00,0x00,0x00,0x00,0x00,0x00,0x00,0x00,0x00,0x00,0x00,0x00,
    0x00,0x00,0x00,0x00,0x00,0x00,0x00,0x00,0x00,0x00,0x00,0x00,0x00,0x00,0x00,0x00,
    0x00,0x00,0x00,0x00,0x00,0x00,0x00,0x00,0x00,0x00,0x00,0x00,0x00,0x00,0x00,0x00,
    0x00,0x00,0x00,0x00,0x00,0x00,0x00,0x00,0x00,0x00,0x00,0x00,0x00,0x00,0x00,0x00,
    0x00,0x00,0x00,0x00,0x00,0x00,0x00,0x00,0x00,0x00,0x00,0x00,0x00,0x00,0x00,0x00,
    0x00,0x00,0x00,0x00,0x00,0x00,0x00,0x00,0x00,0x00,0x00,0x00,0x00,0x00,0x00,0x00,
    0x00,0x00,0x00,0x00,0x00,0x00,0x00,0x00,0x00,0x00,0x00,0x00,0x00,0x00,0x00,0x00,
    0x00,0x00,0x00,0x00,0x00,0x00,0x00,0x00,0x00,0x00,0x00,0x00,0x00,0x00,0x00,0x00,
    0x00,0x00,0x00,0x00,0x00,0x00,0x00,0x00,0x00,0x00,0x00,0x00,0x00,0x00,0x00,0x00,
    0x00,0x00,0x00,0x00,0x00,0x00,0x00,0x00,0x00,0x00,0x00,0x00,0x00,0x00,0x00,0x00,
    0x00,0x00,0x00,0x00,0x00,0x00,0x00,0x00,0x00,0x00,0x00,0x00,0x00,0x00,0x00,0x00,
    0x00,0x00,0x00,0x00,0x00,0x00,0x00,0x00,0x00,0x00,0x00,0x00,0x00,0x00,0x00,0x00,
    0x00,0x00,0x00,0x00,0x00,0x00,0x00,0x00,0x00,0x00,0x00,0x00,0x00,0x00,0x00,0x00,
    0x00,0x00,0x00,0x00,0x00,0x00,0x00,0x00,0x00,0x00,0x00,0x00,0x00,0x00,0x00,0x00,
    0x00,0x00,0x00,0x00,0x00,0x00,0x00,0x00,0x00,0x00,0x00,0x00,0x00,0x00,0x00,0x00,
    0x00,0x00,0x00,0x00,0x00,0x00,0x00,0x00,0x00,0x00,0x00,0x00,0x00,0x00,0x00,0x00,
    0x00,0x00,0x00,0x00,0x00,0x00,0x00,0x00,0x00,0x00,0x00,0x00,0x00,0x00,0x00,0x00,
    0x00,0x00,0x00,0x00,0x00,0x00,0x00,0x00,0x00,0x00,0x00,0x00,0x00,0x00,0x00,0x00,
    0x00,0x00,0x00,0x00,0x00,0x00,0x00,0x00,0x00,0x00,0x00,0x00,0x00,0x00,0x00,0x00,
    0x00,0x00,0x00,0x00,0x00,0x00,0x00,0x00,0x00,0x00,0x00,0x00,0x00,0x00,0x00,0x00,
    0x00,0x00,0x00,0x00,0x00,0x00,0x00,0x00,0x00,0x00,0x00,0x00,0x00,0x00,0x00,0x00,
    0x00,0x00,0x00,0x00,0x00,0x00,0x00,0x00,0x00,0x00,0x00,0x00,0x00,0x00,0x00,0x00,
    0x00,0x00,0x00,0x00,0x00,0x00,0x00,0x00,0x00,0x00,0x00,0x00,0x00,0x00,0x00,0x00,
    0x00,0x00,0x00,0x00,0x00,0x00,0x00,0x00,0x00,0x00,0x00,0x00,0x00,0x00,0x00,0x00,
    0x00,0x00,0x00,0x00,0x00,0x00,0x00,0x00,0x00,0x00,0x00,0x00,0x00,0x00,0x00,0x00,
    0x00,0x00,0x00,0x00,0x00,0x00,0x00,0x00,0x00,0x00,0x00,0x00,0x00,0x00,0x00,0x00,
    0x00,0x00,0x00,0x00,0x00,0x00,0x00,0x00,0x00,0x00,0x00,0x00,0x00,0x00,0x00,0x00,
    0x00,0x00,0x00,0x00,0x00,0x00,0x00,0x00,0x00,0x00,0x00,0x00,0x00,0x00,0x00,0x00,
    0x00,0x00,0x00,0x00,0x00,0x00,0x00,0x00,0x00,0x00,0x00,0x00,0x00,0x00,0x00,0x00,
    0x00,0x00,0x00,0x00,0x00,0x00,0x00,0x00,0x00,0x00,0x00,0x00,0x00,0x00,0x00,0x00,
    0x00,0x00,0x00,0x00,0x00,0x00,0x00,0x00,0x00,0x00,0x00,0x00,0x00,0x00,0x00,0x00,
    0x00,0x00,0x00,0x00,0x00,0x00,0x00,0x00,0x00,0x00,0x00,0x00,0x00,0x00,0x00,0x00,
    0x00,0x00,0x00,0x00,0x00,0x00,0x00,0x00,0x00,0x00,0x00,0x00,0x00,0x00,0x00,0x00,
    0x00,0x00,0x00,0x00,0x00,0x00,0x00,0x00,0x00,0x00,0x00,0x00,0x00,0x00,0x00,0x00,
    0x00,0x00,0x00,0x00,0x00,0x00,0x00,0x00,0x00,0x00,0x00,0x00,0x00,0x00,0x00,0x00,
    0x00,0x00,0x00,0x00,0x00,0x00,0x00,0x00,0x00,0x00,0x00,0x00,0x00,0x00,0x00,0x00,
    0x00,0x00,0x00,0x00,0x00,0x00,0x00,0x00,0x00,0x00,0x00,0x00,0x00,0x00,0x00,0x00,
    0x00,0x00,0x00,0x00,0x00,0x00,0x00,0x00,0x00,0x00,0x00,0x00,0x00,0x00,0x00,0x00,
    0x00,0x00,0x00,0x00,0x00,0x00,0x00,0x00,0x00,0x00,0x00,0x00,0x00,0x00,0x00,0x00,
    0x00,0x00,0x00,0x00,0x00,0x00,0x00,0x00,0x00,0x00,0x00,0x00,0x00,0x00,0x00,0x00,
    0x00,0x00,0x00,0x00,0x00,0x00,0x00,0x00,0x00,0x00,0x00,0x00,0x00,0x00,0x00,0x00,
    0x00,0x00,0x00,0x00,0x00,0x00,0x00,0x00,0x00,0x00,0x00,0x00,0x00,0x00,0xfb,0xfb,
    0xfb,0x3f,0xfe,0xfe,0xfe,0xaf,0xee,0xee,0xee,0x0f,0xee,0xee,0xee,0x0f,0x00,0x00,
    0x00,0x00,0x00,0x00,0x00,0x00,0x00,0x00,0x00,0x00,0x00,0x00,0x00,0x00,0x00,0x00,
    0x00,0x00,0x00,0x00,0x00,0x00,0x00,0x00,0x00,0x00,0x00,0x00,0x00,0x00,0xfd,0xfd,
    0xfd,0x7f,0xfd,0xfd,0xfd,0x7f,0xfd,0xfd,0xfd,0x7f,0x00,0x00,0x00,0x00,0x00,0x00,
    0x00,0x00,0x00,0x00,0x00,0x00,0x00,0x00,0x00,0x00,0x00,0x00,0x00,0x00,0x00,0x00,
    0x00,0x00,0x00,0x00,0x00,0x00,0x00,0x00,0x00,0x00,0x00,0x00,0x00,0x00,0x00,0x00,
    0x00,0x00,0x00,0x00,0x00,0x00,0x00,0x00,0x00,0x00,0x00,0x00,0x00,0x00,0x00,0x00,
    0x00,0x00,0x00,0x00,0x00,0x00,0x00,0x00,0x00,0x00,0xc2,0xc2,0xc2,0x4f,0xc3,0xc3,
    0xc3,0xef,0x79,0x8e,0x83,0xff,0x36,0x5d,0x48,0xff,0x35,0x5c,0x47,0xfb,0x34,0x5b,
    0x46,0x62,0x00,0x00,0x00,0x00,0x00,0x00,0x00,0x00,0x00,0x00,0x00,0x00,0x36,0x59,
    0x46,0x0f,0x35,0x5c,0x47,0xd7,0x36,0x5d,0x48,0xff,0x4e,0x6f,0x5d,0xff,0xbc,0xbe,
    0xbd,0xfc,0xc2,0xc2,0xc2,0x94,0xbb,0xbb,0xbb,0x02,0x00,0x00,0x00,0x00,0x00,0x00,
    0x00,0x00,0x00,0x00,0x00,0x00,0x00,0x00,0x00,0x00,0x00,0x00,0x00,0x00,0x00,0x00,
    0x00,0x00,0x00,0x00,0x00,0x00,0x00,0x00,0x00,0x00,0x00,0x00,0x00,0x00,0x00,0x00,
    0x00,0x00,0x00,0x00,0x00,0x00,0x00,0x00,0x00,0x00,0x00,0x00,0x00,0x00,0x00,0x00,
    0x00,0x00,0x00,0x00,0x00,0x00,0x00,0x00,0x00,0x00,0x00,0x00,0x00,0x00,0x00,0x00,
    0x00,0x00,0x00,0x00,0x00,0x00,0x00,0x00,0x00,0x00,0x00,0x00,0x00,0x00,0x00,0x00,
    0x00,0x00,0x00,0x00,0x00,0x00,0x00,0x00,0x00,0x00,0x00,0x00,0x00,0x00,0x00,0x00,
    0x00,0x00,0x00,0x00,0x00,0x00,0x00,0x00,0x00,0x00,0x00,0x00,0x00,0x00,0x00,0x00,
    0x00,0x00,0x00,0x00,0x00,0x00,0x00,0x00,0x00,0x00,0x00,0x00,0x00,0x00,0x00,0x00,
    0x00,0x00,0x00,0x00,0x00,0x00,0x00,0x00,0x00,0x00,0x00,0x00,0x00,0x00,0x00,0x00,
    0x00,0x00,0x00,0x00,0x00,0x00,0x00,0x00,0x00,0x00,0x00,0x00,0x00,0x00,0x00,0x00,
    0x00,0x00,0x00,0x00,0x00,0x00,0x00,0x00,0x00,0x00,0x00,0x00,0x00,0x00,0x00,0x00,
    0x00,0x00,0x00,0x00,0x00,0x00,0x00,0x00,0x00,0x00,0x00,0x00,0x00,0x00,0x00,0x00,
    0x00,0x00,0x00,0x00,0x00,0x00,0x00,0x00,0x00,0x00,0x00,0x00,0x00,0x00,0x00,0x00,
    0x00,0x00,0x00,0x00,0x00,0x00,0x00,0x00,0x00,0x00,0x00,0x00,0x00,0x00,0x00,0x00,
    0x00,0x00,0x00,0x00,0x00,0x00,0x00,0x00,0x00,0x00,0x00,0x00,0x00,0x00,0x00,0x00,
    0x00,0x00,0x00,0x00,0x00,0x00,0x00,0x00,0x00,0x00,0x00,0x00,0x00,0x00,0x00,0x00,
    0x00,0x00,0x00,0x00,0x00,0x00,0x00,0x00,0x00,0x00,0x00,0x00,0x00,0x00,0x00,0x00,
    0x00,0x00,0x00,0x00,0x00,0x00,0x00,0x00,0x00,0x00,0x00,0x00,0x00,0x00,0x00,0x00,
    0x00,0x00,0x00,0x00,0x00,0x00,0x00,0x00,0x00,0x00,0x00,0x00,0x00,0x00,0x00,0x00,
    0x00,0x00,0x00,0x00,0x00,0x00,0x00,0x00,0x00,0x00,0x00,0x00,0x00,0x00,0x00,0x00,
    0x00,0x00,0x00,0x00,0x00,0x00,0x00,0x00,0x00,0x00,0x00,0x00,0x00,0x00,0x00,0x00,
    0x00,0x00,0x00,0x00,0x00,0x00,0x00,0x00,0x00,0x00,0x00,0x00,0x00,0x00,0x00,0x00,
    0x00,0x00,0x00,0x00,0x00,0x00,0x00,0x00,0x00,0x00,0x00,0x00,0x00,0x00,0x00,0x00,
    0x00,0x00,0x00,0x00,0x00,0x00,0x00,0x00,0x00,0x00,0x00,0x00,0x00,0x00,0x00,0x00,
    0x00,0x00,0x00,0x00,0x00,0x00,0x00,0x00,0x00,0x00,0x00,0x00,0x00,0x00,0x00,0x00,
    0x00,0x00,0x00,0x00,0x00,0x00,0x00,0x00,0x00,0x00,0x00,0x00,0x00,0x00,0x00,0x00,
    0x00,0x00,0x00,0x00,0x00,0x00,0x00,0x00,0x00,0x00,0x00,0x00,0x00,0x00,0x00,0x00,
    0x00,0x00,0x00,0x00,0x00,0x00,0x00,0x00,0x00,0x00,0x00,0x00,0x00,0x00,0x00,0x00,
    0x00,0x00,0x00,0x00,0x00,0x00,0x00,0x00,0x00,0x00,0x00,0x00,0x00,0x00,0x00,0x00,
    0x00,0x00,0x00,0x00,0x00,0x00,0x00,0x00,0x00,0x00,0x00,0x00,0x00,0x00,0x00,0x00,
    0x00,0x00,0x00,0x00,0x00,0x00,0x00,0x00,0x00,0x00,0x00,0x00,0x00,0x00,0x00,0x00,
    0x00,0x00,0x00,0x00,0x00,0x00,0x00,0x00,0x00,0x00,0x00,0x00,0x00,0x00,0x00,0x00,
    0x00,0x00,0x00,0x00,0x00,0x00,0x00,0x00,0x00,0x00,0x00,0x00,0x00,0x00,0x00,0x00,
    0x00,0x00,0x00,0x00,0x00,0x00,0x00,0x00,0x00,0x00,0x00,0x00,0x00,0x00,0x00,0x00,
    0x00,0x00,0x00,0x00,0x00,0x00,0x00,0x00,0x00,0x00,0x00,0x00,0x00,0x00,0x00,0x00,
    0x00,0x00,0x00,0x00,0x00,0x00,0x00,0x00,0x00,0x00,0x00,0x00,0x00,0x00,0x00,0x00,
    0x00,0x00,0x00,0x00,0x00,0x00,0x00,0x00,0x00,0x00,0x00,0x00,0x00,0x00,0x00,0x00,
    0x00,0x00,0x00,0x00,0x00,0x00,0x00,0x00,0x00,0x00,0x00,0x00,0x00,0x00,0x00,0x00,
    0x00,0x00,0x00,0x00,0x00,0x00,0x00,0x00,0x00,0x00,0x00,0x00,0x00,0x00,0x00,0x00,
    0x00,0x00,0x00,0x00,0x00,0x00,0x00,0x00,0x00,0x00,0x00,0x00,0x00,0x00,0x00,0x00,
    0x00,0x00,0x00,0x00,0x00,0x00,0x00,0x00,0x00,0x00,0x00,0x00,0x00,0x00,0x00,0x00,
    0x00,0x00,0x00,0x00,0x00,0x00,0x00,0x00,0x00,0x00,0x00,0x00,0x00,0x00,0x00,0x00,
    0x00,0x00,0x00,0x00,0x00,0x00,0x00,0x00,0x00,0x00,0x00,0x00,0x00,0x00,0x00,0x00,
    0x00,0x00,0x00,0x00,0x00,0x00,0x00,0x00,0x00,0x00,0x00,0x00,0x00,0x00,0x00,0x00,
    0x00,0x00,0x00,0x00,0x00,0x00,0x00,0x00,0x00,0x00,0x00,0x00,0x00,0x00,0x00,0x00,
    0x00,0x00,0x00,0x00,0x00,0x00,0x00,0x00,0x00,0x00,0x00,0x00,0x00,0x00,0x00,0x00,
    0x00,0x00,0x00,0x00,0x00,0x00,0x00,0x00,0x00,0x00,0x00,0x00,0x00,0x00,0x00,0x00,
    0x00,0x00,0x00,0x00,0x00,0x00,0x00,0x00,0x00,0x00,0x00,0x00,0x00,0x00,0x00,0x00,
    0x00,0x00,0x00,0x00,0x00,0x00,0x00,0x00,0x00,0x00,0x00,0x00,0x00,0x00,0x00,0x00,
    0x00,0x00,0x00,0x00,0x00,0x00,0x00,0x00,0x00,0x00,0x00,0x00,0x00,0x00,0x00,0x00,
    0x00,0x00,0x00,0x00,0x00,0x00,0x00,0x00,0x00,0x00,0x00,0x00,0x00,0x00,0x00,0x00,
    0x00,0x00,0x00,0x00,0x00,0x00,0x00,0x00,0x00,0x00,0x00,0x00,0x00,0x00,0xfd,0xfd,
    0xfd,0x7f,0xff,0xff,0xff,0xff,0xfe,0xfe,0xfe,0xef,0xfe,0xfe,0xfe,0xef,0xfc,0xfc,
    0xfc,0x4f,0x00,0x00,0x00,0x00,0x00,0x00,0x00,0x00,0x00,0x00,0x00,0x00,0x00,0x00,
    0x00,0x00,0x00,0x00,0x00,0x00,0xfb,0xfb,0xfb,0x3f,0xfc,0xfc,0xfc,0xcf,0xff,0xff,
    0xff,0xff,0xff,0xff,0xff,0xff,0xfd,0xfd,0xfd,0x9f,0x00,0x00,0x00,0x00,0x00,0x00,
    0x00,0x00,0x00,0x00,0x00,0x00,0x00,0x00,0x00,0x00,0x00,0x00,0x00,0x00,0x00,0x00,
    0x00,0x00,0x00,0x00,0x00,0x00,0x00,0x00,0x00,0x00,0x00,0x00,0x00,0x00,0x00,0x00,
    0x00,0x00,0x00,0x00,0x00,0x00,0x00,0x00,0x00,0x00,0x00,0x00,0x00,0x00,0x00,0x00,
    0x00,0x00,0xc0,0xc0,0xc0,0x25,0xc4,0xc4,0xc4,0x9f,0xd4,0xd5,0xd4,0xfd,0xa5,0xbf,
    0xb1,0xff,0x65,0x98,0x7c,0xff,0x65,0x98,0x7c,0xff,0x5f,0x90,0x75,0xff,0x35,0x5c,
    0x47,0x94,0x00,0x00,0x00,0x00,0x00,0x00,0x00,0x00,0x00,0x00,0x00,0x00,0x34,0x5b,
    0x47,0x3f,0x47,0x73,0x5b,0xff,0x65,0x98,0x7c,0xff,0x65,0x98,0x7c,0xff,0x86,0xad,
    0x98,0xff,0xd1,0xd5,0xd3,0xff,0xc8,0xc8,0xc8,0xcf,0xc2,0xc2,0xc2,0x54,0xbd,0xbd,
    0xbd,0x03,0x00,0x00,0x00,0x00,0x00,0x00,0x00,0x00,0x00,0x00,0x00,0x00,0x00,0x00,
    0x00,0x00,0x00,0x00,0x00,0x00,0x00,0x00,0x00,0x00,0x00,0x00,0x00,0x00,0x00,0x00,
    0x00,0x00,0x00,0x00,0x00,0x00,0x00,0x00,0x00,0x00,0x00,0x00,0x00,0x00,0x00,0x00,
    0x00,0x00,0x00,0x00,0x00,0x00,0x00,0x00,0x00,0x00,0x00,0x00,0x00,0x00,0x00,0x00,
    0x00,0x00,0x00,0x00,0x00,0x00,0x00,0x00,0x00,0x00,0x00,0x00,0x00,0x00,0x00,0x00,
    0x00,0x00,0x00,0x00,0x00,0x00,0x00,0x00,0x00,0x00,0x00,0x00,0x00,0x00,0x00,0x00,
    0x00,0x00,0x00,0x00,0x00,0x00,0x00,0x00,0x00,0x00,0x00,0x00,0x00,0x00,0x00,0x00,
    0x00,0x00,0x00,0x00,0x00,0x00,0x00,0x00,0x00,0x00,0x00,0x00,0x00,0x00,0x00,0x00,
    0x00,0x00,0x00,0x00,0x00,0x00,0x00,0x00,0x00,0x00,0x00,0x00,0x00,0x00,0x00,0x00,
    0x00,0x00,0x00,0x00,0x00,0x00,0x00,0x00,0x00,0x00,0x00,0x00,0x00,0x00,0x00,0x00,
    0x00,0x00,0x00,0x00,0x00,0x00,0x00,0x00,0x00,0x00,0x00,0x00,0x00,0x00,0x00,0x00,
    0x00,0x00,0x00,0x00,0x00,0x00,0x00,0x00,0x00,0x00,0x00,0x00,0x00,0x00,0x00,0x00,
    0x00,0x00,0x00,0x00,0x00,0x00,0x00,0x00,0x00,0x00,0x00,0x00,0x00,0x00,0x00,0x00,
    0x00,0x00,0x00,0x00,0x00,0x00,0x00,0x00,0x00,0x00,0x00,0x00,0x00,0x00,0x00,0x00,
    0x00,0x00,0x00,0x00,0x00,0x00,0x00,0x00,0x00,0x00,0x00,0x00,0x00,0x00,0x00,0x00,
    0x00,0x00,0x00,0x00,0x00,0x00,0x00,0x00,0x00,0x00,0x00,0x00,0x00,0x00,0x00,0x00,
    0x00,0x00,0x00,0x00,0x00,0x00,0x00,0x00,0x00,0x00,0x00,0x00,0x00,0x00,0x00,0x00,
    0x00,0x00,0x00,0x00,0x00,0x00,0x00,0x00,0x00,0x00,0x00,0x00,0x00,0x00,0x00,0x00,
    0x00,0x00,0x00,0x00,0x00,0x00,0x00,0x00,0x00,0x00,0x00,0x00,0x00,0x00,0x00,0x00,
    0x00,0x00,0x00,0x00,0x00,0x00,0x00,0x00,0x00,0x00,0x00,0x00,0x00,0x00,0x00,0x00,
    0x00,0x00,0x00,0x00,0x00,0x00,0x00,0x00,0x00,0x00,0x00,0x00,0x00,0x00,0x00,0x00,
    0x00,0x00,0x00,0x00,0x00,0x00,0x00,0x00,0x00,0x00,0x00,0x00,0x00,0x00,0x00,0x00,
    0x00,0x00,0x00,0x00,0x00,0x00,0x00,0x00,0x00,0x00,0x00,0x00,0x00,0x00,0x00,0x00,
    0x00,0x00,0x00,0x00,0x00,0x00,0x00,0x00,0x00,0x00,0x00,0x00,0x00,0x00,0x00,0x00,
    0x00,0x00,0x00,0x00,0x00,0x00,0x00,0x00,0x00,0x00,0x00,0x00,0x00,0x00,0x00,0x00,
    0x00,0x00,0x00,0x00,0x00,0x00,0x00,0x00,0x00,0x00,0x00,0x00,0x00,0x00,0x00,0x00,
    0x00,0x00,0x00,0x00,0x00,0x00,0x00,0x00,0x00,0x00,0x00,0x00,0x00,0x00,0x00,0x00,
    0x00,0x00,0x00,0x00,0x00,0x00,0x00,0x00,0x00,0x00,0x00,0x00,0x00,0x00,0x00,0x00,
    0x00,0x00,0x00,0x00,0x00,0x00,0x00,0x00,0x00,0x00,0x00,0x00,0x00,0x00,0x00,0x00,
    0x00,0x00,0x00,0x00,0x00,0x00,0x00,0x00,0x00,0x00,0x00,0x00,0x00,0x00,0x00,0x00,
    0x00,0x00,0x00,0x00,0x00,0x00,0x00,0x00,0x00,0x00,0x00,0x00,0x00,0x00,0x00,0x00,
    0x00,0x00,0x00,0x00,0x00,0x00,0x00,0x00,0x00,0x00,0x00,0x00,0x00,0x00,0x00,0x00,
    0x00,0x00,0x00,0x00,0x00,0x00,0x00,0x00,0x00,0x00,0x00,0x00,0x00,0x00,0x00,0x00,
    0x00,0x00,0x00,0x00,0x00,0x00,0x00,0x00,0x00,0x00,0x00,0x00,0x00,0x00,0x00,0x00,
    0x00,0x00,0x00,0x00,0x00,0x00,0x00,0x00,0x00,0x00,0x00,0x00,0x00,0x00,0x00,0x00,
    0x00,0x00,0x00,0x00,0x00,0x00,0x00,0x00,0x00,0x00,0x00,0x00,0x00,0x00,0x00,0x00,
    0x00,0x00,0x00,0x00,0x00,0x00,0x00,0x00,0x00,0x00,0x00,0x00,0x00,0x00,0x00,0x00,
    0x00,0x00,0x00,0x00,0x00,0x00,0x00,0x00,0x00,0x00,0x00,0x00,0x00,0x00,0x00,0x00,
    0x00,0x00,0x00,0x00,0x00,0x00,0x00,0x00,0x00,0x00,0x00,0x00,0x00,0x00,0x00,0x00,
    0x00,0x00,0x00,0x00,0x00,0x00,0x00,0x00,0x00,0x00,0x00,0x00,0x00,0x00,0x00,0x00,
    0x00,0x00,0x00,0x00,0x00,0x00,0x00,0x00,0x00,0x00,0x00,0x00,0x00,0x00,0x00,0x00,
    0x00,0x00,0x00,0x00,0x00,0x00,0x00,0x00,0x00,0x00,0x00,0x00,0x00,0x00,0x00,0x00,
    0x00,0x00,0x00,0x00,0x00,0x00,0x00,0x00,0x00,0x00,0x00,0x00,0x00,0x00,0x00,0x00,
    0x00,0x00,0x00,0x00,0x00,0x00,0x00,0x00,0x00,0x00,0x00,0x00,0x00,0x00,0x00,0x00,
    0x00,0x00,0x00,0x00,0x00,0x00,0x00,0x00,0x00,0x00,0x00,0x00,0x00,0x00,0x00,0x00,
    0x00,0x00,0x00,0x00,0x00,0x00,0xfc,0xfc,0xfc,0x5f,0xfe,0xfe,0xfe,0xaf,0x00,0x00,
    0x00,0x00,0x00,0x00,0x00,0x00,0x00,0x00,0x00,0x00,0x00,0x00,0x00,0x00,0x00,0x00,
    0x00,0x00,0x00,0x00,0x00,0x00,0x00,0x00,0x00,0x00,0x00,0x00,0x00,0x00,0x00,0x00,
    0x00,0x00,0x00,0x00,0x00,0x00,0x00,0x00,0x00,0x00,0x00,0x00,0x00,0x00,0x00,0x00,
    0x00,0x00,0x00,0x00,0x00,0x00,0x00,0x00,0x00,0x00,0x00,0x00,0x00,0x00,0x00,0x00,
    0x00,0x00,0x00,0x00,0x00,0x00,0x00,0x00,0x00,0x00,0x00,0x00,0x00,0x00,0x00,0x00,
    0x00,0x00,0x00,0x00,0x00,0x00,0x00,0x00,0x00,0x00,0x00,0x00,0x00,0x00,0xfd,0xfd,
    0xfd,0x7f,0xff,0xff,0xff,0xff,0xff,0xff,0xff,0xff,0xff,0xff,0xff,0xff,0xff,0xff,
    0xff,0xff,0xfe,0xfe,0xfe,0xaf,0xee,0xee,0xee,0x0f,0xee,0xee,0xee,0x0f,0xee,0xee,
    0xee,0x0f,0xfd,0xfd,0xfd,0x8f,0xff,0xff,0xff,0xff,0xff,0xff,0xff,0xff,0xff,0xff,
    0xff,0xff,0xff,0xff,0xff,0xff,0xfd,0xfd,0xfd,0xbf,0x00,0x00,0x00,0x00,0x00,0x00,
    0x00,0x00,0x00,0x00,0x00,0x00,0x00,0x00,0x00,0x00,0x00,0x00,0x00,0x00,0x00,0x00,
    0x00,0x00,0x00,0x00,0x00,0x00,0x00,0x00,0x00,0x00,0x00,0x00,0x00,0x00,0x00,0x00,
    0x00,0x00,0x00,0x00,0x00,0x00,0x00,0x00,0x00,0x00,0xc1,0xc1,0xc1,0x1e,0xc4,0xc4,
    0xc4,0xa8,0xd3,0xd3,0xd3,0xff,0xde,0xe1,0xdf,0xff,0x8a,0xaf,0x9b,0xff,0x65,0x98,
    0x7c,0xff,0x65,0x98,0x7c,0xff,0x65,0x98,0x7c,0xff,0x5f,0x90,0x75,0xff,0x35,0x5c,
    0x47,0x94,0x00,0x00,0x00,0x00,0x00,0x00,0x00,0x00,0x00,0x00,0x00,0x00,0x34,0x5b,
    0x47,0x3f,0x47,0x73,0x5b,0xff,0x65,0x98,0x7c,0xff,0x65,0x98,0x7c,0xff,0x65,0x98,
    0x7c,0xff,0x72,0xa0,0x87,0xff,0xce,0xd9,0xd3,0xff,0xdb,0xdb,0xdb,0xff,0xc9,0xc9,
    0xc9,0xd6,0xc2,0xc2,0xc2,0x44,0x00,0x00,0x00,0x00,0x00,0x00,0x00,0x00,0x00,0x00,
    0x00,0x00,0x00,0x00,0x00,0x00,0x00,0x00,0x00,0x00,0x00,0x00,0x00,0x00,0x00,0x00,
    0x00,0x00,0x00,0x00,0x00,0x00,0x00,0x00,0x00,0x00,0x00,0x00,0x00,0x00,0x00,0x00,
    0x00,0x00,0x00,0x00,0x00,0x00,0xc3,0xc3,0xc3,0x0e,0xc3,0xc3,0xc3,0x88,0xca,0xcb,
    0xca,0xf4,0x73,0x92,0x81,0xff,0x45,0x70,0x59,0xff,0x43,0x6e,0x57,0xfc,0x34,0x5b,
    0x47,0x73,0x00,0x00,0x00,0x00,0x00,0x00,0x00,0x00,0x00,0x00,0x00,0x00,0x34,0x5a,
    0x46,0x1f,0x3b,0x64,0x4e,0xe4,0x45,0x70,0x59,0xff,0x56,0x7c,0x67,0xff,0xb9,0xc1,
    0xbd,0xfd,0xc6,0xc6,0xc6,0xb8,0xc2,0xc2,0xc2,0x2a,0x00,0x00,0x00,0x00,0x00,0x00,
    0x00,0x00,0x00,0x00,0x00,0x00,0x00,0x00,0x00,0x00,0x00,0x00,0x00,0x00,0x00,0x00,
    0x00,0x00,0x00,0x00,0x00,0x00,0x00,0x00,0x00,0x00,0x00,0x00,0x00,0x00,0xc8,0xc8,
    0xc8,0xd7,0xd2,0xd2,0xd2,0xff,0xd2,0xd2,0xd2,0xff,0xd2,0xd2,0xd2,0xff,0xd2,0xd2,
    0xd2,0xff,0xc9,0xc9,0xc9,0xc6,0xc1,0xc1,0xc1,0x2a,0x00,0x00,0x00,0x00,0x00,0x00,
    0x00,0x00,0x00,0x00,0x00,0x00,0x00,0x00,0x00,0x00,0x00,0x00,0x00,0x00,0x00,0x00,
    0x00,0x00,0x00,0x00,0x00,0x00,0x00,0x00,0x00,0x00,0x00,0x00,0x00,0x00,0x00,0x00,
    0x00,0x00,0x00,0x00,0x00,0x00,0x00,0x00,0x00,0x00,0x00,0x00,0x00,0x00,0x00,0x00,
    0x00,0x00,0x00,0x00,0x00,0x00,0x00,0x00,0x00,0x00,0xc0,0xc0,0xc0,0x18,0xc6,0xc6,
    0xc6,0xab,0xd1,0xd1,0xd1,0xfd,0xd2,0xd2,0xd2,0xff,0xd2,0xd2,0xd2,0xff,0xd2,0xd2,
    0xd2,0xff,0xca,0xca,0xca,0xcf,0x00,0x00,0x00,0x00,0x00,0x00,0x00,0x00,0x00,0x00,
    0x00,0x00,0x00,0x00,0x00,0x00,0x00,0x00,0x00,0x00,0x00,0x00,0x00,0x00,0x00,0x00,
    0x00,0x00,0x00,0x00,0x00,0x00,0x00,0x00,0x00,0x00,0x00,0x00,0x00,0x00,0x00,0x00,
    0x00,0x00,0x00,0x00,0x00,0x00,0x00,0x00,0x00,0x00,0x00,0x00,0x00,0x00,0x00,0x00,
    0x00,0x00,0x00,0x00,0x00,0x00,0x00,0x00,0x00,0x00,0x00,0x00,0x00,0x00,0x00,0x00,
    0x00,0x00,0x00,0x00,0x00,0x00,0x00,0x00,0x00,0x00,0x00,0x00,0x00,0x00,0x00,0x00,
    0x00,0x00,0x00,0x00,0x00,0x00,0x00,0x00,0x00,0x00,0x00,0x00,0x00,0x00,0x00,0x00,
    0x00,0x00,0x00,0x00,0x00,0x00,0x00,0x00,0x00,0x00,0x00,0x00,0x00,0x00,0x00,0x00,
    0x00,0x00,0x00,0x00,0x00,0x00,0x00,0x00,0x00,0x00,0x00,0x00,0x00,0x00,0x00,0x00,
    0x00,0x00,0x00,0x00,0x00,0x00,0x00,0x00,0x00,0x00,0x00,0x00,0x00,0x00,0x00,0x00,
    0x00,0x00,0x00,0x00,0x00,0x00,0x00,0x00,0x00,0x00,0x00,0x00,0x00,0x00,0x00,0x00,
    0x00,0x00,0x00,0x00,0x00,0x00,0x00,0x00,0x00,0x00,0xf9,0xf9,0xf9,0x17,0xfd,0xfd,
    0xfd,0x87,0xfe,0xfe,0xfe,0x9f,0xfe,0xfe,0xfe,0x9f,0xfe,0xfe,0xfe,0x9f,0xfe,0xfe,
    0xfe,0x9f,0xfe,0xfe,0xfe,0x9f,0xfd,0xfd,0xfd,0x4f,0x00,0x00,0x00,0x00,0x00,0x00,
    0x00,0x00,0x00,0x00,0x00,0x00,0x00,0x00,0x00,0x00,0x00,0x00,0x00,0x00,0x00,0x00,
    0x00,0x00,0x00,0x00,0x00,0x00,0x00,0x00,0x00,0x00,0x00,0x00,0x00,0x00,0x00,0x00,
    0x00,0x00,0x00,0x00,0x00,0x00,0x00,0x00,0x00,0x00,0x00,0x00,0x00,0x00,0x00,0x00,
    0x00,0x00,0x00,0x00,0x00,0x00,0x00,0x00,0x00,0x00,0x00,0x00,0x00,0x00,0x00,0x00,
    0x00,0x00,0x00,0x00,0x00,0x00,0x00,0x00,0x00,0x00,0x00,0x00,0x00,0x00,0x00,0x00,
    0x00,0x00,0x00,0x00,0x00,0x00,0x00,0x00,0x00,0x00,0x00,0x00,0x00,0x00,0x00,0x00,
    0x00,0x00,0x00,0x00,0x00,0x00,0xfc,0xfc,0xfc,0x5f,0xfe,0xfe,0xfe,0xaf,0x00,0x00,
    0x00,0x00,0x00,0x00,0x00,0x00,0x00,0x00,0x00,0x00,0x00,0x00,0x00,0x00,0x00,0x00,
    0x00,0x00,0x00,0x00,0x00,0x00,0x00,0x00,0x00,0x00,0x00,0x00,0x00,0x00,0x00,0x00,
    0x00,0x00,0x00,0x00,0x00,0x00,0x00,0x00,0x00,0x00,0x00,0x00,0x00,0x00,0x00,0x00,
    0x00,0x00,0x00,0x00,0x00,0x00,0x00,0x00,0x00,0x00,0x00,0x00,0x00,0x00,0x00,0x00,
    0x00,0x00,0x00,0x00,0x00,0x00,0x00,0x00,0x00,0x00,0x00,0x00,0x00,0x00,0x00,0x00,
    0x00,0x00,0x00,0x00,0x00,0x00,0x00,0x00,0x00,0x00,0x00,0x00,0x00,0x00,0x00,0x00,
    0x00,0x00,0x00,0x00,0x00,0x00,0x00,0x00,0x00,0x00,0x00,0x00,0x00,0x00,0x00,0x00,
    0x00,0x00,0x00,0x00,0x00,0x00,0xfd,0xfd,0xfd,0x9f,0xfe,0xfe,0xfe,0xef,0x00,0x00,
    0x00,0x00,0x00,0x00,0x00,0x00,0x00,0x00,0x00,0x00,0x00,0x00,0x00,0x00,0x00,0x00,
    0x00,0x00,0x00,0x00,0x00,0x00,0x00,0x00,0x00,0x00,0x00,0x00,0x00,0x00,0x00,0x00,
    0x00,0x00,0x00,0x00,0x00,0x00,0x00,0x00,0x00,0x00,0x00,0x00,0x00,0x00,0x00,0x00,
    0x00,0x00,0x00,0x00,0x00,0x00,0x00,0x00,0x00,0x00,0x00,0x00,0x00,0x00,0x00,0x00,
    0x00,0x00,0x00,0x00,0x00,0x00,0x00,0x00,0x00,0x00,0x00,0x00,0x00,0x00,0x00,0x00,
    0x00,0x00,0x00,0x00,0x00,0x00,0x00,0x00,0x00,0x00,0x00,0x00,0x00,0x00,0xfd,0xfd,
    0xfd,0xbf,0xff,0xff,0xff,0xff,0xff,0xff,0xff,0xff,0xff,0xff,0xff,0xff,0xff,0xff,
    0xff,0xff,0xff,0xff,0xff,0xff,0xfe,0xfe,0xfe,0xef,0xfc,0xfc,0xfc,0xdf,0xfc,0xfc,
    0xfc,0xdf,0xff,0xff,0xff,0xff,0xff,0xff,0xff,0xff,0xff,0xff,0xff,0xff,0xff,0xff,
    0xff,0xff,0xff,0xff,0xff,0xff,0xfd,0xfd,0xfd,0xbf,0x00,0x00,0x00,0x00,0x00,0x00,
    0x00,0x00,0x00,0x00,0x00,0x00,0x00,0x00,0x00,0x00,0x00,0x00,0x00,0x00,0x00,0x00,
    0x00,0x00,0x00,0x00,0x00,0x00,0x00,0x00,0x00,0x00,0x00,0x00,0x00,0x00,0x00,0x00,
    0x00,0x00,0xc1,0xc1,0xc1,0x0a,0xc3,0xc3,0xc3,0x81,0xd1,0xd1,0xd1,0xf6,0xe7,0xe7,
    0xe7,0xff,0xcb,0xd8,0xd1,0xff,0x7d,0xa5,0x8f,0xff,0x7c,0x9b,0x8a,0xff,0x7e,0x9b,
    0x8b,0xff,0x7e,0x9b,0x8b,0xff,0x7e,0x9b,0x8b,0xff,0x7a,0x97,0x87,0xff,0x70,0x81,
    0x78,0xc0,0xb7,0xb7,0xb7,0x6a,0xc3,0xc3,0xc3,0x6a,0xc3,0xc3,0xc3,0x6a,0x84,0x8e,
    0x89,0x8f,0x6c,0x86,0x78,0xff,0x7e,0x9b,0x8b,0xff,0x7e,0x9b,0x8b,0xff,0x7e,0x9b,
    0x8b,0xff,0x7e,0x9b,0x8b,0xff,0x74,0x9c,0x86,0xff,0xa7,0xc1,0xb3,0xff,0xe6,0xe8,
    0xe7,0xff,0xd8,0xd8,0xd8,0xff,0xc5,0xc5,0xc5,0xb2,0xc1,0xc1,0xc1,0x25,0x00,0x00,
    0x00,0x00,0x00,0x00,0x00,0x00,0x00,0x00,0x00,0x00,0x00,0x00,0x00,0x00,0x00,0x00,
    0x00,0x00,0x00,0x00,0x00,0x00,0x00,0x00,0x00,0x00,0x00,0x00,0x00,0x00,0xc1,0xc1,
    0xc1,0x11,0xc2,0xc2,0xc2,0x7a,0xcc,0xcc,0xcc,0xe6,0xd1,0xd8,0xd4,0xff,0x7f,0xa8,
    0x92,0xff,0x65,0x98,0x7c,0xff,0x65,0x98,0x7c,0xff,0x5f,0x90,0x75,0xff,0x35,0x5c,
    0x47,0x94,0x00,0x00,0x00,0x00,0x00,0x00,0x00,0x00,0x00,0x00,0x00,0x00,0x34,0x5b,
    0x47,0x3f,0x47,0x73,0x5b,0xff,0x65,0x98,0x7c,0xff,0x65,0x98,0x7c,0xff,0x6c,0x9c,
    0x82,0xff,0xbc,0xcd,0xc4,0xff,0xd3,0xd3,0xd3,0xfb,0xc3,0xc3,0xc3,0xa9,0xc2,0xc2,
    0xc2,0x31,0x00,0x00,0x00,0x00,0x00,0x00,0x00,0x00,0x00,0x00,0x00,0x00,0x00,0x00,
    0x00,0x00,0x00,0x00,0x00,0x00,0x00,0x00,0x00,0x00,0x00,0x00,0x00,0x00,0xc8,0xc8,
    0xc8,0xd0,0xee,0xee,0xee,0xff,0xee,0xee,0xee,0xff,0xee,0xee,0xee,0xff,0xee,0xee,
    0xee,0xff,0xeb,0xeb,0xeb,0xff,0xd5,0xd5,0xd5,0xf9,0xc3,0xc3,0xc3,0x81,0xc2,0xc2,
    0xc2,0x05,0x00,0x00,0x00,0x00,0x00,0x00,0x00,0x00,0x00,0x00,0x00,0x00,0x00,0x00,
    0x00,0x00,0x00,0x00,0x00,0x00,0x00,0x00,0x00,0x00,0x00,0x00,0x00,0x00,0x00,0x00,
    0x00,0x00,0x00,0x00,0x00,0x00,0x00,0x00,0x00,0x00,0x00,0x00,0x00,0x00,0x00,0x00,
    0x00,0x00,0x00,0x00,0x00,0x00,0xc2,0xc2,0xc2,0x61,0xcf,0xcf,0xcf,0xed,0xe8,0xe8,
    0xe8,0xff,0xee,0xee,0xee,0xff,0xee,0xee,0xee,0xff,0xee,0xee,0xee,0xff,0xee,0xee,
    0xee,0xff,0xd1,0xd1,0xd1,0xcc,0x00,0x00,0x00,0x00,0x00,0x00,0x00,0x00,0xc8,0xc8,
    0xc8,0xd7,0xd2,0xd2,0xd2,0xff,0xd2,0xd2,0xd2,0xff,0xd2,0xd2,0xd2,0xff,0xd2,0xd2,
    0xd2,0xff,0xc9,0xc9,0xc9,0xc6,0xc1,0xc1,0xc1,0x2a,0x00,0x00,0x00,0x00,0x00,0x00,
    0x00,0x00,0x00,0x00,0x00,0x00,0x00,0x00,0x00,0x00,0x00,0x00,0x00,0x00,0x00,0x00,
    0x00,0x00,0x00,0x00,0x00,0x00,0x00,0x00,0x00,0x00,0x00,0x00,0x00,0x00,0x00,0x00,
    0x00,0x00,0x00,0x00,0x00,0x00,0x00,0x00,0x00,0x00,0x00,0x00,0x00,0x00,0x00,0x00,
    0x00,0x00,0x00,0x00,0x00,0x00,0x00,0x00,0x00,0x00,0xc0,0xc0,0xc0,0x18,0xc6,0xc6,
    0xc6,0xab,0xd1,0xd1,0xd1,0xfd,0xd2,0xd2,0xd2,0xff,0xd2,0xd2,0xd2,0xff,0xd2,0xd2,
    0xd2,0xff,0xca,0xca,0xca,0xcf,0x00,0x00,0x00,0x00,0x00,0x00,0x00,0x00,0x00,0x00,
    0x00,0x00,0x00,0x00,0x00,0x00,0x00,0x00,0x00,0x00,0x00,0x00,0x00,0x00,0x00,0x00,
    0x00,0x00,0x00,0x00,0x00,0x00,0x00,0x00,0x00,0x00,0x00,0x00,0x00,0x00,0x00,0x00,
    0x00,0x00,0x00,0x00,0x00,0x00,0x00,0x00,0x00,0x00,0xfc,0xfc,0xfc,0xcf,0xff,0xff,
    0xff,0xff,0xfd,0xf2,0xd9,0xff,0xfc,0xee,0xcc,0xff,0xfc,0xee,0xcc,0xff,0xfc,0xee,
    0xcc,0xff,0xfe,0xfa,0xf2,0xff,0xff,0xff,0xff,0xff,0xfc,0xfc,0xfc,0x27,0x00,0x00,
    0x00,0x00,0x00,0x00,0x00,0x00,0x00,0x00,0x00,0x00,0x00,0x00,0x00,0x00,0x00,0x00,
    0x00,0x00,0x00,0x00,0x00,0x00,0x00,0x00,0x00,0x00,0x00,0x00,0x00,0x00,0x00,0x00,
    0x00,0x00,0x00,0x00,0x00,0x00,0x00,0x00,0x00,0x00,0x00,0x00,0x00,0x00,0x00,0x00,
    0x00,0x00,0x00,0x00,0x00,0x00,0x00,0x00,0x00,0x00,0x00,0x00,0x00,0x00,0x00,0x00,
    0x00,0x00,0x00,0x00,0x00,0x00,0x00,0x00,0x00,0x00,0x00,0x00,0x00,0x00,0x00,0x00,
    0x00,0x00,0x00,0x00,0x00,0x00,0x00,0x00,0x00,0x00,0x00,0x00,0x00,0x00,0x00,0x00,
    0x00,0x00,0x00,0x00,0x00,0x00,0xfd,0xfd,0xfd,0x9f,0xfe,0xfe,0xfe,0xef,0x00,0x00,
    0x00,0x00,0x00,0x00,0x00,0x00,0x00,0x00,0x00,0x00,0x00,0x00,0x00,0x00,0x00,0x00,
    0x00,0x00,0x00,0x00,0x00,0x00,0x00,0x00,0x00,0x00,0x00,0x00,0x00,0x00,0x00,0x00,
    0x00,0x00,0x00,0x00,0x00,0x00,0x00,0x00,0x00,0x00,0x00,0x00,0x00,0x00,0x00,0x00,
    0x00,0x00,0x00,0x00,0x00,0x00,0x00,0x00,0x00,0x00,0x00,0x00,0x00,0x00,0x00,0x00,
    0x00,0x00,0x00,0x00,0x00,0x00,0x00,0x00,0x00,0x00,0x00,0x00,0x00,0x00,0x00,0x00,
    0x00,0x00,0x00,0x00,0x00,0x00,0x00,0x00,0x00,0x00,0x00,0x00,0x00,0x00,0x00,0x00,
    0x00,0x00,0x00,0x00,0x00,0x00,0x00,0x00,0x00,0x00,0x00,0x00,0x00,0x00,0x00,0x00,
    0x00,0x00,0x00,0x00,0x00,0x00,0xfc,0xfc,0xfc,0xcf,0xff,0xff,0xff,0xff,0xee,0xee,
    0xee,0x0f,0x00,0x00,0x00,0x00,0x00,0x00,0x00,0x00,0x00,0x00,0x00,0x00,0x00,0x00,
    0x00,0x00,0x00,0x00,0x00,0x00,0x00,0x00,0x00,0x00,0x00,0x00,0x00,0x00,0x00,0x00,
    0x00,0x00,0x00,0x00,0x00,0x00,0x00,0x00,0x00,0x00,0x00,0x00,0x00,0x00,0x00,0x00,
    0x00,0x00,0x00,0x00,0x00,0x00,0x00,0x00,0x00,0x00,0x00,0x00,0x00,0x00,0x00,0x00,
    0x00,0x00,0x00,0x00,0x00,0x00,0x00,0x00,0x00,0x00,0x00,0x00,0x00,0x00,0x00,0x00,
    0x00,0x00,0x00,0x00,0x00,0x00,0x00,0x00,0x00,0x00,0x00,0x00,0x00,0x00,0xfd,0xfd,
    0xfd,0xbf,0xff,0xff,0xff,0xff,0xff,0xff,0xff,0xff,0xff,0xff,0xff,0xff,0xff,0xff,
    0xff,0xff,0xff,0xff,0xff,0xff,0xfe,0xfe,0xfe,0xef,0xfc,0xfc,0xfc,0xdf,0xfc,0xfc,
    0xfc,0xdf,0xff,0xff,0xff,0xff,0xff,0xff,0xff,0xff,0xff,0xff,0xff,0xff,0xff,0xff,
    0xff,0xff,0xff,0xff,0xff,0xff,0xfd,0xfd,0xfd,0xbf,0x00,0x00,0x00,0x00,0x00,0x00,
    0x00,0x00,0x00,0x00,0x00,0x00,0x00,0x00,0x00,0x00,0x00,0x00,0x00,0x00,0x00,0x00,
    0x00,0x00,0x00,0x00,0x00,0x00,0x00,0x00,0x00,0x00,0x00,0x00,0x00,0x00,0xc3,0xc3,
    0xc3,0x4f,0xcb,0xcb,0xcb,0xe2,0xe2,0xe2,0xe2,0xff,0xeb,0xec,0xeb,0xff,0x9b,0xb9,
    0xa8,0xff,0x65,0x98,0x7c,0xff,0x77,0x9a,0x87,0xff,0xbb,0xbb,0xbb,0xff,0xcc,0xcc,
    0xcc,0xff,0xcc,0xcc,0xcc,0xff,0xcc,0xcc,0xcc,0xff,0xcc,0xcc,0xcc,0xff,0xcc,0xcc,
    0xcc,0xff,0xdb,0xdb,0xdb,0xff,0xe3,0xe3,0xe3,0xff,0xe3,0xe3,0xe3,0xff,0xcc,0xcc,
    0xcc,0xff,0xcc,0xcc,0xcc,0xff,0xcc,0xcc,0xcc,0xff,0xcc,0xcc,0xcc,0xff,0xcc,0xcc,
    0xcc,0xff,0xc9,0xc9,0xc9,0xff,0x8c,0x9e,0x94,0xff,0x65,0x98,0x7c,0xff,0x7c,0xa6,
    0x8f,0xff,0xdb,0xe2,0xde,0xff,0xe8,0xe8,0xe8,0xff,0xd2,0xd2,0xd2,0xf7,0xc3,0xc3,
    0xc3,0x76,0x00,0x00,0x00,0x00,0x00,0x00,0x00,0x00,0x00,0x00,0x00,0x00,0x00,0x00,
    0x00,0x00,0x00,0x00,0x00,0x00,0xbd,0xbd,0xbd,0x03,0xc2,0xc2,0xc2,0x6a,0xcd,0xcd,
    0xcd,0xeb,0xe1,0xe1,0xe1,0xff,0xc9,0xd6,0xcf,0xff,0x6e,0x9d,0x83,0xff,0x65,0x98,
    0x7c,0xff,0x65,0x98,0x7c,0xff,0x65,0x98,0x7c,0xff,0x5f,0x90,0x75,0xff,0x35,0x5c,
    0x47,0x94,0x00,0x00,0x00,0x00,0x00,0x00,0x00,0x00,0x00,0x00,0x00,0x00,0x34,0x5b,
    0x47,0x3f,0x47,0x73,0x5b,0xff,0x65,0x98,0x7c,0xff,0x65,0x98,0x7c,0xff,0x65,0x98,
    0x7c,0xff,0x65,0x98,0x7c,0xff,0xa6,0xc1,0xb2,0xff,0xe7,0xe8,0xe7,0xff,0xd5,0xd5,
    0xd5,0xfd,0xc4,0xc4,0xc4,0x99,0xc1,0xc1,0xc1,0x16,0x00,0x00,0x00,0x00,0x00,0x00,
    0x00,0x00,0x00,0x00,0x00,0x00,0x00,0x00,0x00,0x00,0x00,0x00,0x00,0x00,0xc3,0xc3,
    0xc3,0x88,0xe6,0xe6,0xe6,0xff,0xee,0xee,0xee,0xff,0xee,0xee,0xee,0xff,0xee,0xee,
    0xee,0xff,0xee,0xee,0xee,0xff,0xee,0xee,0xee,0xff,0xe3,0xe3,0xe3,0xff,0xc8,0xc8,
    0xc8,0xbb,0xc1,0xc1,0xc1,0x15,0x00,0x00,0x00,0x00,0x00,0x00,0x00,0x00,0x00,0x00,
    0x00,0x00,0x00,0x00,0x00,0x00,0x00,0x00,0x00,0x00,0x00,0x00,0x00,0x00,0x00,0x00,
    0x00,0x00,0x00,0x00,0x00,0x00,0x00,0x00,0x00,0x00,0x00,0x00,0x00,0x00,0xc2,0xc2,
    0xc2,0x07,0xc6,0xc6,0xc6,0x9c,0xdc,0xdc,0xdc,0xff,0xed,0xed,0xed,0xff,0xee,0xee,
    0xee,0xff,0xee,0xee,0xee,0xff,0xee,0xee,0xee,0xff,0xee,0xee,0xee,0xff,0xed,0xed,
    0xed,0xff,0xc7,0xc7,0xc7,0x95,0x00,0x00,0x00,0x00,0x00,0x00,0x00,0x00,0xc7,0xc7,
    0xc7,0xc4,0xed,0xed,0xed,0xff,0xee,0xee,0xee,0xff,0xee,0xee,0xee,0xff,0xee,0xee,
    0xee,0xff,0xec,0xec,0xec,0xff,0xdb,0xdb,0xdb,0xfb,0xc9,0xc9,0xc9,0xa0,0xc2,0xc2,
    0xc2,0x1d,0x00,0x00,0x00,0x00,0x00,0x00,0x00,0x00,0x00,0x00,0x00,0x00,0x00,0x00,
    0x00,0x00,0x00,0x00,0x00,0x00,0x00,0x00,0x00,0x00,0x00,0x00,0x00,0x00,0x00,0x00,
    0x00,0x00,0x00,0x00,0x00,0x00,0x00,0x00,0x00,0x00,0x00,0x00,0x00,0x00,0x00,0x00,
    0x00,0x00,0xc0,0xc0,0xc0,0x0f,0xc6,0xc6,0xc6,0x88,0xd6,0xd6,0xd6,0xf1,0xe9,0xe9,
    0xe9,0xff,0xee,0xee,0xee,0xff,0xee,0xee,0xee,0xff,0xee,0xee,0xee,0xff,0xee,0xee,
    0xee,0xff,0xd0,0xd0,0xd0,0xc3,0x00,0x00,0x00,0x00,0x00,0x00,0x00,0x00,0x00,0x00,
    0x00,0x00,0x00,0x00,0x00,0x00,0x00,0x00,0x00,0x00,0x00,0x00,0x00,0x00,0x00,0x00,
    0x00,0x00,0x00,0x00,0x00,0x00,0x00,0x00,0x00,0x00,0x00,0x00,0x00,0x00,0x00,0x00,
    0x00,0x00,0x00,0x00,0x00,0x00,0xfd,0xfd,0xfd,0x7f,0xff,0xff,0xff,0xff,0xfd,0xf6,
    0xe5,0xff,0xf5,0xbf,0x42,0xff,0xf5,0xbb,0x36,0xff,0xf5,0xbb,0x36,0xff,0xf5,0xbb,
    0x36,0xff,0xf9,0xd8,0x8d,0xff,0xff,0xff,0xff,0xff,0xfd,0xfd,0xfd,0x7f,0x00,0x00,
    0x00,0x00,0x00,0x00,0x00,0x00,0x00,0x00,0x00,0x00,0x00,0x00,0x00,0x00,0x00,0x00,
    0x00,0x00,0x00,0x00,0x00,0x00,0x00,0x00,0x00,0x00,0x00,0x00,0x00,0x00,0x00,0x00,
    0x00,0x00,0x00,0x00,0x00,0x00,0x00,0x00,0x00,0x00,0x00,0x00,0x00,0x00,0x00,0x00,
    0x00,0x00,0x00,0x00,0x00,0x00,0x00,0x00,0x00,0x00,0x00,0x00,0x00,0x00,0x00,0x00,
    0x00,0x00,0x00,0x00,0x00,0x00,0x00,0x00,0x00,0x00,0x00,0x00,0x00,0x00,0x00,0x00,
    0x00,0x00,0x00,0x00,0x00,0x00,0x00,0x00,0x00,0x00,0x00,0x00,0x00,0x00,0x00,0x00,
    0x00,0x00,0x00,0x00,0x00,0x00,0xfc,0xfc,0xfc,0xcf,0xff,0xff,0xff,0xff,0xee,0xee,
    0xee,0x0f,0x00,0x00,0x00,0x00,0x00,0x00,0x00,0x00,0x00,0x00,0x00,0x00,0x00,0x00,
    0x00,0x00,0x00,0x00,0x00,0x00,0x00,0x00,0x00,0x00,0x00,0x00,0x00,0x00,0x00,0x00,
    0x00,0x00,0x00,0x00,0x00,0x00,0x00,0x00,0x00,0x00,0x00,0x00,0x00,0x00,0x00,0x00,
    0x00,0x00,0x00,0x00,0x00,0x00,0x00,0x00,0x00,0x00,0x00,0x00,0x00,0x00,0x00,0x00,
    0x00,0x00,0x00,0x00,0x00,0x00,0x00,0x00,0x00,0x00,0x00,0x00,0x00,0x00,0x00,0x00,
    0x00,0x00,0x00,0x00,0x00,0x00,0x00,0x00,0x00,0x00,0x00,0x00,0x00,0x00,0x00,0x00,
    0x00,0x00,0x00,0x00,0x00,0x00,0x00,0x00,0x00,0x00,0x00,0x00,0x00,0x00,0x00,0x00,
    0x00,0x00,0x00,0x00,0x00,0x00,0xff,0xff,0xff,0xff,0xff,0xff,0xff,0xff,0xfb,0xfb,
    0xfb,0x3f,0x00,0x00,0x00,0x00,0x00,0x00,0x00,0x00,0x00,0x00,0x00,0x00,0x00,0x00,
    0x00,0x00,0x00,0x00,0x00,0x00,0x00,0x00,0x00,0x00,0x00,0x00,0x00,0x00,0x00,0x00,
    0x00,0x00,0x00,0x00,0x00,0x00,0x00,0x00,0x00,0x00,0x00,0x00,0x00,0x00,0x00,0x00,
    0x00,0x00,0x00,0x00,0x00,0x00,0x00,0x00,0x00,0x00,0x00,0x00,0x00,0x00,0x00,0x00,
    0x00,0x00,0x00,0x00,0x00,0x00,0x00,0x00,0x00,0x00,0x00,0x00,0x00,0x00,0x00,0x00,
    0x00,0x00,0x00,0x00,0x00,0x00,0x00,0x00,0x00,0x00,0x00,0x00,0x00,0x00,0xfd,0xfd,
    0xfd,0xbf,0xff,0xff,0xff,0xff,0xff,0xff,0xff,0xff,0xff,0xff,0xff,0xff,0xff,0xff,
    0xff,0xff,0xff,0xff,0xff,0xff,0xff,0xff,0xff,0xff,0xff,0xff,0xff,0xff,0xff,0xff,
    0xff,0xff,0xff,0xff,0xff,0xff,0xff,0xff,0xff,0xff,0xff,0xff,0xff,0xff,0xff,0xff,
    0xff,0xff,0xff,0xff,0xff,0xff,0xfc,0xfc,0xfc,0xcf,0x00,0x00,0x00,0x00,0x00,0x00,
    0x00,0x00,0x00,0x00,0x00,0x00,0x00,0x00,0x00,0x00,0x00,0x00,0x00,0x00,0x00,0x00,
    0x00,0x00,0x00,0x00,0x00,0x00,0x00,0x00,0x00,0x00,0x00,0x00,0x00,0x00,0xc3,0xc3,
    0xc3,0xbf,0xe7,0xe7,0xe7,0xff,0xec,0xed,0xec,0xff,0x91,0xb3,0xa0,0xff,0x65,0x98,
    0x7c,0xff,0x65,0x98,0x7c,0xff,0x67,0x98,0x7d,0xff,0xb2,0xb3,0xb2,0xff,0xdb,0xdb,
    0xdb,0xff,0xdb,0xdb,0xdb,0xff,0xdb,0xdb,0xdb,0xff,0xdb,0xdb,0xdb,0xff,0xdb,0xdb,
    0xdb,0xff,0xe7,0xe7,0xe7,0xff,0xee,0xee,0xee,0xff,0xee,0xee,0xee,0xff,0xdb,0xdb,
    0xdb,0xff,0xdb,0xdb,0xdb,0xff,0xdb,0xdb,0xdb,0xff,0xdb,0xdb,0xdb,0xff,0xdb,0xdb,
    0xdb,0xff,0xc6,0xc6,0xc6,0xff,0x7a,0x9b,0x89,0xff,0x65,0x98,0x7c,0xff,0x65,0x98,
    0x7c,0xff,0x71,0xa0,0x86,0xff,0xde,0xe4,0xe0,0xff,0xee,0xee,0xee,0xff,0xcc,0xcc,
    0xcc,0xd4,0x00,0x00,0x00,0x00,0x00,0x00,0x00,0x00,0x00,0x00,0x00,0x00,0x00,0x00,
    0x00,0x00,0xc2,0xc2,0xc2,0x43,0xc8,0xc8,0xc8,0xd2,0xde,0xde,0xde,0xff,0xe4,0xe7,
    0xe5,0xff,0x9d,0xbb,0xab,0xff,0x73,0x9a,0x85,0xff,0x94,0xa1,0x9a,0xff,0x96,0xa3,
    0x9c,0xff,0x96,0xa3,0x9c,0xff,0x96,0xa3,0x9c,0xff,0x95,0xa1,0x9a,0xff,0x94,0x9a,
    0x97,0xe4,0xbd,0xbd,0xbd,0xbf,0xc8,0xc8,0xc8,0xbf,0xc8,0xc8,0xc8,0xbf,0x9e,0xa1,
    0x9f,0xcf,0x8f,0x9a,0x94,0xff,0x96,0xa3,0x9c,0xff,0x96,0xa3,0x9c,0xff,0x96,0xa3,
    0x9c,0xff,0x96,0xa3,0x9c,0xff,0x7f,0x9c,0x8c,0xff,0x7b,0xa6,0x8e,0xff,0xcf,0xda,
    0xd4,0xff,0xe6,0xe6,0xe6,0xff,0xcf,0xcf,0xcf,0xf0,0xc2,0xc2,0xc2,0x72,0xc2,0xc2,
    0xc2,0x07,0x00,0x00,0x00,0x00,0x00,0x00,0x00,0x00,0x00,0x00,0x00,0x00,0xc2,0xc2,
    0xc2,0x3f,0xda,0xda,0xda,0xff,0xee,0xee,0xee,0xff,0xee,0xee,0xee,0xff,0xee,0xee,
    0xee,0xff,0xe7,0xe6,0xe7,0xff,0x8d,0x7f,0x86,0xff,0xb5,0xac,0xb1,0xff,0xe4,0xe3,
    0xe4,0xff,0xcc,0xcc,0xcc,0xeb,0xc2,0xc2,0xc2,0x5b,0x00,0x00,0x00,0x00,0x00,0x00,
    0x00,0x00,0x00,0x00,0x00,0x00,0x00,0x00,0x00,0x00,0x00,0x00,0x00,0x00,0x00,0x00,
    0x00,0x00,0x00,0x00,0x00,0x00,0x00,0x00,0x00,0x00,0xc2,0xc2,0xc2,0x34,0xc9,0xc9,
    0xc9,0xd4,0xe4,0xe4,0xe4,0xff,0xc4,0xbe,0xc1,0xff,0x8b,0x7c,0x83,0xff,0xd6,0xd3,
    0xd4,0xff,0xee,0xee,0xee,0xff,0xee,0xee,0xee,0xff,0xee,0xee,0xee,0xff,0xe4,0xe4,
    0xe4,0xff,0xc2,0xc2,0xc2,0x5c,0x00,0x00,0x00,0x00,0x00,0x00,0x00,0x00,0xc3,0xc3,
    0xc3,0x71,0xe2,0xe2,0xe2,0xff,0xee,0xee,0xee,0xff,0xee,0xee,0xee,0xff,0xee,0xee,
    0xee,0xff,0xee,0xee,0xee,0xff,0xdf,0xdd,0xde,0xff,0xeb,0xeb,0xeb,0xff,0xd1,0xd1,
    0xd1,0xed,0xc2,0xc2,0xc2,0x56,0x00,0x00,0x00,0x00,0x00,0x00,0x00,0x00,0x00,0x00,
    0x00,0x00,0x00,0x00,0x00,0x00,0x00,0x00,0x00,0x00,0x00,0x00,0x00,0x00,0x00,0x00,
    0x00,0x00,0x00,0x00,0x00,0x00,0x00,0x00,0x00,0x00,0x00,0x00,0x00,0x00,0xc2,0xc2,
    0xc2,0x34,0xcd,0xcd,0xcd,0xdc,0xe8,0xe8,0xe8,0xff,0xdf,0xdd,0xde,0xff,0xee,0xee,
    0xee,0xff,0xee,0xee,0xee,0xff,0xee,0xee,0xee,0xff,0xee,0xee,0xee,0xff,0xeb,0xeb,
    0xeb,0xff,0xc4,0xc4,0xc4,0x83,0x00,0x00,0x00,0x00,0x00,0x00,0x00,0x00,0x00,0x00,
    0x00,0x00,0xf7,0xf7,0xf7,0x1f,0xfd,0xfd,0xfd,0x6f,0xfd,0xfd,0xfd,0x7f,0xee,0xee,
    0xee,0x0f,0xf9,0xf9,0xf9,0x2f,0xfc,0xfc,0xfc,0x4f,0xfd,0xfd,0xfd,0x7f,0xfe,0xfe,
    0xfe,0xaf,0xfd,0xfd,0xfd,0xe7,0xff,0xff,0xff,0xff,0xff,0xff,0xff,0xff,0xf7,0xcc,
    0x68,0xff,0xf5,0xbb,0x36,0xff,0xf5,0xbb,0x36,0xff,0xf5,0xbb,0x36,0xff,0xf5,0xbb,
    0x36,0xff,0xf5,0xbb,0x36,0xff,0xfc,0xee,0xcc,0xff,0xff,0xff,0xff,0xff,0xfe,0xfe,
    0xfe,0xef,0xfd,0xfd,0xfd,0xbf,0xfd,0xfd,0xfd,0x9f,0xfd,0xfd,0xfd,0x7f,0xfb,0xfb,
    0xfb,0x3f,0xf7,0xf7,0xf7,0x1f,0xf9,0xf9,0xf9,0x2f,0xfd,0xfd,0xfd,0x7f,0xfc,0xfc,
    0xfc,0x5f,0x00,0x00,0x00,0x00,0x00,0x00,0x00,0x00,0x00,0x00,0x00,0x00,0x00,0x00,
    0x00,0x00,0x00,0x00,0x00,0x00,0x00,0x00,0x00,0x00,0x00,0x00,0x00,0x00,0x00,0x00,
    0x00,0x00,0x00,0x00,0x00,0x00,0x00,0x00,0x00,0x00,0x00,0x00,0x00,0x00,0x00,0x00,
    0x00,0x00,0x00,0x00,0x00,0x00,0x00,0x00,0x00,0x00,0x00,0x00,0x00,0x00,0x00,0x00,
    0x00,0x00,0x00,0x00,0x00,0x00,0xff,0xff,0xff,0xff,0xff,0xff,0xff,0xff,0xfb,0xfb,
    0xfb,0x3f,0x00,0x00,0x00,0x00,0x00,0x00,0x00,0x00,0x00,0x00,0x00,0x00,0x00,0x00,
    0x00,0x00,0x00,0x00,0x00,0x00,0x00,0x00,0x00,0x00,0x00,0x00,0x00,0x00,0x00,0x00,
    0x00,0x00,0x00,0x00,0x00,0x00,0x00,0x00,0x00,0x00,0x00,0x00,0x00,0x00,0x00,0x00,
    0x00,0x00,0x00,0x00,0x00,0x00,0x00,0x00,0x00,0x00,0x00,0x00,0x00,0x00,0x00,0x00,
    0x00,0x00,0x00,0x00,0x00,0x00,0x00,0x00,0x00,0x00,0x00,0x00,0x00,0x00,0x00,0x00,
    0x00,0x00,0x00,0x00,0x00,0x00,0x00,0x00,0x00,0x00,0x00,0x00,0x00,0x00,0x00,0x00,
    0x00,0x00,0x00,0x00,0x00,0x00,0x00,0x00,0x00,0x00,0x00,0x00,0x00,0x00,0x00,0x00,
    0x00,0x00,0xf7,0xf7,0xf7,0x1f,0xff,0xff,0xff,0xff,0xff,0xff,0xff,0xff,0xfc,0xfc,
    0xfc,0x5f,0x00,0x00,0x00,0x00,0x00,0x00,0x00,0x00,0x00,0x00,0x00,0x00,0x00,0x00,
    0x00,0x00,0x00,0x00,0x00,0x00,0x00,0x00,0x00,0x00,0x00,0x00,0x00,0x00,0x00,0x00,
    0x00,0x00,0x00,0x00,0x00,0x00,0x00,0x00,0x00,0x00,0x00,0x00,0x00,0x00,0x00,0x00,
    0x00,0x00,0x00,0x00,0x00,0x00,0x00,0x00,0x00,0x00,0x00,0x00,0x00,0x00,0x00,0x00,
    0x00,0x00,0x00,0x00,0x00,0x00,0x00,0x00,0x00,0x00,0x00,0x00,0x00,0x00,0x00,0x00,
    0x00,0x00,0x00,0x00,0x00,0x00,0x00,0x00,0x00,0x00,0x00,0x00,0x00,0x00,0xfe,0xfe,
    0xfe,0xef,0xff,0xff,0xff,0xff,0xff,0xff,0xff,0xff,0xff,0xff,0xff,0xff,0xff,0xff,
    0xff,0xff,0xff,0xff,0xff,0xff,0xff,0xff,0xff,0xff,0xff,0xff,0xff,0xff,0xff,0xff,
    0xff,0xff,0xff,0xff,0xff,0xff,0xff,0xff,0xff,0xff,0xff,0xff,0xff,0xff,0xff,0xff,
    0xff,0xff,0xff,0xff,0xff,0xff,0xff,0xff,0xff,0xff,0x00,0x00,0x00,0x00,0x00,0x00,
    0x00,0x00,0x00,0x00,0x00,0x00,0x00,0x00,0x00,0x00,0x00,0x00,0x00,0x00,0x00,0x00,
    0x00,0x00,0x00,0x00,0x00,0x00,0x00,0x00,0x00,0x00,0x00,0x00,0x00,0x00,0xc3,0xc3,
    0xc3,0xbf,0xe7,0xe7,0xe7,0xff,0xaa,0xc3,0xb5,0xff,0x65,0x98,0x7c,0xff,0x65,0x98,
    0x7c,0xff,0x65,0x98,0x7c,0xff,0x65,0x98,0x7c,0xff,0x8f,0xa0,0x96,0xff,0xcf,0xcf,
    0xcf,0xff,0xd1,0xd1,0xd1,0xff,0xd2,0xd2,0xd2,0xff,0xdb,0xdb,0xdb,0xff,0xdb,0xdb,
    0xdb,0xff,0xe7,0xe7,0xe7,0xff,0xee,0xee,0xee,0xff,0xee,0xee,0xee,0xff,0xdb,0xdb,
    0xdb,0xff,0xdb,0xdb,0xdb,0xff,0xd5,0xd5,0xd5,0xff,0xd1,0xd1,0xd1,0xff,0xd1,0xd1,
    0xd1,0xff,0xae,0xb1,0xaf,0xff,0x67,0x98,0x7d,0xff,0x65,0x98,0x7c,0xff,0x65,0x98,
    0x7c,0xff,0x65,0x98,0x7c,0xff,0x7c,0xa6,0x8f,0xff,0xee,0xee,0xee,0xff,0xcc,0xcc,
    0xcc,0xd4,0x00,0x00,0x00,0x00,0x00,0x00,0x00,0x00,0x00,0x00,0x00,0x00,0xc3,0xc3,
    0xc3,0x9b,0xda,0xda,0xda,0xff,0xeb,0xec,0xec,0xff,0xbd,0xcf,0xc5,0xff,0x72,0xa0,
    0x87,0xff,0x65,0x98,0x7c,0xff,0x6e,0x99,0x81,0xff,0xbb,0xbb,0xbb,0xff,0xdb,0xdb,
    0xdb,0xff,0xdb,0xdb,0xdb,0xff,0xdb,0xdb,0xdb,0xff,0xdb,0xdb,0xdb,0xff,0xdb,0xdb,
    0xdb,0xff,0xe7,0xe7,0xe7,0xff,0xee,0xee,0xee,0xff,0xee,0xee,0xee,0xff,0xdb,0xdb,
    0xdb,0xff,0xdb,0xdb,0xdb,0xff,0xdb,0xdb,0xdb,0xff,0xdb,0xdb,0xdb,0xff,0xdb,0xdb,
    0xdb,0xff,0xce,0xce,0xce,0xff,0x81,0x9c,0x8d,0xff,0x65,0x98,0x7c,0xff,0x67,0x99,
    0x7d,0xff,0xa2,0xbe,0xae,0xff,0xe6,0xe9,0xe7,0xff,0xe3,0xe3,0xe3,0xff,0xc8,0xc8,
    0xc8,0xbd,0x00,0x00,0x00,0x00,0x00,0x00,0x00,0x00,0x00,0x00,0x00,0x00,0xbe,0xbe,
    0xbe,0x03,0xcc,0xcc,0xcc,0xe5,0xee,0xee,0xee,0xff,0xee,0xee,0xee,0xff,0xec,0xec,
    0xec,0xff,0x95,0x87,0x8e,0xff,0x6d,0x59,0x63,0xff,0x6d,0x59,0x63,0xff,0x7c,0x6a,
    0x73,0xff,0xaf,0xa6,0xaa,0xff,0xc6,0xc3,0xc5,0xff,0xc2,0xc2,0xc2,0x42,0x9e,0x9e,
    0x9e,0x23,0xb6,0xb6,0xb6,0x5b,0xc7,0xc7,0xc7,0x92,0xc8,0xc8,0xc8,0x99,0xbc,0xbc,
    0xbc,0x64,0x9f,0x9f,0x9f,0x2b,0xbf,0xbf,0xbf,0x1a,0xc8,0xc7,0xc7,0xf8,0xb9,0xb1,
    0xb5,0xff,0x85,0x75,0x7d,0xff,0x6d,0x59,0x63,0xff,0x6d,0x59,0x63,0xff,0x7f,0x6d,
    0x76,0xff,0xe4,0xe3,0xe4,0xff,0xee,0xee,0xee,0xff,0xee,0xee,0xee,0xff,0xd6,0xd6,
    0xd6,0xff,0xc1,0xc1,0xc1,0x1d,0x00,0x00,0x00,0x00,0x00,0x00,0x00,0x00,0xc0,0xc0,
    0xc0,0x1d,0xd4,0xd4,0xd4,0xfc,0xee,0xee,0xee,0xff,0xee,0xee,0xee,0xff,0xee,0xee,
    0xee,0xff,0xca,0xc5,0xc8,0xff,0x70,0x5c,0x66,0xff,0x83,0x72,0x7a,0xff,0xb9,0xb1,
    0xb5,0xff,0xda,0xda,0xda,0xff,0xcb,0xcb,0xcb,0xc4,0xc1,0xc1,0xc1,0x17,0x00,0x00,
    0x00,0x00,0x00,0x00,0x00,0x00,0xc2,0xc2,0xc2,0x12,0xc1,0xc1,0xc1,0x1a,0x00,0x00,
    0x00,0x00,0x00,0x00,0x00,0x00,0xbe,0xbe,0xbe,0x03,0xc8,0xc8,0xc8,0xa0,0xda,0xd9,
    0xda,0xfc,0xc4,0xbd,0xc1,0xff,0x8e,0x7f,0x87,0xff,0x6e,0x5a,0x64,0xff,0xae,0xa4,
    0xa9,0xff,0xee,0xee,0xee,0xff,0xee,0xee,0xee,0xff,0xee,0xee,0xee,0xff,0xdf,0xdf,
    0xdf,0xff,0xc2,0xc2,0xc2,0x41,0x00,0x00,0x00,0x00,0x00,0x00,0x00,0x00,0x00,0x00,
    0x00,0x00,0xfc,0xfc,0xfc,0xdf,0xff,0xff,0xff,0xff,0xff,0xff,0xff,0xff,0xfe,0xfe,
    0xfe,0xef,0xff,0xff,0xff,0xff,0xff,0xff,0xff,0xff,0xff,0xff,0xff,0xff,0xff,0xff,
    0xff,0xff,0xff,0xff,0xff,0xff,0xf5,0xf2,0xed,0xff,0xf6,0xdf,0xaa,0xff,0xf5,0xbb,
    0x36,0xff,0xf5,0xbb,0x36,0xff,0xf5,0xbb,0x36,0xff,0xf5,0xbb,0x36,0xff,0xf5,0xbb,
    0x36,0xff,0xf5,0xbb,0x36,0xff,0xf6,0xc3,0x4f,0xff,0xf7,0xf5,0xf1,0xff,0xff,0xff,
    0xff,0xff,0xff,0xff,0xff,0xff,0xff,0xff,0xff,0xff,0xff,0xff,0xff,0xff,0xff,0xff,
    0xff,0xff,0xff,0xff,0xff,0xff,0xff,0xff,0xff,0xff,0xff,0xff,0xff,0xff,0xff,0xff,
    0xff,0xff,0xfc,0xfc,0xfc,0x2f,0x00,0x00,0x00,0x00,0x00,0x00,0x00,0x00,0x00,0x00,
    0x00,0x00,0x00,0x00,0x00,0x00,0x00,0x00,0x00,0x00,0x00,0x00,0x00,0x00,0x00,0x00,
    0x00,0x00,0x00,0x00,0x00,0x00,0x00,0x00,0x00,0x00,0x00,0x00,0x00,0x00,0x00,0x00,
    0x00,0x00,0x00,0x00,0x00,0x00,0x00,0x00,0x00,0x00,0x00,0x00,0x00,0x00,0x00,0x00,
    0x00,0x00,0x00,0x00,0x00,0x00,0xff,0xff,0xff,0xff,0xff,0xff,0xff,0xff,0xfb,0xfb,
    0xfb,0x3f,0x00,0x00,0x00,0x00,0x00,0x00,0x00,0x00,0x00,0x00,0x00,0x00,0x00,0x00,
    0x00,0x00,0x00,0x00,0x00,0x00,0x00,0x00,0x00,0x00,0x00,0x00,0x00,0x00,0x00,0x00,
    0x00,0x00,0x00,0x00,0x00,0x00,0x00,0x00,0x00,0x00,0x00,0x00,0x00,0x00,0x00,0x00,
    0x00,0x00,0x00,0x00,0x00,0x00,0x00,0x00,0x00,0x00,0x00,0x00,0x00,0x00,0x00,0x00,
    0x00,0x00,0x00,0x00,0x00,0x00,0x00,0x00,0x00,0x00,0x00,0x00,0x00,0x00,0x00,0x00,
    0x00,0x00,0x00,0x00,0x00,0x00,0x00,0x00,0x00,0x00,0x00,0x00,0x00,0x00,0x00,0x00,
    0x00,0x00,0x00,0x00,0x00,0x00,0x00,0x00,0x00,0x00,0x00,0x00,0x00,0x00,0x00,0x00,
    0x00,0x00,0xfb,0xfb,0xfb,0x3f,0xff,0xff,0xff,0xff,0xff,0xff,0xff,0xff,0xfd,0xfd,
    0xfd,0x7f,0x00,0x00,0x00,0x00,0x00,0x00,0x00,0x00,0x00,0x00,0x00,0x00,0x00,0x00,
    0x00,0x00,0x00,0x00,0x00,0x00,0x00,0x00,0x00,0x00,0x00,0x00,0x00,0x00,0x00,0x00,
    0x00,0x00,0x00,0x00,0x00,0x00,0x00,0x00,0x00,0x00,0x00,0x00,0x00,0x00,0x00,0x00,
    0x00,0x00,0x00,0x00,0x00,0x00,0x00,0x00,0x00,0x00,0x00,0x00,0x00,0x00,0x00,0x00,
    0x00,0x00,0x00,0x00,0x00,0x00,0x00,0x00,0x00,0x00,0x00,0x00,0x00,0x00,0x00,0x00,
    0x00,0x00,0xf7,0xf7,0xf7,0x1f,0xf7,0xf7,0xf7,0x1f,0xfd,0xfd,0xfd,0x6f,0xff,0xff,
    0xff,0xff,0xff,0xff,0xff,0xff,0xff,0xff,0xff,0xff,0xff,0xff,0xff,0xff,0xff,0xff,
    0xff,0xff,0xff,0xff,0xff,0xff,0xff,0xff,0xff,0xff,0xff,0xff,0xff,0xff,0xff,0xff,
    0xff,0xff,0xff,0xff,0xff,0xff,0xff,0xff,0xff,0xff,0xff,0xff,0xff,0xff,0xff,0xff,
    0xff,0xff,0xff,0xff,0xff,0xff,0xff,0xff,0xff,0xff,0xfd,0xfd,0xfd,0x6f,0xf7,0xf7,
    0xf7,0x1f,0x00,0x00,0x00,0x00,0x00,0x00,0x00,0x00,0x00,0x00,0x00,0x00,0x00,0x00,
    0x00,0x00,0x00,0x00,0x00,0x00,0x00,0x00,0x00,0x00,0x00,0x00,0x00,0x00,0xc3,0xc3,
    0xc3,0xbf,0xe7,0xe7,0xe7,0xff,0x9e,0xbb,0xab,0xff,0x65,0x98,0x7c,0xff,0x53,0x84,
    0x69,0xff,0x50,0x82,0x66,0xff,0x50,0x82,0x66,0xff,0x63,0x8f,0x77,0xff,0x83,0x9c,
    0x8e,0xff,0x83,0x9c,0x8e,0xff,0x9e,0xa4,0xa1,0xff,0xdb,0xdb,0xdb,0xff,0xdb,0xdb,
    0xdb,0xff,0xe7,0xe7,0xe7,0xff,0xee,0xee,0xee,0xff,0xee,0xee,0xee,0xff,0xdb,0xdb,
    0xdb,0xff,0xdb,0xdb,0xdb,0xff,0xb9,0xb9,0xb9,0xff,0x85,0x9c,0x8f,0xff,0x83,0x9c,
    0x8e,0xff,0x73,0x97,0x83,0xff,0x51,0x82,0x67,0xff,0x50,0x82,0x66,0xff,0x51,0x82,
    0x67,0xff,0x60,0x93,0x77,0xff,0x70,0x9f,0x85,0xff,0xee,0xee,0xee,0xff,0xcc,0xcc,
    0xcc,0xd4,0x00,0x00,0x00,0x00,0x00,0x00,0x00,0x00,0x00,0x00,0x00,0x00,0xc3,0xc3,
    0xc3,0xbf,0xe7,0xe7,0xe7,0xff,0xaa,0xc3,0xb5,0xff,0x65,0x98,0x7c,0xff,0x65,0x98,
    0x7c,0xff,0x65,0x98,0x7c,0xff,0x65,0x98,0x7c,0xff,0x8f,0xa0,0x96,0xff,0xcf,0xcf,
    0xcf,0xff,0xd1,0xd1,0xd1,0xff,0xd2,0xd2,0xd2,0xff,0xdb,0xdb,0xdb,0xff,0xdb,0xdb,
    0xdb,0xff,0xe7,0xe7,0xe7,0xff,0xee,0xee,0xee,0xff,0xee,0xee,0xee,0xff,0xdb,0xdb,
    0xdb,0xff,0xdb,0xdb,0xdb,0xff,0xd5,0xd5,0xd5,0xff,0xd1,0xd1,0xd1,0xff,0xd1,0xd1,
    0xd1,0xff,0xae,0xb1,0xaf,0xff,0x67,0x98,0x7d,0xff,0x65,0x98,0x7c,0xff,0x65,0x98,
    0x7c,0xff,0x65,0x98,0x7c,0xff,0x7c,0xa6,0x8f,0xff,0xee,0xee,0xee,0xff,0xcc,0xcc,
    0xcc,0xd4,0x00,0x00,0x00,0x00,0x00,0x00,0x00,0x00,0x00,0x00,0x00,0x00,0x00,0x00,
    0x00,0x00,0xc3,0xc3,0xc3,0x94,0xe8,0xe8,0xe8,0xff,0xee,0xee,0xee,0xff,0xbc,0xb5,
    0xb9,0xff,0x6d,0x59,0x63,0xff,0x6d,0x59,0x63,0xff,0x6d,0x59,0x63,0xff,0x6e,0x5a,
    0x64,0xff,0x80,0x74,0x7a,0xff,0x92,0x8c,0x8f,0xff,0xac,0xac,0xac,0xf7,0xbe,0xbe,
    0xbe,0xff,0xdc,0xdc,0xdc,0xff,0xed,0xed,0xed,0xff,0xee,0xee,0xee,0xff,0xe1,0xe1,
    0xe1,0xff,0xc1,0xc1,0xc1,0xff,0xb0,0xb0,0xb0,0xf7,0x98,0x94,0x96,0xff,0x83,0x78,
    0x7d,0xff,0x70,0x5d,0x67,0xff,0x6d,0x59,0x63,0xff,0x6d,0x59,0x63,0xff,0x6d,0x59,
    0x63,0xff,0xa4,0x99,0x9e,0xff,0xee,0xee,0xee,0xff,0xee,0xee,0xee,0xff,0xc9,0xc9,
    0xc9,0xcf,0x00,0x00,0x00,0x00,0x00,0x00,0x00,0x00,0x00,0x00,0x00,0x00,0x00,0x00,
    0x00,0x00,0xc6,0xc6,0xc6,0xb9,0xec,0xec,0xec,0xff,0xee,0xee,0xee,0xff,0xd9,0xd6,
    0xd8,0xff,0x73,0x5f,0x69,0xff,0x6d,0x59,0x63,0xff,0x6d,0x59,0x63,0xff,0x6d,0x59,
    0x63,0xff,0x75,0x63,0x6c,0xff,0xa3,0x9c,0x9f,0xff,0xaa,0xaa,0xaa,0xa4,0xac,0xac,
    0xac,0xa3,0xc9,0xc9,0xc9,0xdb,0xda,0xda,0xda,0xff,0xdc,0xdc,0xdc,0xff,0xcf,0xcf,
    0xcf,0xe4,0xae,0xae,0xae,0xab,0xa6,0xa6,0xa6,0x90,0xac,0xa7,0xaa,0xff,0x7f,0x6e,
    0x76,0xff,0x6d,0x59,0x63,0xff,0x6d,0x59,0x63,0xff,0x6d,0x59,0x63,0xff,0x6d,0x59,
    0x63,0xff,0xc6,0xbf,0xc2,0xff,0xee,0xee,0xee,0xff,0xee,0xee,0xee,0xff,0xcf,0xcf,
    0xcf,0xed,0xc0,0xc0,0xc0,0x05,0x00,0x00,0x00,0x00,0x00,0x00,0x00,0x00,0x00,0x00,
    0x00,0x00,0xff,0xff,0xff,0xff,0xff,0xff,0xff,0xff,0xfe,0xfa,0xf2,0xff,0xff,0xff,
    0xff,0xff,0xfa,0xf8,0xf6,0xff,0xf5,0xf2,0xed,0xff,0xeb,0xe6,0xdc,0xff,0xe3,0xdd,
    0xce,0xff,0xda,0xd2,0xbf,0xff,0xd7,0xce,0xb9,0xff,0xe6,0xc4,0x77,0xff,0xf5,0xbb,
    0x36,0xff,0xf5,0xbb,0x36,0xff,0xf5,0xbb,0x36,0xff,0xf5,0xbb,0x36,0xff,0xf5,0xbb,
    0x36,0xff,0xf5,0xbb,0x36,0xff,0xf5,0xbb,0x36,0xff,0xd7,0xce,0xb9,0xff,0xd9,0xd1,
    0xbd,0xff,0xe1,0xda,0xca,0xff,0xe8,0xe3,0xd7,0xff,0xf0,0xec,0xe4,0xff,0xf5,0xf2,
    0xed,0xff,0xff,0xff,0xff,0xff,0xff,0xff,0xff,0xff,0xfe,0xfa,0xf2,0xff,0xff,0xff,
    0xff,0xff,0xfd,0xfd,0xfd,0x3f,0x00,0x00,0x00,0x00,0x00,0x00,0x00,0x00,0x00,0x00,
    0x00,0x00,0x00,0x00,0x00,0x00,0x00,0x00,0x00,0x00,0x00,0x00,0x00,0x00,0x00,0x00,
    0x00,0x00,0x00,0x00,0x00,0x00,0x00,0x00,0x00,0x00,0x00,0x00,0x00,0x00,0x00,0x00,
    0x00,0x00,0x00,0x00,0x00,0x00,0x00,0x00,0x00,0x00,0x00,0x00,0x00,0x00,0x00,0x00,
    0x00,0x00,0xfb,0xfb,0xfb,0x3f,0xff,0xff,0xff,0xff,0xff,0xff,0xff,0xff,0xfd,0xfd,
    0xfd,0x7f,0x00,0x00,0x00,0x00,0x00,0x00,0x00,0x00,0x00,0x00,0x00,0x00,0x00,0x00,
    0x00,0x00,0x00,0x00,0x00,0x00,0x00,0x00,0x00,0x00,0x00,0x00,0x00,0x00,0x00,0x00,
    0x00,0x00,0x00,0x00,0x00,0x00,0x00,0x00,0x00,0x00,0x00,0x00,0x00,0x00,0x00,0x00,
    0x00,0x00,0x00,0x00,0x00,0x00,0x00,0x00,0x00,0x00,0x00,0x00,0x00,0x00,0x00,0x00,
    0x00,0x00,0x00,0x00,0x00,0x00,0x00,0x00,0x00,0x00,0x00,0x00,0x00,0x00,0x00,0x00,
    0x00,0x00,0x00,0x00,0x00,0x00,0x00,0x00,0x00,0x00,0x00,0x00,0x00,0x00,0x00,0x00,
    0x00,0x00,0x00,0x00,0x00,0x00,0xf7,0xf7,0xf7,0x1f,0xf7,0xf7,0xf7,0x1f,0xfd,0xfd,
    0xfd,0xbf,0xff,0xff,0xff,0xff,0xff,0xff,0xff,0xff,0xff,0xff,0xff,0xff,0xff,0xff,
    0xff,0xff,0xfc,0xfc,0xfc,0xdf,0xfb,0xfb,0xfb,0x3f,0x00,0x00,0x00,0x00,0x00,0x00,
    0x00,0x00,0x00,0x00,0x00,0x00,0x00,0x00,0x00,0x00,0x00,0x00,0x00,0x00,0x00,0x00,
    0x00,0x00,0x00,0x00,0x00,0x00,0x00,0x00,0x00,0x00,0x00,0x00,0x00,0x00,0x00,0x00,
    0x00,0x00,0x00,0x00,0x00,0x00,0x00,0x00,0x00,0x00,0x00,0x00,0x00,0x00,0x00,0x00,
    0x00,0x00,0x00,0x00,0x00,0x00,0xf7,0xf7,0xf7,0x1f,0xfd,0xfd,0xfd,0x6f,0xfc,0xfc,
    0xfc,0xcf,0xff,0xff,0xff,0xff,0xff,0xff,0xff,0xff,0xff,0xff,0xff,0xff,0xff,0xff,
    0xff,0xff,0xff,0xff,0xff,0xff,0xff,0xff,0xff,0xff,0xff,0xff,0xff,0xff,0xff,0xff,
    0xff,0xff,0xff,0xff,0xff,0xff,0xff,0xff,0xff,0xff,0xff,0xff,0xff,0xff,0xff,0xff,
    0xff,0xff,0xff,0xff,0xff,0xff,0xff,0xff,0xff,0xff,0xff,0xff,0xff,0xff,0xff,0xff,
    0xff,0xff,0xff,0xff,0xff,0xff,0xff,0xff,0xff,0xff,0xff,0xff,0xff,0xff,0xff,0xff,
    0xff,0xff,0xfc,0xfc,0xfc,0xcf,0xfc,0xfc,0xfc,0xcf,0xfd,0xfd,0xfd,0x6f,0xf7,0xf7,
    0xf7,0x1f,0x00,0x00,0x00,0x00,0x00,0x00,0x00,0x00,0x00,0x00,0x00,0x00,0xc3,0xc3,
    0xc3,0xbf,0xe7,0xe7,0xe7,0xff,0x9e,0xbb,0xab,0xff,0x65,0x98,0x7c,0xff,0x50,0x82,
    0x66,0xff,0x4f,0x80,0x65,0xff,0x4f,0x80,0x65,0xff,0x5a,0x8c,0x70,0xff,0x65,0x98,
    0x7c,0xff,0x65,0x98,0x7c,0xff,0x96,0xa3,0x9c,0xff,0xdb,0xdb,0xdb,0xff,0xdb,0xdb,
    0xdb,0xff,0xe7,0xe7,0xe7,0xff,0xee,0xee,0xee,0xff,0xee,0xee,0xee,0xff,0xdb,0xdb,
    0xdb,0xff,0xdb,0xdb,0xdb,0xff,0xb9,0xb9,0xb9,0xff,0x6a,0x98,0x7f,0xff,0x65,0x98,
    0x7c,0xff,0x61,0x94,0x78,0xff,0x4f,0x80,0x65,0xff,0x4f,0x80,0x65,0xff,0x4f,0x80,
    0x65,0xff,0x5f,0x92,0x76,0xff,0x70,0x9f,0x85,0xff,0xee,0xee,0xee,0xff,0xcc,0xcc,
    0xcc,0xd4,0x00,0x00,0x00,0x00,0x00,0x00,0x00,0x00,0x00,0x00,0x00,0x00,0xc3,0xc3,
    0xc3,0xbf,0xe7,0xe7,0xe7,0xff,0x9e,0xbb,0xab,0xff,0x65,0x98,0x7c,0xff,0x53,0x84,
    0x69,0xff,0x50,0x82,0x66,0xff,0x50,0x82,0x66,0xff,0x63,0x8f,0x77,0xff,0x83,0x9c,
    0x8e,0xff,0x83,0x9c,0x8e,0xff,0x9e,0xa4,0xa1,0xff,0xdb,0xdb,0xdb,0xff,0xdb,0xdb,
    0xdb,0xff,0xe7,0xe7,0xe7,0xff,0xee,0xee,0xee,0xff,0xee,0xee,0xee,0xff,0xdb,0xdb,
    0xdb,0xff,0xdb,0xdb,0xdb,0xff,0xb9,0xb9,0xb9,0xff,0x85,0x9c,0x8f,0xff,0x83,0x9c,
    0x8e,0xff,0x73,0x97,0x83,0xff,0x51,0x82,0x67,0xff,0x50,0x82,0x66,0xff,0x51,0x82,
    0x67,0xff,0x60,0x93,0x77,0xff,0x70,0x9f,0x85,0xff,0xee,0xee,0xee,0xff,0xcc,0xcc,
    0xcc,0xd4,0x00,0x00,0x00,0x00,0x00,0x00,0x00,0x00,0x00,0x00,0x00,0x00,0x00,0x00,
    0x00,0x00,0xc2,0xc2,0xc2,0x4c,0xdc,0xdc,0xdc,0xff,0xee,0xee,0xee,0xff,0x95,0x87,
    0x8e,0xff,0x6d,0x59,0x63,0xff,0x6d,0x59,0x63,0xff,0x6d,0x59,0x63,0xff,0x79,0x6a,
    0x71,0xff,0xbc,0xbc,0xbc,0xff,0xd6,0xd6,0xd6,0xff,0xdb,0xdb,0xdb,0xff,0xdb,0xdb,
    0xdb,0xff,0xe6,0xe6,0xe6,0xff,0xee,0xee,0xee,0xff,0xee,0xee,0xee,0xff,0xe9,0xe9,
    0xe9,0xff,0xdb,0xdb,0xdb,0xff,0xdb,0xdb,0xdb,0xff,0xd8,0xd8,0xd8,0xff,0xc8,0xc8,
    0xc8,0xff,0x82,0x77,0x7c,0xff,0x6d,0x59,0x63,0xff,0x6d,0x59,0x63,0xff,0x6d,0x59,
    0x63,0xff,0x7d,0x6b,0x74,0xff,0xee,0xee,0xee,0xff,0xe6,0xe6,0xe6,0xff,0xc3,0xc3,
    0xc3,0x86,0x00,0x00,0x00,0x00,0x00,0x00,0x00,0x00,0x00,0x00,0x00,0x00,0x00,0x00,
    0x00,0x00,0xc2,0xc2,0xc2,0x63,0xe0,0xe0,0xe0,0xff,0xee,0xee,0xee,0xff,0x98,0x8b,
    0x92,0xff,0x6d,0x59,0x63,0xff,0x6d,0x59,0x63,0xff,0x6d,0x59,0x63,0xff,0x76,0x65,
    0x6d,0xff,0xae,0xae,0xae,0xff,0xc3,0xc3,0xc3,0xff,0xd2,0xd2,0xd2,0xff,0xdb,0xdb,
    0xdb,0xff,0xe6,0xe6,0xe6,0xff,0xee,0xee,0xee,0xff,0xee,0xee,0xee,0xff,0xe9,0xe9,
    0xe9,0xff,0xdb,0xdb,0xdb,0xff,0xd6,0xd6,0xd6,0xff,0xc7,0xc7,0xc7,0xff,0xb6,0xb6,
    0xb6,0xff,0x7e,0x71,0x77,0xff,0x6d,0x59,0x63,0xff,0x6d,0x59,0x63,0xff,0x6d,0x59,
    0x63,0xff,0x80,0x6f,0x77,0xff,0xee,0xee,0xee,0xff,0xea,0xea,0xea,0xff,0xc3,0xc3,
    0xc3,0x9d,0x00,0x00,0x00,0x00,0x00,0x00,0x00,0x00,0x00,0x00,0x00,0x00,0xf9,0xf9,
    0xf9,0x2f,0xff,0xff,0xff,0xff,0xfd,0xf6,0xe5,0xff,0xf6,0xdf,0xaa,0xff,0xe6,0xe0,
    0xd3,0xff,0xd7,0xce,0xb9,0xff,0xd7,0xce,0xb9,0xff,0xd7,0xce,0xb9,0xff,0xd7,0xce,
    0xb9,0xff,0xd7,0xce,0xb9,0xff,0xd7,0xce,0xb9,0xff,0xe6,0xc4,0x77,0xff,0xf5,0xbb,
    0x36,0xff,0xf5,0xbb,0x36,0xff,0xf5,0xbb,0x36,0xff,0xf5,0xbb,0x36,0xff,0xf5,0xbb,
    0x36,0xff,0xf5,0xbb,0x36,0xff,0xf5,0xbb,0x36,0xff,0xd7,0xce,0xb9,0xff,0xd7,0xce,
    0xb9,0xff,0xd7,0xce,0xb9,0xff,0xd7,0xce,0xb9,0xff,0xd7,0xce,0xb9,0xff,0xd7,0xce,
    0xb9,0xff,0xdc,0xd4,0xc1,0xff,0xf0,0xec,0xe4,0xff,0xfa,0xdd,0x9a,0xff,0xff,0xff,
    0xff,0xff,0xfe,0xfe,0xfe,0x57,0x00,0x00,0x00,0x00,0x00,0x00,0x00,0x00,0x00,0x00,
    0x00,0x00,0x00,0x00,0x00,0x00,0x00,0x00,0x00,0x00,0x00,0x00,0x00,0x00,0x00,0x00,
    0x00,0x00,0x00,0x00,0x00,0x00,0x00,0x00,0x00,0x00,0x00,0x00,0x00,0x00,0x00,0x00,
    0x00,0x00,0x00,0x00,0x00,0x00,0x00,0x00,0x00,0x00,0x00,0x00,0x00,0x00,0x00,0x00,
    0x00,0x00,0xfb,0xfb,0xfb,0x3f,0xff,0xff,0xff,0xff,0xff,0xff,0xff,0xff,0xfd,0xfd,
    0xfd,0x7f,0x00,0x00,0x00,0x00,0x00,0x00,0x00,0x00,0x00,0x00,0x00,0x00,0x00,0x00,
    0x00,0x00,0x00,0x00,0x00,0x00,0x00,0x00,0x00,0x00,0x00,0x00,0x00,0x00,0x00,0x00,
    0x00,0x00,0x00,0x00,0x00,0x00,0x00,0x00,0x00,0x00,0x00,0x00,0x00,0x00,0x00,0x00,
    0x00,0x00,0x00,0x00,0x00,0x00,0x00,0x00,0x00,0x00,0x00,0x00,0x00,0x00,0x00,0x00,
    0x00,0x00,0x00,0x00,0x00,0x00,0x00,0x00,0x00,0x00,0x00,0x00,0x00,0x00,0x00,0x00,
    0x00,0x00,0x00,0x00,0x00,0x00,0x00,0x00,0x00,0x00,0x00,0x00,0x00,0x00,0x00,0x00,
    0x00,0x00,0xf9,0xf9,0xf9,0x2f,0xfe,0xfe,0xfe,0xef,0xfe,0xfe,0xfe,0xef,0xff,0xff,
    0xff,0xff,0xff,0xff,0xff,0xff,0xff,0xff,0xff,0xff,0xff,0xff,0xff,0xff,0xff,0xff,
    0xff,0xff,0xff,0xff,0xff,0xff,0xff,0xff,0xff,0xff,0xfc,0xfc,0xfc,0x5f,0xfc,0xfc,
    0xfc,0x5f,0x00,0x00,0x00,0x00,0x00,0x00,0x00,0x00,0x00,0x00,0x00,0x00,0x00,0x00,
    0x00,0x00,0x00,0x00,0x00,0x00,0x00,0x00,0x00,0x00,0x00,0x00,0x00,0x00,0x00,0x00,
    0x00,0x00,0x00,0x00,0x00,0x00,0x00,0x00,0x00,0x00,0x00,0x00,0x00,0x00,0x00,0x00,
    0x00,0x00,0x00,0x00,0x00,0x00,0xf7,0xf7,0xf7,0x1f,0xfd,0xfd,0xfd,0x6f,0xfc,0xfc,
    0xfc,0xcf,0xff,0xff,0xff,0xff,0xff,0xff,0xff,0xff,0xff,0xff,0xff,0xff,0xff,0xff,
    0xff,0xff,0xff,0xff,0xff,0xff,0xff,0xff,0xff,0xff,0xff,0xff,0xff,0xff,0xff,0xff,
    0xff,0xff,0xff,0xff,0xff,0xff,0xff,0xff,0xff,0xff,0xff,0xff,0xff,0xff,0xff,0xff,
    0xff,0xff,0xff,0xff,0xff,0xff,0xff,0xff,0xff,0xff,0xff,0xff,0xff,0xff,0xff,0xff,
    0xff,0xff,0xff,0xff,0xff,0xff,0xff,0xff,0xff,0xff,0xff,0xff,0xff,0xff,0xff,0xff,
    0xff,0xff,0xfc,0xfc,0xfc,0xcf,0xfc,0xfc,0xfc,0xcf,0xfd,0xfd,0xfd,0x6f,0xf7,0xf7,
    0xf7,0x1f,0x00,0x00,0x00,0x00,0x00,0x00,0x00,0x00,0x00,0x00,0x00,0x00,0xc3,0xc3,
    0xc3,0xbf,0xe7,0xe7,0xe7,0xff,0x9e,0xbb,0xab,0xff,0x65,0x98,0x7c,0xff,0x50,0x82,
    0x66,0xff,0x4f,0x80,0x65,0xff,0x4f,0x80,0x65,0xff,0x5a,0x8c,0x70,0xff,0x65,0x98,
    0x7c,0xff,0x65,0x98,0x7c,0xff,0x96,0xa3,0x9c,0xff,0xdb,0xdb,0xdb,0xff,0xdb,0xdb,
    0xdb,0xff,0xe7,0xe7,0xe7,0xff,0xee,0xee,0xee,0xff,0xee,0xee,0xee,0xff,0xdb,0xdb,
    0xdb,0xff,0xdb,0xdb,0xdb,0xff,0xb9,0xb9,0xb9,0xff,0x6a,0x98,0x7f,0xff,0x65,0x98,
    0x7c,0xff,0x61,0x94,0x78,0xff,0x4f,0x80,0x65,0xff,0x4f,0x80,0x65,0xff,0x4f,0x80,
    0x65,0xff,0x5f,0x92,0x76,0xff,0x70,0x9f,0x85,0xff,0xee,0xee,0xee,0xff,0xcc,0xcc,
    0xcc,0xd4,0x00,0x00,0x00,0x00,0x00,0x00,0x00,0x00,0x00,0x00,0x00,0x00,0xc3,0xc3,
    0xc3,0xbf,0xe7,0xe7,0xe7,0xff,0x9e,0xbb,0xab,0xff,0x65,0x98,0x7c,0xff,0x50,0x82,
    0x66,0xff,0x4f,0x80,0x65,0xff,0x4f,0x80,0x65,0xff,0x5a,0x8c,0x70,0xff,0x65,0x98,
    0x7c,0xff,0x65,0x98,0x7c,0xff,0x96,0xa3,0x9c,0xff,0xdb,0xdb,0xdb,0xff,0xdb,0xdb,
    0xdb,0xff,0xe7,0xe7,0xe7,0xff,0xee,0xee,0xee,0xff,0xee,0xee,0xee,0xff,0xdb,0xdb,
    0xdb,0xff,0xdb,0xdb,0xdb,0xff,0xb9,0xb9,0xb9,0xff,0x6a,0x98,0x7f,0xff,0x65,0x98,
    0x7c,0xff,0x61,0x94,0x78,0xff,0x4f,0x80,0x65,0xff,0x4f,0x80,0x65,0xff,0x4f,0x80,
    0x65,0xff,0x5f,0x92,0x76,0xff,0x70,0x9f,0x85,0xff,0xee,0xee,0xee,0xff,0xcc,0xcc,
    0xcc,0xd4,0x00,0x00,0x00,0x00,0x00,0x00,0x00,0x00,0x00,0x00,0x00,0x00,0x00,0x00,
    0x00,0x00,0xc0,0xc0,0xc0,0x0a,0xd0,0xd0,0xd0,0xf7,0xee,0xee,0xee,0xff,0xa8,0x9e,
    0xa3,0xff,0x6d,0x59,0x63,0xff,0x6d,0x59,0x63,0xff,0x6d,0x59,0x63,0xff,0x7a,0x6b,
    0x72,0xff,0xc7,0xc7,0xc7,0xff,0xdb,0xdb,0xdb,0xff,0xdb,0xdb,0xdb,0xff,0xdb,0xdb,
    0xdb,0xff,0xe6,0xe6,0xe6,0xff,0xee,0xee,0xee,0xff,0xee,0xee,0xee,0xff,0xe9,0xe9,
    0xe9,0xff,0xdb,0xdb,0xdb,0xff,0xdb,0xdb,0xdb,0xff,0xdb,0xdb,0xdb,0xff,0xd6,0xd6,
    0xd6,0xff,0x83,0x78,0x7e,0xff,0x6d,0x59,0x63,0xff,0x6d,0x59,0x63,0xff,0x6d,0x59,
    0x63,0xff,0x91,0x83,0x8a,0xff,0xee,0xee,0xee,0xff,0xda,0xda,0xda,0xff,0xc2,0xc2,
    0xc2,0x3c,0x00,0x00,0x00,0x00,0x00,0x00,0x00,0x00,0x00,0x00,0x00,0x00,0x00,0x00,
    0x00,0x00,0xc1,0xc1,0xc1,0x15,0xd2,0xd2,0xd2,0xf9,0xee,0xee,0xee,0xff,0xa5,0x9a,
    0x9f,0xff,0x6d,0x59,0x63,0xff,0x6d,0x59,0x63,0xff,0x6d,0x59,0x63,0xff,0x7a,0x6b,
    0x72,0xff,0xc7,0xc7,0xc7,0xff,0xdb,0xdb,0xdb,0xff,0xdb,0xdb,0xdb,0xff,0xdb,0xdb,
    0xdb,0xff,0xe6,0xe6,0xe6,0xff,0xee,0xee,0xee,0xff,0xee,0xee,0xee,0xff,0xe9,0xe9,
    0xe9,0xff,0xdb,0xdb,0xdb,0xff,0xdb,0xdb,0xdb,0xff,0xdb,0xdb,0xdb,0xff,0xd6,0xd6,
    0xd6,0xff,0x83,0x78,0x7e,0xff,0x6d,0x59,0x63,0xff,0x6d,0x59,0x63,0xff,0x6d,0x59,
    0x63,0xff,0x8e,0x7f,0x86,0xff,0xee,0xee,0xee,0xff,0xdc,0xdc,0xdc,0xff,0xc3,0xc3,
    0xc3,0x48,0x00,0x00,0x00,0x00,0x00,0x00,0x00,0x00,0x00,0x00,0x00,0x00,0xfb,0xfb,
    0xfb,0x3f,0xff,0xff,0xff,0xff,0xfc,0xee,0xcc,0xff,0xe6,0xc4,0x77,0xff,0xd7,0xce,
    0xb9,0xff,0xd7,0xce,0xb9,0xff,0xd7,0xce,0xb9,0xff,0xd7,0xce,0xb9,0xff,0xd7,0xce,
    0xb9,0xff,0xd7,0xce,0xb9,0xff,0xd7,0xce,0xb9,0xff,0xe6,0xc4,0x77,0xff,0xf5,0xbb,
    0x36,0xff,0xf5,0xbb,0x36,0xff,0xf5,0xbb,0x36,0xff,0xf5,0xbb,0x36,0xff,0xf5,0xbb,
    0x36,0xff,0xf5,0xbb,0x36,0xff,0xf5,0xbb,0x36,0xff,0xd7,0xce,0xb9,0xff,0xd7,0xce,
    0xb9,0xff,0xd7,0xce,0xb9,0xff,0xd7,0xce,0xb9,0xff,0xd7,0xce,0xb9,0xff,0xd7,0xce,
    0xb9,0xff,0xd7,0xce,0xb9,0xff,0xd7,0xce,0xb9,0xff,0xf7,0xcc,0x68,0xff,0xff,0xff,
    0xff,0xff,0xfd,0xfd,0xfd,0x5f,0x00,0x00,0x00,0x00,0x00,0x00,0x00,0x00,0x00,0x00,
    0x00,0x00,0x00,0x00,0x00,0x00,0x00,0x00,0x00,0x00,0x00,0x00,0x00,0x00,0x00,0x00,
    0x00,0x00,0x00,0x00,0x00,0x00,0x00,0x00,0x00,0x00,0x00,0x00,0x00,0x00,0x00,0x00,
    0x00,0x00,0x00,0x00,0x00,0x00,0x00,0x00,0x00,0x00,0x00,0x00,0x00,0x00,0x00,0x00,
    0x00,0x00,0xfb,0xfb,0xfb,0x3f,0xff,0xff,0xff,0xff,0xff,0xff,0xff,0xff,0xfd,0xfd,
    0xfd,0x7f,0x00,0x00,0x00,0x00,0x00,0x00,0x00,0x00,0x00,0x00,0x00,0x00,0x00,0x00,
    0x00,0x00,0x00,0x00,0x00,0x00,0x00,0x00,0x00,0x00,0x00,0x00,0x00,0x00,0x00,0x00,
    0x00,0x00,0x00,0x00,0x00,0x00,0x00,0x00,0x00,0x00,0x00,0x00,0x00,0x00,0x00,0x00,
    0x00,0x00,0x00,0x00,0x00,0x00,0x00,0x00,0x00,0x00,0x00,0x00,0x00,0x00,0x00,0x00,
    0x00,0x00,0x00,0x00,0x00,0x00,0x00,0x00,0x00,0x00,0x00,0x00,0x00,0x00,0x00,0x00,
    0x00,0x00,0x00,0x00,0x00,0x00,0x00,0x00,0x00,0x00,0x00,0x00,0x00,0x00,0x00,0x00,
    0x00,0x00,0xf9,0xf9,0xf9,0x2f,0xfe,0xfe,0xfe,0xef,0xfe,0xfe,0xfe,0xef,0xff,0xff,
    0xff,0xff,0xff,0xff,0xff,0xff,0xff,0xff,0xff,0xff,0xff,0xff,0xff,0xff,0xff,0xff,
    0xff,0xff,0xff,0xff,0xff,0xff,0xff,0xff,0xff,0xff,0xfc,0xfc,0xfc,0x5f,0xfc,0xfc,
    0xfc,0x5f,0x00,0x00,0x00,0x00,0x00,0x00,0x00,0x00,0x00,0x00,0x00,0x00,0x00,0x00,
    0x00,0x00,0x00,0x00,0x00,0x00,0x00,0x00,0x00,0x00,0x00,0x00,0x00,0x00,0x00,0x00,
    0x00,0x00,0x00,0x00,0x00,0x00,0x00,0x00,0x00,0x00,0x00,0x00,0x00,0x00,0xfd,0xfd,
    0xfd,0x9f,0xfd,0xfd,0xfd,0x9f,0xff,0xff,0xff,0xff,0xff,0xff,0xff,0xff,0xff,0xff,
    0xff,0xff,0xff,0xff,0xff,0xff,0xff,0xff,0xff,0xff,0xff,0xff,0xff,0xff,0xff,0xff,
    0xff,0xff,0xff,0xff,0xff,0xff,0xff,0xff,0xff,0xff,0xff,0xff,0xff,0xff,0xff,0xff,
    0xff,0xff,0xff,0xff,0xff,0xff,0xff,0xff,0xff,0xff,0xff,0xff,0xff,0xff,0xff,0xff,
    0xff,0xff,0xff,0xff,0xff,0xff,0xff,0xff,0xff,0xff,0xff,0xff,0xff,0xff,0xff,0xff,
    0xff,0xff,0xff,0xff,0xff,0xff,0xff,0xff,0xff,0xff,0xff,0xff,0xff,0xff,0xff,0xff,
    0xff,0xff,0xff,0xff,0xff,0xff,0xff,0xff,0xff,0xff,0xff,0xff,0xff,0xff,0xff,0xff,
    0xff,0xff,0xfd,0xfd,0xfd,0x9f,0x00,0x00,0x00,0x00,0x00,0x00,0x00,0x00,0xc3,0xc3,
    0xc3,0xbf,0xe7,0xe7,0xe7,0xff,0x9e,0xbb,0xab,0xff,0x65,0x98,0x7c,0xff,0x60,0x93,
    0x77,0xff,0x5f,0x92,0x76,0xff,0x5f,0x92,0x76,0xff,0x62,0x95,0x79,0xff,0x65,0x98,
    0x7c,0xff,0x65,0x98,0x7c,0xff,0x96,0xa3,0x9c,0xff,0xdb,0xdb,0xdb,0xff,0xdb,0xdb,
    0xdb,0xff,0xe7,0xe7,0xe7,0xff,0xee,0xee,0xee,0xff,0xee,0xee,0xee,0xff,0xdb,0xdb,
    0xdb,0xff,0xdb,0xdb,0xdb,0xff,0xb9,0xb9,0xb9,0xff,0x6a,0x98,0x7f,0xff,0x65,0x98,
    0x7c,0xff,0x64,0x97,0x7b,0xff,0x5f,0x92,0x76,0xff,0x5f,0x92,0x76,0xff,0x5f,0x92,
    0x76,0xff,0x64,0x97,0x7b,0xff,0x70,0x9f,0x85,0xff,0xee,0xee,0xee,0xff,0xcc,0xcc,
    0xcc,0xd4,0x00,0x00,0x00,0x00,0x00,0x00,0x00,0x00,0x00,0x00,0x00,0x00,0xc3,0xc3,
    0xc3,0xbf,0xe7,0xe7,0xe7,0xff,0x9e,0xbb,0xab,0xff,0x65,0x98,0x7c,0xff,0x53,0x85,
    0x69,0xff,0x51,0x83,0x67,0xff,0x51,0x83,0x67,0xff,0x5b,0x8d,0x72,0xff,0x65,0x98,
    0x7c,0xff,0x65,0x98,0x7c,0xff,0x96,0xa3,0x9c,0xff,0xdb,0xdb,0xdb,0xff,0xdb,0xdb,
    0xdb,0xff,0xe7,0xe7,0xe7,0xff,0xee,0xee,0xee,0xff,0xee,0xee,0xee,0xff,0xdb,0xdb,
    0xdb,0xff,0xdb,0xdb,0xdb,0xff,0xb9,0xb9,0xb9,0xff,0x6a,0x98,0x7f,0xff,0x65,0x98,
    0x7c,0xff,0x62,0x94,0x78,0xff,0x51,0x83,0x67,0xff,0x51,0x83,0x67,0xff,0x51,0x83,
    0x67,0xff,0x60,0x93,0x77,0xff,0x70,0x9f,0x85,0xff,0xee,0xee,0xee,0xff,0xcc,0xcc,
    0xcc,0xd4,0x00,0x00,0x00,0x00,0x00,0x00,0x00,0x00,0x00,0x00,0x00,0x00,0x00,0x00,
    0x00,0x00,0x00,0x00,0x00,0x00,0xc5,0xc5,0xc5,0xac,0xeb,0xeb,0xeb,0xff,0xc2,0xbb,
    0xbe,0xff,0x6d,0x59,0x63,0xff,0x6d,0x59,0x63,0xff,0x6d,0x59,0x63,0xff,0x7a,0x6b,
    0x72,0xff,0xc7,0xc7,0xc7,0xff,0xdb,0xdb,0xdb,0xff,0xdb,0xdb,0xdb,0xff,0xdb,0xdb,
    0xdb,0xff,0xe6,0xe6,0xe6,0xff,0xee,0xee,0xee,0xff,0xee,0xee,0xee,0xff,0xe9,0xe9,
    0xe9,0xff,0xdb,0xdb,0xdb,0xff,0xdb,0xdb,0xdb,0xff,0xdb,0xdb,0xdb,0xff,0xd6,0xd6,
    0xd6,0xff,0x83,0x78,0x7e,0xff,0x6d,0x59,0x63,0xff,0x6d,0x59,0x63,0xff,0x6d,0x59,
    0x63,0xff,0xaa,0xa0,0xa5,0xff,0xee,0xee,0xee,0xff,0xcd,0xcd,0xcd,0xe3,0xbd,0xbd,
    0xbd,0x02,0x00,0x00,0x00,0x00,0x00,0x00,0x00,0x00,0x00,0x00,0x00,0x00,0x00,0x00,
    0x00,0x00,0x00,0x00,0x00,0x00,0xc5,0xc5,0xc5,0xac,0xeb,0xeb,0xeb,0xff,0xc2,0xbb,
    0xbe,0xff,0x6d,0x59,0x63,0xff,0x6d,0x59,0x63,0xff,0x6d,0x59,0x63,0xff,0x7a,0x6b,
    0x72,0xff,0xc7,0xc7,0xc7,0xff,0xdb,0xdb,0xdb,0xff,0xdb,0xdb,0xdb,0xff,0xdb,0xdb,
    0xdb,0xff,0xe6,0xe6,0xe6,0xff,0xee,0xee,0xee,0xff,0xee,0xee,0xee,0xff,0xe9,0xe9,
    0xe9,0xff,0xdb,0xdb,0xdb,0xff,0xdb,0xdb,0xdb,0xff,0xdb,0xdb,0xdb,0xff,0xd6,0xd6,
    0xd6,0xff,0x83,0x78,0x7e,0xff,0x6d,0x59,0x63,0xff,0x6d,0x59,0x63,0xff,0x6d,0x59,
    0x63,0xff,0xaa,0xa0,0xa5,0xff,0xee,0xee,0xee,0xff,0xcd,0xcd,0xcd,0xe3,0xbd,0xbd,
    0xbd,0x02,0x00,0x00,0x00,0x00,0x00,0x00,0x00,0x00,0x00,0x00,0x00,0x00,0xfd,0xfd,
    0xfd,0x6f,0xff,0xff,0xff,0xff,0xfb,0xe5,0xb3,0xff,0xe6,0xc4,0x77,0xff,0xd7,0xce,
    0xb9,0xff,0xd7,0xce,0xb9,0xff,0xd7,0xce,0xb9,0xff,0xd7,0xce,0xb9,0xff,0xd7,0xce,
    0xb9,0xff,0xd7,0xce,0xb9,0xff,0xd7,0xce,0xb9,0xff,0xe6,0xc4,0x77,0xff,0xf5,0xbb,
    0x36,0xff,0xf5,0xbb,0x36,0xff,0xf5,0xbb,0x36,0xff,0xf5,0xbb,0x36,0xff,0xf5,0xbb,
    0x36,0xff,0xf5,0xbb,0x36,0xff,0xf5,0xbb,0x36,0xff,0xd7,0xce,0xb9,0xff,0xd7,0xce,
    0xb9,0xff,0xd7,0xce,0xb9,0xff,0xd7,0xce,0xb9,0xff,0xd7,0xce,0xb9,0xff,0xd7,0xce,
    0xb9,0xff,0xd7,0xce,0xb9,0xff,0xd7,0xce,0xb9,0xff,0xf6,0xc3,0x4f,0xff,0xff,0xff,
    0xff,0xff,0xfe,0xfe,0xfe,0x77,0x00,0x00,0x00,0x00,0x00,0x00,0x00,0x00,0x00,0x00,
    0x00,0x00,0x00,0x00,0x00,0x00,0x00,0x00,0x00,0x00,0x00,0x00,0x00,0x00,0x00,0x00,
    0x00,0x00,0x00,0x00,0x00,0x00,0x00,0x00,0x00,0x00,0x00,0x00,0x00,0x00,0x00,0x00,
    0x00,0x00,0x00,0x00,0x00,0x00,0x00,0x00,0x00,0x00,0x00,0x00,0x00,0x00,0x00,0x00,
    0x00,0x00,0xfc,0xfc,0xfc,0x5f,0xff,0xff,0xff,0xff,0xff,0xff,0xff,0xff,0xfd,0xfd,
    0xfd,0x9f,0x00,0x00,0x00,0x00,0x00,0x00,0x00,0x00,0x00,0x00,0x00,0x00,0x00,0x00,
    0x00,0x00,0x00,0x00,0x00,0x00,0x00,0x00,0x00,0x00,0x00,0x00,0x00,0x00,0x00,0x00,
    0x00,0x00,0x00,0x00,0x00,0x00,0x00,0x00,0x00,0x00,0x00,0x00,0x00,0x00,0x00,0x00,
    0x00,0x00,0x00,0x00,0x00,0x00,0x00,0x00,0x00,0x00,0x00,0x00,0x00,0x00,0x00,0x00,
    0x00,0x00,0x00,0x00,0x00,0x00,0x00,0x00,0x00,0x00,0x00,0x00,0x00,0x00,0x00,0x00,
    0x00,0x00,0x00,0x00,0x00,0x00,0x00,0x00,0x00,0x00,0x00,0x00,0x00,0x00,0xee,0xee,
    0xee,0x0f,0xfc,0xfc,0xfc,0xdf,0xff,0xff,0xff,0xff,0xff,0xff,0xff,0xff,0xff,0xff,
    0xff,0xff,0xff,0xff,0xff,0xff,0xff,0xff,0xff,0xff,0xff,0xff,0xff,0xff,0xff,0xff,
    0xff,0xff,0xff,0xff,0xff,0xff,0xff,0xff,0xff,0xff,0xff,0xff,0xff,0xff,0xff,0xff,
    0xff,0xff,0xf9,0xf9,0xf9,0x2f,0x00,0x00,0x00,0x00,0x00,0x00,0x00,0x00,0x00,0x00,
    0x00,0x00,0x00,0x00,0x00,0x00,0x00,0x00,0x00,0x00,0x00,0x00,0x00,0x00,0x00,0x00,
    0x00,0x00,0x00,0x00,0x00,0x00,0x00,0x00,0x00,0x00,0x00,0x00,0x00,0x00,0xee,0xee,
    0xee,0x0f,0xee,0xee,0xee,0x0f,0xfc,0xfc,0xfc,0xcf,0xff,0xff,0xff,0xff,0xff,0xff,
    0xff,0xff,0xff,0xff,0xff,0xff,0xff,0xff,0xff,0xff,0xff,0xff,0xff,0xff,0xff,0xff,
    0xff,0xff,0xff,0xff,0xff,0xff,0xff,0xff,0xff,0xff,0xff,0xff,0xff,0xff,0xff,0xff,
    0xff,0xff,0xff,0xff,0xff,0xff,0xff,0xff,0xff,0xff,0xff,0xff,0xff,0xff,0xff,0xff,
    0xff,0xff,0xff,0xff,0xff,0xff,0xff,0xff,0xff,0xff,0xff,0xff,0xff,0xff,0xff,0xff,
    0xff,0xff,0xff,0xff,0xff,0xff,0xff,0xff,0xff,0xff,0xff,0xff,0xff,0xff,0xff,0xff,
    0xff,0xff,0xff,0xff,0xff,0xff,0xff,0xff,0xff,0xff,0xff,0xff,0xff,0xff,0xfe,0xfe,
    0xfe,0xef,0xee,0xee,0xee,0x0f,0x00,0x00,0x00,0x00,0x00,0x00,0x00,0x00,0xc3,0xc3,
    0xc3,0xbf,0xe7,0xe7,0xe7,0xff,0x9e,0xbb,0xab,0xff,0x65,0x98,0x7c,0xff,0x58,0x89,
    0x6e,0xff,0x56,0x88,0x6c,0xff,0x56,0x88,0x6c,0xff,0x5e,0x90,0x75,0xff,0x65,0x98,
    0x7c,0xff,0x65,0x98,0x7c,0xff,0x96,0xa3,0x9c,0xff,0xdb,0xdb,0xdb,0xff,0xdb,0xdb,
    0xdb,0xff,0xe7,0xe7,0xe7,0xff,0xee,0xee,0xee,0xff,0xee,0xee,0xee,0xff,0xdb,0xdb,
    0xdb,0xff,0xdb,0xdb,0xdb,0xff,0xb9,0xb9,0xb9,0xff,0x6a,0x98,0x7f,0xff,0x65,0x98,
    0x7c,0xff,0x62,0x95,0x79,0xff,0x56,0x88,0x6d,0xff,0x56,0x88,0x6c,0xff,0x56,0x88,
    0x6c,0xff,0x61,0x94,0x78,0xff,0x70,0x9f,0x85,0xff,0xee,0xee,0xee,0xff,0xcc,0xcc,
    0xcc,0xd4,0x00,0x00,0x00,0x00,0x00,0x00,0x00,0x00,0x00,0x00,0x00,0x00,0xc3,0xc3,
    0xc3,0xbf,0xe7,0xe7,0xe7,0xff,0x9e,0xbb,0xab,0xff,0x65,0x98,0x7c,0xff,0x5e,0x91,
    0x75,0xff,0x5d,0x90,0x74,0xff,0x5d,0x90,0x74,0xff,0x62,0x94,0x79,0xff,0x65,0x98,
    0x7c,0xff,0x65,0x98,0x7c,0xff,0x96,0xa3,0x9c,0xff,0xdb,0xdb,0xdb,0xff,0xdb,0xdb,
    0xdb,0xff,0xe7,0xe7,0xe7,0xff,0xee,0xee,0xee,0xff,0xee,0xee,0xee,0xff,0xdb,0xdb,
    0xdb,0xff,0xdb,0xdb,0xdb,0xff,0xb9,0xb9,0xb9,0xff,0x6a,0x98,0x7f,0xff,0x65,0x98,
    0x7c,0xff,0x64,0x97,0x7b,0xff,0x5e,0x90,0x74,0xff,0x5d,0x90,0x74,0xff,0x5d,0x90,
    0x74,0xff,0x63,0x96,0x7a,0xff,0x70,0x9f,0x85,0xff,0xee,0xee,0xee,0xff,0xcc,0xcc,
    0xcc,0xd4,0x00,0x00,0x00,0x00,0x00,0x00,0x00,0x00,0x00,0x00,0x00,0x00,0x00,0x00,
    0x00,0x00,0x00,0x00,0x00,0x00,0xc2,0xc2,0xc2,0x58,0xde,0xde,0xde,0xff,0xdb,0xd8,
    0xd9,0xff,0x6d,0x59,0x63,0xff,0x6d,0x59,0x63,0xff,0x6d,0x59,0x63,0xff,0x7a,0x6b,
    0x72,0xff,0xc7,0xc7,0xc7,0xff,0xdb,0xdb,0xdb,0xff,0xdb,0xdb,0xdb,0xff,0xdb,0xdb,
    0xdb,0xff,0xe6,0xe6,0xe6,0xff,0xee,0xee,0xee,0xff,0xee,0xee,0xee,0xff,0xe9,0xe9,
    0xe9,0xff,0xdb,0xdb,0xdb,0xff,0xdb,0xdb,0xdb,0xff,0xdb,0xdb,0xdb,0xff,0xd6,0xd6,
    0xd6,0xff,0x83,0x78,0x7e,0xff,0x6d,0x59,0x63,0xff,0x6d,0x59,0x63,0xff,0x6d,0x59,
    0x63,0xff,0xc4,0xbe,0xc1,0xff,0xe8,0xe8,0xe8,0xff,0xc3,0xc3,0xc3,0x8d,0x00,0x00,
    0x00,0x00,0x00,0x00,0x00,0x00,0x00,0x00,0x00,0x00,0x00,0x00,0x00,0x00,0x00,0x00,
    0x00,0x00,0x00,0x00,0x00,0x00,0xc2,0xc2,0xc2,0x58,0xde,0xde,0xde,0xff,0xdb,0xd8,
    0xd9,0xff,0x6d,0x59,0x63,0xff,0x6d,0x59,0x63,0xff,0x6d,0x59,0x63,0xff,0x7a,0x6b,
    0x72,0xff,0xc7,0xc7,0xc7,0xff,0xdb,0xdb,0xdb,0xff,0xdb,0xdb,0xdb,0xff,0xdb,0xdb,
    0xdb,0xff,0xe6,0xe6,0xe6,0xff,0xee,0xee,0xee,0xff,0xee,0xee,0xee,0xff,0xe9,0xe9,
    0xe9,0xff,0xdb,0xdb,0xdb,0xff,0xdb,0xdb,0xdb,0xff,0xdb,0xdb,0xdb,0xff,0xd6,0xd6,
    0xd6,0xff,0x83,0x78,0x7e,0xff,0x6d,0x59,0x63,0xff,0x6d,0x59,0x63,0xff,0x6d,0x59,
    0x63,0xff,0xc4,0xbe,0xc1,0xff,0xe8,0xe8,0xe8,0xff,0xc3,0xc3,0xc3,0x8d,0x00,0x00,
    0x00,0x00,0x00,0x00,0x00,0x00,0x00,0x00,0x00,0x00,0x00,0x00,0x00,0x00,0xfd,0xfd,
    0xfd,0x7f,0xff,0xff,0xff,0xff,0xfa,0xdd,0x9a,0xff,0xe6,0xc4,0x77,0xff,0xd7,0xce,
    0xb9,0xff,0xd7,0xce,0xb9,0xff,0xd7,0xce,0xb9,0xff,0xd7,0xce,0xb9,0xff,0xd7,0xce,
    0xb9,0xff,0xd7,0xce,0xb9,0xff,0xd7,0xce,0xb9,0xff,0xe6,0xc4,0x77,0xff,0xf5,0xbb,
    0x36,0xff,0xf5,0xbb,0x36,0xff,0xf5,0xbb,0x36,0xff,0xf5,0xbb,0x36,0xff,0xf5,0xbb,
    0x36,0xff,0xf5,0xbb,0x36,0xff,0xf5,0xbb,0x36,0xff,0xd7,0xce,0xb9,0xff,0xd7,0xce,
    0xb9,0xff,0xd7,0xce,0xb9,0xff,0xd7,0xce,0xb9,0xff,0xd7,0xce,0xb9,0xff,0xd7,0xce,
    0xb9,0xff,0xd7,0xce,0xb9,0xff,0xd7,0xce,0xb9,0xff,0xf5,0xbb,0x36,0xff,0xff,0xff,
    0xff,0xff,0xff,0xff,0xff,0x7f,0x00,0x00,0x00,0x00,0x00,0x00,0x00,0x00,0x00,0x00,
    0x00,0x00,0x00,0x00,0x00,0x00,0x00,0x00,0x00,0x00,0x00,0x00,0x00,0x00,0x00,0x00,
    0x00,0x00,0x00,0x00,0x00,0x00,0x00,0x00,0x00,0x00,0x00,0x00,0x00,0x00,0x00,0x00,
    0x00,0x00,0x00,0x00,0x00,0x00,0x00,0x00,0x00,0x00,0x00,0x00,0x00,0x00,0x00,0x00,
    0x00,0x00,0xfd,0xfd,0xfd,0x7f,0xff,0xff,0xff,0xff,0xff,0xff,0xff,0xff,0xfd,0xfd,
    0xfd,0xbf,0x00,0x00,0x00,0x00,0x00,0x00,0x00,0x00,0x00,0x00,0x00,0x00,0x00,0x00,
    0x00,0x00,0x00,0x00,0x00,0x00,0x00,0x00,0x00,0x00,0x00,0x00,0x00,0x00,0x00,0x00,
    0x00,0x00,0x00,0x00,0x00,0x00,0x00,0x00,0x00,0x00,0x00,0x00,0x00,0x00,0x00,0x00,
    0x00,0x00,0x00,0x00,0x00,0x00,0x00,0x00,0x00,0x00,0x00,0x00,0x00,0x00,0x00,0x00,
    0x00,0x00,0x00,0x00,0x00,0x00,0x00,0x00,0x00,0x00,0x00,0x00,0x00,0x00,0x00,0x00,
    0x00,0x00,0x00,0x00,0x00,0x00,0x00,0x00,0x00,0x00,0x00,0x00,0x00,0x00,0xfd,0xfd,
    0xfd,0x8f,0xff,0xff,0xff,0xff,0xff,0xff,0xff,0xff,0xff,0xff,0xff,0xff,0xff,0xff,
    0xff,0xff,0xff,0xff,0xff,0xff,0xff,0xff,0xff,0xff,0xff,0xff,0xff,0xff,0xff,0xff,
    0xff,0xff,0xff,0xff,0xff,0xff,0xff,0xff,0xff,0xff,0xff,0xff,0xff,0xff,0xff,0xff,
    0xff,0xff,0xfc,0xfc,0xfc,0xcf,0x00,0x00,0x00,0x00,0x00,0x00,0x00,0x00,0x00,0x00,
    0x00,0x00,0x00,0x00,0x00,0x00,0x00,0x00,0x00,0x00,0x00,0x00,0x00,0x00,0x00,0x00,
    0x00,0x00,0x00,0x00,0x00,0x00,0x00,0x00,0x00,0x00,0x00,0x00,0x00,0x00,0x00,0x00,
    0x00,0x00,0x00,0x00,0x00,0x00,0xee,0xee,0xee,0x0f,0xfc,0xfc,0xfc,0xdf,0xff,0xff,
    0xff,0xff,0xff,0xff,0xff,0xff,0xff,0xff,0xff,0xff,0xff,0xff,0xff,0xff,0xff,0xff,
    0xff,0xff,0xff,0xff,0xff,0xff,0xff,0xff,0xff,0xff,0xff,0xff,0xff,0xff,0xff,0xff,
    0xff,0xff,0xff,0xff,0xff,0xff,0xff,0xff,0xff,0xff,0xff,0xff,0xff,0xff,0xff,0xff,
    0xff,0xff,0xff,0xff,0xff,0xff,0xff,0xff,0xff,0xff,0xff,0xff,0xff,0xff,0xff,0xff,
    0xff,0xff,0xff,0xff,0xff,0xff,0xff,0xff,0xff,0xff,0xff,0xff,0xff,0xff,0xff,0xff,
    0xff,0xff,0xff,0xff,0xff,0xff,0xff,0xff,0xff,0xff,0xfe,0xfe,0xfe,0xef,0xf9,0xf9,
    0xf9,0x2f,0x00,0x00,0x00,0x00,0x00,0x00,0x00,0x00,0x00,0x00,0x00,0x00,0xc3,0xc3,
    0xc3,0xbf,0xe7,0xe7,0xe7,0xff,0x9e,0xbb,0xab,0xff,0x65,0x98,0x7c,0xff,0x50,0x82,
    0x66,0xff,0x4f,0x80,0x65,0xff,0x4f,0x80,0x65,0xff,0x5a,0x8c,0x70,0xff,0x65,0x98,
    0x7c,0xff,0x73,0x9a,0x84,0xff,0xae,0xb1,0xaf,0xff,0xdb,0xdb,0xdb,0xff,0xdb,0xdb,
    0xdb,0xff,0xe7,0xe7,0xe7,0xff,0xee,0xee,0xee,0xff,0xee,0xee,0xee,0xff,0xdb,0xdb,
    0xdb,0xff,0xdb,0xdb,0xdb,0xff,0xc5,0xc5,0xc5,0xff,0x84,0x9c,0x8f,0xff,0x65,0x98,
    0x7c,0xff,0x61,0x94,0x78,0xff,0x4f,0x80,0x65,0xff,0x4f,0x80,0x65,0xff,0x4f,0x80,
    0x65,0xff,0x5f,0x92,0x76,0xff,0x70,0x9f,0x85,0xff,0xee,0xee,0xee,0xff,0xcc,0xcc,
    0xcc,0xd4,0x00,0x00,0x00,0x00,0x00,0x00,0x00,0x00,0x00,0x00,0x00,0x00,0xc3,0xc3,
    0xc3,0xbf,0xe7,0xe7,0xe7,0xff,0x9e,0xbb,0xab,0xff,0x65,0x98,0x7c,0xff,0x50,0x81,
    0x66,0xff,0x4f,0x80,0x65,0xff,0x4f,0x80,0x65,0xff,0x5a,0x8c,0x70,0xff,0x65,0x98,
    0x7c,0xff,0x68,0x98,0x7e,0xff,0x9f,0xa6,0xa2,0xff,0xdb,0xdb,0xdb,0xff,0xdb,0xdb,
    0xdb,0xff,0xe7,0xe7,0xe7,0xff,0xee,0xee,0xee,0xff,0xee,0xee,0xee,0xff,0xdb,0xdb,
    0xdb,0xff,0xdb,0xdb,0xdb,0xff,0xbb,0xbb,0xbb,0xff,0x73,0x9a,0x85,0xff,0x65,0x98,
    0x7c,0xff,0x61,0x93,0x77,0xff,0x4f,0x80,0x65,0xff,0x4f,0x80,0x65,0xff,0x4f,0x80,
    0x65,0xff,0x5f,0x92,0x76,0xff,0x70,0x9f,0x85,0xff,0xee,0xee,0xee,0xff,0xcc,0xcc,
    0xcc,0xd4,0x00,0x00,0x00,0x00,0x00,0x00,0x00,0x00,0x00,0x00,0x00,0x00,0x00,0x00,
    0x00,0x00,0x00,0x00,0x00,0x00,0xc0,0xc0,0xc0,0x11,0xd2,0xd2,0xd2,0xfb,0xec,0xec,
    0xec,0xff,0x72,0x5f,0x68,0xff,0x6d,0x59,0x63,0xff,0x6d,0x59,0x63,0xff,0x7a,0x6b,
    0x72,0xff,0xc7,0xc7,0xc7,0xff,0xdb,0xdb,0xdb,0xff,0xdb,0xdb,0xdb,0xff,0xdb,0xdb,
    0xdb,0xff,0xe6,0xe6,0xe6,0xff,0xee,0xee,0xee,0xff,0xee,0xee,0xee,0xff,0xe9,0xe9,
    0xe9,0xff,0xdb,0xdb,0xdb,0xff,0xdb,0xdb,0xdb,0xff,0xdb,0xdb,0xdb,0xff,0xd6,0xd6,
    0xd6,0xff,0x83,0x78,0x7e,0xff,0x6d,0x59,0x63,0xff,0x6d,0x59,0x63,0xff,0x6d,0x59,
    0x63,0xff,0xdb,0xd8,0xd9,0xff,0xdd,0xdd,0xdd,0xff,0xc2,0xc2,0xc2,0x46,0x00,0x00,
    0x00,0x00,0x00,0x00,0x00,0x00,0x00,0x00,0x00,0x00,0x00,0x00,0x00,0x00,0x00,0x00,
    0x00,0x00,0x00,0x00,0x00,0x00,0xc0,0xc0,0xc0,0x0d,0xd0,0xd0,0xd0,0xf4,0xec,0xec,
    0xec,0xff,0x76,0x63,0x6d,0xff,0x6d,0x59,0x63,0xff,0x6d,0x59,0x63,0xff,0x7a,0x6b,
    0x72,0xff,0xc7,0xc7,0xc7,0xff,0xdb,0xdb,0xdb,0xff,0xdb,0xdb,0xdb,0xff,0xdb,0xdb,
    0xdb,0xff,0xe6,0xe6,0xe6,0xff,0xee,0xee,0xee,0xff,0xee,0xee,0xee,0xff,0xe9,0xe9,
    0xe9,0xff,0xdb,0xdb,0xdb,0xff,0xdb,0xdb,0xdb,0xff,0xdb,0xdb,0xdb,0xff,0xd6,0xd6,
    0xd6,0xff,0x83,0x78,0x7e,0xff,0x6d,0x59,0x63,0xff,0x6d,0x59,0x63,0xff,0x6d,0x59,
    0x63,0xff,0xde,0xdc,0xdd,0xff,0xda,0xda,0xda,0xff,0xc2,0xc2,0xc2,0x3a,0x00,0x00,
    0x00,0x00,0x00,0x00,0x00,0x00,0x00,0x00,0x00,0x00,0x00,0x00,0x00,0x00,0xfe,0xfe,
    0xfe,0xaf,0xff,0xff,0xff,0xff,0xf8,0xd4,0x81,0xff,0xe6,0xc4,0x77,0xff,0xd7,0xce,
    0xb9,0xff,0xd7,0xce,0xb9,0xff,0xd7,0xce,0xb9,0xff,0xd7,0xce,0xb9,0xff,0xd7,0xce,
    0xb9,0xff,0xd7,0xce,0xb9,0xff,0xd7,0xce,0xb9,0xff,0xe6,0xc4,0x77,0xff,0xeb,0xb3,
    0x37,0xff,0xcd,0x9b,0x3b,0xff,0xcd,0x9b,0x3b,0xff,0xcd,0x9b,0x3b,0xff,0xcd,0x9b,
    0x3b,0xff,0xd7,0xa3,0x39,0xff,0xf5,0xbb,0x36,0xff,0xd7,0xce,0xb9,0xff,0xd7,0xce,
    0xb9,0xff,0xd7,0xce,0xb9,0xff,0xd7,0xce,0xb9,0xff,0xd7,0xce,0xb9,0xff,0xd7,0xce,
    0xb9,0xff,0xd7,0xce,0xb9,0xff,0xd7,0xce,0xb9,0xff,0xf5,0xbb,0x36,0xff,0xfd,0xf6,
    0xe5,0xff,0xfe,0xfe,0xfe,0x97,0x00,0x00,0x00,0x00,0x00,0x00,0x00,0x00,0x00,0x00,
    0x00,0x00,0x00,0x00,0x00,0x00,0x00,0x00,0x00,0x00,0x00,0x00,0x00,0x00,0x00,0x00,
    0x00,0x00,0x00,0x00,0x00,0x00,0xee,0xee,0xee,0x0f,0xfb,0xfb,0xfb,0x3f,0xfd,0xfd,
    0xfd,0x6f,0xfd,0xfd,0xfd,0x7f,0xfd,0xfd,0xfd,0x7f,0xfd,0xfd,0xfd,0x7f,0xfd,0xfd,
    0xfd,0x7f,0xfd,0xfd,0xfd,0xbf,0xff,0xff,0xff,0xff,0xff,0xff,0xff,0xff,0xfc,0xfc,
    0xfc,0xdf,0xfd,0xfd,0xfd,0x7f,0xfd,0xfd,0xfd,0x7f,0xfd,0xfd,0xfd,0x7f,0xfd,0xfd,
    0xfd,0x7f,0xfd,0xfd,0xfd,0x7f,0xfb,0xfb,0xfb,0x3f,0xf7,0xf7,0xf7,0x1f,0x00,0x00,
    0x00,0x00,0x00,0x00,0x00,0x00,0x00,0x00,0x00,0x00,0x00,0x00,0x00,0x00,0x00,0x00,
    0x00,0x00,0x00,0x00,0x00,0x00,0x00,0x00,0x00,0x00,0x00,0x00,0x00,0x00,0x00,0x00,
    0x00,0x00,0x00,0x00,0x00,0x00,0x00,0x00,0x00,0x00,0x00,0x00,0x00,0x00,0x00,0x00,
    0x00,0x00,0xee,0xee,0xee,0x0f,0xfb,0xfb,0xfb,0x3f,0xfb,0xfb,0xfb,0x3f,0xfe,0xfe,
    0xfe,0xef,0xff,0xff,0xff,0xff,0xff,0xff,0xff,0xff,0xff,0xff,0xff,0xff,0xff,0xff,
    0xff,0xff,0xff,0xff,0xff,0xff,0xff,0xff,0xff,0xff,0xff,0xff,0xff,0xff,0xff,0xff,
    0xff,0xff,0xff,0xff,0xff,0xff,0xff,0xff,0xff,0xff,0xff,0xff,0xff,0xff,0xff,0xff,
    0xff,0xff,0xff,0xff,0xff,0xff,0xfc,0xfc,0xfc,0x5f,0xfb,0xfb,0xfb,0x3f,0xf7,0xf7,
    0xf7,0x1f,0x00,0x00,0x00,0x00,0x00,0x00,0x00,0x00,0x00,0x00,0x00,0x00,0x00,0x00,
    0x00,0x00,0x00,0x00,0x00,0x00,0x00,0x00,0x00,0x00,0x00,0x00,0x00,0x00,0x00,0x00,
    0x00,0x00,0x00,0x00,0x00,0x00,0x00,0x00,0x00,0x00,0xf9,0xf9,0xf9,0x2f,0xfe,0xfe,
    0xfe,0xef,0xff,0xff,0xff,0xff,0xff,0xff,0xff,0xff,0xff,0xff,0xff,0xff,0xff,0xff,
    0xff,0xff,0xff,0xff,0xff,0xff,0xff,0xff,0xff,0xff,0xff,0xff,0xff,0xff,0xff,0xff,
    0xff,0xff,0xff,0xff,0xff,0xff,0xff,0xff,0xff,0xff,0xff,0xff,0xff,0xff,0xff,0xff,
    0xff,0xff,0xff,0xff,0xff,0xff,0xff,0xff,0xff,0xff,0xff,0xff,0xff,0xff,0xff,0xff,
    0xff,0xff,0xff,0xff,0xff,0xff,0xff,0xff,0xff,0xff,0xff,0xff,0xff,0xff,0xff,0xff,
    0xff,0xff,0xfe,0xfe,0xfe,0xef,0xfe,0xfe,0xfe,0xef,0xf9,0xf9,0xf9,0x2f,0x00,0x00,
    0x00,0x00,0x00,0x00,0x00,0x00,0x00,0x00,0x00,0x00,0x00,0x00,0x00,0x00,0xc3,0xc3,
    0xc3,0xbf,0xe7,0xe7,0xe7,0xff,0x9e,0xbb,0xab,0xff,0x65,0x98,0x7c,0xff,0x50,0x82,
    0x66,0xff,0x4f,0x80,0x65,0xff,0x4f,0x80,0x65,0xff,0x5a,0x8c,0x70,0xff,0x78,0x9a,
    0x87,0xff,0xb3,0xb4,0xb3,0xff,0xd9,0xd9,0xd9,0xff,0xdb,0xdb,0xdb,0xff,0xdb,0xdb,
    0xdb,0xff,0xe7,0xe7,0xe7,0xff,0xee,0xee,0xee,0xff,0xee,0xee,0xee,0xff,0xdb,0xdb,
    0xdb,0xff,0xdb,0xdb,0xdb,0xff,0xdb,0xdb,0xdb,0xff,0xc6,0xc6,0xc6,0xff,0x8a,0x9e,
    0x93,0xff,0x62,0x94,0x78,0xff,0x4f,0x80,0x65,0xff,0x4f,0x80,0x65,0xff,0x4f,0x80,
    0x65,0xff,0x5f,0x92,0x76,0xff,0x70,0x9f,0x85,0xff,0xee,0xee,0xee,0xff,0xcc,0xcc,
    0xcc,0xd4,0x00,0x00,0x00,0x00,0x00,0x00,0x00,0x00,0x00,0x00,0x00,0x00,0xc3,0xc3,
    0xc3,0xbf,0xe7,0xe7,0xe7,0xff,0x9e,0xbb,0xab,0xff,0x65,0x98,0x7c,0xff,0x50,0x82,
    0x66,0xff,0x4f,0x80,0x65,0xff,0x4f,0x80,0x65,0xff,0x5a,0x8c,0x70,0xff,0x6b,0x98,
    0x7f,0xff,0x9c,0xa5,0xa0,0xff,0xd2,0xd2,0xd2,0xff,0xdb,0xdb,0xdb,0xff,0xdb,0xdb,
    0xdb,0xff,0xe7,0xe7,0xe7,0xff,0xee,0xee,0xee,0xff,0xee,0xee,0xee,0xff,0xdb,0xdb,
    0xdb,0xff,0xdb,0xdb,0xdb,0xff,0xd9,0xd9,0xd9,0xff,0xb1,0xb3,0xb2,0xff,0x76,0x9a,
    0x86,0xff,0x61,0x94,0x78,0xff,0x4f,0x80,0x65,0xff,0x4f,0x80,0x65,0xff,0x4f,0x80,
    0x65,0xff,0x5f,0x92,0x76,0xff,0x70,0x9f,0x85,0xff,0xee,0xee,0xee,0xff,0xcc,0xcc,
    0xcc,0xd4,0x00,0x00,0x00,0x00,0x00,0x00,0x00,0x00,0x00,0x00,0x00,0x00,0x00,0x00,
    0x00,0x00,0x00,0x00,0x00,0x00,0x00,0x00,0x00,0x00,0xc7,0xc7,0xc7,0xc6,0xed,0xed,
    0xed,0xff,0x8d,0x7e,0x85,0xff,0x6d,0x59,0x63,0xff,0x6d,0x59,0x63,0xff,0x7a,0x6b,
    0x72,0xff,0xc7,0xc7,0xc7,0xff,0xdb,0xdb,0xdb,0xff,0xdb,0xdb,0xdb,0xff,0xdb,0xdb,
    0xdb,0xff,0xe6,0xe6,0xe6,0xff,0xee,0xee,0xee,0xff,0xee,0xee,0xee,0xff,0xe9,0xe9,
    0xe9,0xff,0xdb,0xdb,0xdb,0xff,0xdb,0xdb,0xdb,0xff,0xdb,0xdb,0xdb,0xff,0xd6,0xd6,
    0xd6,0xff,0x83,0x78,0x7e,0xff,0x6d,0x59,0x63,0xff,0x6d,0x59,0x63,0xff,0x72,0x5f,
    0x68,0xff,0xec,0xec,0xec,0xff,0xd0,0xd0,0xd0,0xf4,0xc2,0xc2,0xc2,0x07,0x00,0x00,
    0x00,0x00,0x00,0x00,0x00,0x00,0x00,0x00,0x00,0x00,0x00,0x00,0x00,0x00,0x00,0x00,
    0x00,0x00,0x00,0x00,0x00,0x00,0x00,0x00,0x00,0x00,0xc4,0xc4,0xc4,0xa0,0xea,0xea,
    0xea,0xff,0x9b,0x8e,0x94,0xff,0x6d,0x59,0x63,0xff,0x6d,0x59,0x63,0xff,0x7a,0x6b,
    0x72,0xff,0xc7,0xc7,0xc7,0xff,0xdb,0xdb,0xdb,0xff,0xdb,0xdb,0xdb,0xff,0xdb,0xdb,
    0xdb,0xff,0xe6,0xe6,0xe6,0xff,0xee,0xee,0xee,0xff,0xee,0xee,0xee,0xff,0xe9,0xe9,
    0xe9,0xff,0xdb,0xdb,0xdb,0xff,0xdb,0xdb,0xdb,0xff,0xdb,0xdb,0xdb,0xff,0xd6,0xd6,
    0xd6,0xff,0x83,0x78,0x7e,0xff,0x6d,0x59,0x63,0xff,0x6d,0x59,0x63,0xff,0x7f,0x6d,
    0x76,0xff,0xee,0xee,0xee,0xff,0xcb,0xcb,0xcb,0xd5,0x00,0x00,0x00,0x00,0x00,0x00,
    0x00,0x00,0x00,0x00,0x00,0x00,0x00,0x00,0x00,0x00,0x00,0x00,0x00,0x00,0xfd,0xfd,
    0xfd,0xbf,0xff,0xff,0xff,0xff,0xf7,0xcc,0x68,0xff,0xeb,0xca,0x80,0xff,0xeb,0xe6,
    0xdc,0xff,0xf5,0xf2,0xed,0xff,0xe3,0xdd,0xce,0xff,0xd7,0xce,0xb9,0xff,0xd7,0xce,
    0xb9,0xff,0xd7,0xce,0xb9,0xff,0xd7,0xce,0xb9,0xff,0xe2,0xc6,0x87,0xff,0xd7,0xa3,
    0x39,0xff,0x55,0x3c,0x4a,0xff,0x55,0x3c,0x4a,0xff,0x55,0x3c,0x4a,0xff,0x55,0x3c,
    0x4a,0xff,0x87,0x63,0x43,0xff,0xf1,0xbd,0x46,0xff,0xd7,0xce,0xb9,0xff,0xd7,0xce,
    0xb9,0xff,0xd7,0xce,0xb9,0xff,0xd7,0xce,0xb9,0xff,0xd9,0xd1,0xbd,0xff,0xf0,0xec,
    0xe4,0xff,0xf2,0xef,0xe9,0xff,0xe3,0xdd,0xce,0xff,0xf5,0xbb,0x36,0xff,0xfc,0xee,
    0xcc,0xff,0xfe,0xfe,0xfe,0x9f,0x00,0x00,0x00,0x00,0x00,0x00,0x00,0x00,0x00,0x00,
    0x00,0x00,0x00,0x00,0x00,0x00,0xfd,0xfd,0xfd,0x7f,0xfd,0xfd,0xfd,0x7f,0xfe,0xfe,
    0xfe,0xef,0xff,0xff,0xff,0xff,0xff,0xff,0xff,0xff,0xff,0xff,0xff,0xff,0xff,0xff,
    0xff,0xff,0xff,0xff,0xff,0xff,0xff,0xff,0xff,0xff,0xff,0xff,0xff,0xff,0xff,0xff,
    0xff,0xff,0xff,0xff,0xff,0xff,0xff,0xff,0xff,0xff,0xff,0xff,0xff,0xff,0xff,0xff,
    0xff,0xff,0xff,0xff,0xff,0xff,0xff,0xff,0xff,0xff,0xff,0xff,0xff,0xff,0xff,0xff,
    0xff,0xff,0xff,0xff,0xff,0xff,0xff,0xff,0xff,0xff,0xff,0xff,0xff,0xff,0xff,0xff,
    0xff,0xff,0xff,0xff,0xff,0xff,0xfd,0xfd,0xfd,0xbf,0xf7,0xf7,0xf7,0x1f,0x00,0x00,
    0x00,0x00,0x00,0x00,0x00,0x00,0x00,0x00,0x00,0x00,0x00,0x00,0x00,0x00,0x00,0x00,
    0x00,0x00,0xfd,0xfd,0xfd,0x7f,0xfd,0xfd,0xfd,0x7f,0xfe,0xfe,0xfe,0xef,0xff,0xff,
    0xff,0xff,0xff,0xff,0xff,0xff,0xff,0xff,0xff,0xff,0xff,0xff,0xff,0xff,0xff,0xff,
    0xff,0xff,0xff,0xff,0xff,0xff,0xff,0xff,0xff,0xff,0xff,0xff,0xff,0xff,0xff,0xff,
    0xff,0xff,0xff,0xff,0xff,0xff,0xff,0xff,0xff,0xff,0xff,0xff,0xff,0xff,0xff,0xff,
    0xff,0xff,0xff,0xff,0xff,0xff,0xff,0xff,0xff,0xff,0xff,0xff,0xff,0xff,0xff,0xff,
    0xff,0xff,0xff,0xff,0xff,0xff,0xff,0xff,0xff,0xff,0xff,0xff,0xff,0xff,0xff,0xff,
    0xff,0xff,0xff,0xff,0xff,0xff,0xff,0xff,0xff,0xff,0xfd,0xfd,0xfd,0xbf,0xf7,0xf7,
    0xf7,0x1f,0x00,0x00,0x00,0x00,0x00,0x00,0x00,0x00,0x00,0x00,0x00,0x00,0x00,0x00,
    0x00,0x00,0x00,0x00,0x00,0x00,0x00,0x00,0x00,0x00,0xf9,0xf9,0xf9,0x2f,0xfe,0xfe,
    0xfe,0xef,0xff,0xff,0xff,0xff,0xff,0xff,0xff,0xff,0xff,0xff,0xff,0xff,0xff,0xff,
    0xff,0xff,0xff,0xff,0xff,0xff,0xff,0xff,0xff,0xff,0xff,0xff,0xff,0xff,0xff,0xff,
    0xff,0xff,0xff,0xff,0xff,0xff,0xff,0xff,0xff,0xff,0xff,0xff,0xff,0xff,0xff,0xff,
    0xff,0xff,0xff,0xff,0xff,0xff,0xff,0xff,0xff,0xff,0xff,0xff,0xff,0xff,0xff,0xff,
    0xff,0xff,0xff,0xff,0xff,0xff,0xff,0xff,0xff,0xff,0xff,0xff,0xff,0xff,0xff,0xff,
    0xff,0xff,0xfe,0xfe,0xfe,0xef,0xfe,0xfe,0xfe,0xef,0xf9,0xf9,0xf9,0x2f,0x00,0x00,
    0x00,0x00,0x00,0x00,0x00,0x00,0x00,0x00,0x00,0x00,0x00,0x00,0x00,0x00,0xc3,0xc3,
    0xc3,0xbf,0xe7,0xe7,0xe7,0xff,0x9e,0xbb,0xab,0xff,0x65,0x98,0x7c,0xff,0x5c,0x8f,
    0x73,0xff,0x5b,0x8e,0x72,0xff,0x5b,0x8e,0x72,0xff,0x79,0x96,0x86,0xff,0xbb,0xbb,
    0xbb,0xff,0xda,0xda,0xda,0xff,0xdb,0xdb,0xdb,0xff,0xdb,0xdb,0xdb,0xff,0xdb,0xdb,
    0xdb,0xff,0xe7,0xe7,0xe7,0xff,0xee,0xee,0xee,0xff,0xee,0xee,0xee,0xff,0xdb,0xdb,
    0xdb,0xff,0xdb,0xdb,0xdb,0xff,0xdb,0xdb,0xdb,0xff,0xdb,0xdb,0xdb,0xff,0xcb,0xcb,
    0xcb,0xff,0x91,0x9f,0x97,0xff,0x5d,0x8e,0x73,0xff,0x5b,0x8e,0x72,0xff,0x5b,0x8e,
    0x72,0xff,0x63,0x95,0x7a,0xff,0x70,0x9f,0x85,0xff,0xee,0xee,0xee,0xff,0xcc,0xcc,
    0xcc,0xd4,0x00,0x00,0x00,0x00,0x00,0x00,0x00,0x00,0x00,0x00,0x00,0x00,0xc3,0xc3,
    0xc3,0xbf,0xe7,0xe7,0xe7,0xff,0x9e,0xbb,0xab,0xff,0x65,0x98,0x7c,0xff,0x59,0x8b,
    0x70,0xff,0x58,0x8a,0x6f,0xff,0x58,0x8a,0x6f,0xff,0x71,0x94,0x81,0xff,0xaf,0xb3,
    0xb1,0xff,0xd6,0xd6,0xd6,0xff,0xdb,0xdb,0xdb,0xff,0xdb,0xdb,0xdb,0xff,0xdb,0xdb,
    0xdb,0xff,0xe7,0xe7,0xe7,0xff,0xee,0xee,0xee,0xff,0xee,0xee,0xee,0xff,0xdb,0xdb,
    0xdb,0xff,0xdb,0xdb,0xdb,0xff,0xdb,0xdb,0xdb,0xff,0xda,0xda,0xda,0xff,0xc1,0xc1,
    0xc1,0xff,0x86,0x9c,0x90,0xff,0x5a,0x8a,0x6f,0xff,0x58,0x8a,0x6f,0xff,0x58,0x8a,
    0x6f,0xff,0x62,0x94,0x79,0xff,0x70,0x9f,0x85,0xff,0xee,0xee,0xee,0xff,0xcc,0xcc,
    0xcc,0xd4,0x00,0x00,0x00,0x00,0x00,0x00,0x00,0x00,0x00,0x00,0x00,0x00,0x00,0x00,
    0x00,0x00,0x00,0x00,0x00,0x00,0x00,0x00,0x00,0x00,0xc2,0xc2,0xc2,0x6f,0xe5,0xe5,
    0xe5,0xff,0xad,0xa3,0xa8,0xff,0x6d,0x59,0x63,0xff,0x6d,0x59,0x63,0xff,0x79,0x6a,
    0x72,0xff,0xc6,0xc6,0xc6,0xff,0xdb,0xdb,0xdb,0xff,0xdb,0xdb,0xdb,0xff,0xdb,0xdb,
    0xdb,0xff,0xe6,0xe6,0xe6,0xff,0xee,0xee,0xee,0xff,0xee,0xee,0xee,0xff,0xe9,0xe9,
    0xe9,0xff,0xdb,0xdb,0xdb,0xff,0xdb,0xdb,0xdb,0xff,0xdb,0xdb,0xdb,0xff,0xd5,0xd5,
    0xd5,0xff,0x83,0x78,0x7d,0xff,0x6d,0x59,0x63,0xff,0x6d,0x59,0x63,0xff,0x93,0x85,
    0x8c,0xff,0xec,0xec,0xec,0xff,0xc5,0xc5,0xc5,0xa4,0x00,0x00,0x00,0x00,0x00,0x00,
    0x00,0x00,0x00,0x00,0x00,0x00,0x00,0x00,0x00,0x00,0x00,0x00,0x00,0x00,0x00,0x00,
    0x00,0x00,0x00,0x00,0x00,0x00,0x00,0x00,0x00,0x00,0xc2,0xc2,0xc2,0x4c,0xe0,0xe0,
    0xe0,0xff,0xbb,0xb4,0xb7,0xff,0x6d,0x59,0x63,0xff,0x6d,0x59,0x63,0xff,0x78,0x68,
    0x70,0xff,0xc0,0xc0,0xc0,0xff,0xdb,0xdb,0xdb,0xff,0xdb,0xdb,0xdb,0xff,0xdb,0xdb,
    0xdb,0xff,0xe6,0xe6,0xe6,0xff,0xee,0xee,0xee,0xff,0xee,0xee,0xee,0xff,0xe9,0xe9,
    0xe9,0xff,0xdb,0xdb,0xdb,0xff,0xdb,0xdb,0xdb,0xff,0xdb,0xdb,0xdb,0xff,0xce,0xce,
    0xce,0xff,0x81,0x75,0x7b,0xff,0x6d,0x59,0x63,0xff,0x6d,0x59,0x63,0xff,0xa2,0x97,
    0x9c,0xff,0xe8,0xe8,0xe8,0xff,0xc3,0xc3,0xc3,0x7f,0x00,0x00,0x00,0x00,0x00,0x00,
    0x00,0x00,0x00,0x00,0x00,0x00,0x00,0x00,0x00,0x00,0x00,0x00,0x00,0x00,0xfe,0xfe,
    0xfe,0xef,0xff,0xff,0xff,0xff,0xf7,0xcb,0x68,0xff,0xfd,0xf6,0xe5,0xff,0xfe,0xfe,
    0xfe,0xf7,0xfe,0xfe,0xfe,0xa7,0xfd,0xfd,0xfd,0xe7,0xfa,0xf8,0xf6,0xff,0xf0,0xec,
    0xe4,0xff,0xdf,0xd7,0xc7,0xff,0xd7,0xce,0xb9,0xff,0xda,0xcb,0xa8,0xff,0xf5,0xbb,
    0x36,0xff,0x91,0x6b,0x42,0xff,0x91,0x6b,0x42,0xff,0x91,0x6b,0x42,0xff,0x91,0x6b,
    0x42,0xff,0xc3,0x93,0x3c,0xff,0xe9,0xc1,0x66,0xff,0xd7,0xce,0xb9,0xff,0xde,0xd7,
    0xc6,0xff,0xea,0xe6,0xdb,0xff,0xf5,0xf2,0xed,0xff,0xfd,0xfd,0xfc,0xff,0xfe,0xfe,
    0xfe,0xc7,0xfe,0xfe,0xfe,0xc7,0xff,0xff,0xff,0xff,0xf9,0xdd,0x9a,0xff,0xfb,0xe5,
    0xb3,0xff,0xfe,0xfe,0xfe,0xbb,0x00,0x00,0x00,0x00,0x00,0x00,0x00,0x00,0x00,0x00,
    0x00,0x00,0x00,0x00,0x00,0x00,0xfd,0xfd,0xfd,0x6f,0xfd,0xfd,0xfd,0x6f,0xfd,0xfd,
    0xfd,0xbf,0xfd,0xfd,0xfd,0xbf,0xfc,0xfc,0xfc,0xcf,0xff,0xff,0xff,0xff,0xff,0xff,
    0xff,0xff,0xff,0xff,0xff,0xff,0xff,0xff,0xff,0xff,0xff,0xff,0xff,0xff,0xff,0xff,
    0xff,0xff,0xff,0xff,0xff,0xff,0xff,0xff,0xff,0xff,0xff,0xff,0xff,0xff,0xff,0xff,
    0xff,0xff,0xff,0xff,0xff,0xff,0xff,0xff,0xff,0xff,0xff,0xff,0xff,0xff,0xff,0xff,
    0xff,0xff,0xff,0xff,0xff,0xff,0xff,0xff,0xff,0xff,0xfc,0xfc,0xfc,0xdf,0xfd,0xfd,
    0xfd,0xbf,0xfd,0xfd,0xfd,0xbf,0xfd,0xfd,0xfd,0x9f,0xf9,0xf9,0xf9,0x2f,0x00,0x00,
    0x00,0x00,0x00,0x00,0x00,0x00,0x00,0x00,0x00,0x00,0x00,0x00,0x00,0x00,0x00,0x00,
    0x00,0x00,0xfd,0xfd,0xfd,0x6f,0xfd,0xfd,0xfd,0x6f,0xfd,0xfd,0xfd,0xbf,0xfd,0xfd,
    0xfd,0xbf,0xfc,0xfc,0xfc,0xcf,0xff,0xff,0xff,0xff,0xff,0xff,0xff,0xff,0xff,0xff,
    0xff,0xff,0xff,0xff,0xff,0xff,0xff,0xff,0xff,0xff,0xff,0xff,0xff,0xff,0xff,0xff,
    0xff,0xff,0xff,0xff,0xff,0xff,0xff,0xff,0xff,0xff,0xff,0xff,0xff,0xff,0xff,0xff,
    0xff,0xff,0xff,0xff,0xff,0xff,0xff,0xff,0xff,0xff,0xff,0xff,0xff,0xff,0xff,0xff,
    0xff,0xff,0xff,0xff,0xff,0xff,0xff,0xff,0xff,0xff,0xff,0xff,0xff,0xff,0xfc,0xfc,
    0xfc,0xdf,0xfd,0xfd,0xfd,0xbf,0xfd,0xfd,0xfd,0xbf,0xfd,0xfd,0xfd,0x9f,0xf9,0xf9,
    0xf9,0x2f,0x00,0x00,0x00,0x00,0x00,0x00,0x00,0x00,0x00,0x00,0x00,0x00,0x00,0x00,
    0x00,0x00,0x00,0x00,0x00,0x00,0x00,0x00,0x00,0x00,0x00,0x00,0x00,0x00,0xf9,0xf9,
    0xf9,0x2f,0xfe,0xfe,0xfe,0xef,0xfe,0xfe,0xfe,0xef,0xff,0xff,0xff,0xff,0xff,0xff,
    0xff,0xff,0xff,0xff,0xff,0xff,0xff,0xff,0xff,0xff,0xff,0xff,0xff,0xff,0xff,0xff,
    0xff,0xff,0xff,0xff,0xff,0xff,0xff,0xff,0xff,0xff,0xff,0xff,0xff,0xff,0xff,0xff,
    0xff,0xff,0xff,0xff,0xff,0xff,0xff,0xff,0xff,0xff,0xff,0xff,0xff,0xff,0xff,0xff,
    0xff,0xff,0xff,0xff,0xff,0xff,0xff,0xff,0xff,0xff,0xff,0xff,0xff,0xff,0xff,0xff,
    0xff,0xff,0xfc,0xfc,0xfc,0x5f,0xfc,0xfc,0xfc,0x5f,0x00,0x00,0x00,0x00,0x00,0x00,
    0x00,0x00,0x00,0x00,0x00,0x00,0x00,0x00,0x00,0x00,0x00,0x00,0x00,0x00,0xc3,0xc3,
    0xc3,0xbf,0xe7,0xe7,0xe7,0xff,0x9e,0xbb,0xab,0xff,0x65,0x98,0x7c,0xff,0x65,0x98,
    0x7c,0xff,0x65,0x98,0x7c,0xff,0x65,0x98,0x7c,0xff,0xaf,0xb0,0xaf,0xff,0xdb,0xdb,
    0xdb,0xff,0xdb,0xdb,0xdb,0xff,0xdb,0xdb,0xdb,0xff,0xdb,0xdb,0xdb,0xff,0xdb,0xdb,
    0xdb,0xff,0xe7,0xe7,0xe7,0xff,0xee,0xee,0xee,0xff,0xee,0xee,0xee,0xff,0xdb,0xdb,
    0xdb,0xff,0xdb,0xdb,0xdb,0xff,0xdb,0xdb,0xdb,0xff,0xdb,0xdb,0xdb,0xff,0xdb,0xdb,
    0xdb,0xff,0xc4,0xc4,0xc4,0xff,0x77,0x9a,0x87,0xff,0x65,0x98,0x7c,0xff,0x65,0x98,
    0x7c,0xff,0x65,0x98,0x7c,0xff,0x70,0x9f,0x85,0xff,0xee,0xee,0xee,0xff,0xcc,0xcc,
    0xcc,0xd4,0x00,0x00,0x00,0x00,0x00,0x00,0x00,0x00,0x00,0x00,0x00,0x00,0xc3,0xc3,
    0xc3,0xbf,0xe7,0xe7,0xe7,0xff,0x9e,0xbb,0xab,0xff,0x65,0x98,0x7c,0xff,0x65,0x98,
    0x7c,0xff,0x65,0x98,0x7c,0xff,0x65,0x98,0x7c,0xff,0xb1,0xb1,0xb1,0xff,0xdb,0xdb,
    0xdb,0xff,0xdb,0xdb,0xdb,0xff,0xdb,0xdb,0xdb,0xff,0xdb,0xdb,0xdb,0xff,0xdb,0xdb,
    0xdb,0xff,0xe7,0xe7,0xe7,0xff,0xee,0xee,0xee,0xff,0xee,0xee,0xee,0xff,0xdb,0xdb,
    0xdb,0xff,0xdb,0xdb,0xdb,0xff,0xdb,0xdb,0xdb,0xff,0xdb,0xdb,0xdb,0xff,0xdb,0xdb,
    0xdb,0xff,0xc5,0xc5,0xc5,0xff,0x78,0x9a,0x87,0xff,0x65,0x98,0x7c,0xff,0x65,0x98,
    0x7c,0xff,0x65,0x98,0x7c,0xff,0x70,0x9f,0x85,0xff,0xee,0xee,0xee,0xff,0xcc,0xcc,
    0xcc,0xd4,0x00,0x00,0x00,0x00,0x00,0x00,0x00,0x00,0x00,0x00,0x00,0x00,0x00,0x00,
    0x00,0x00,0x00,0x00,0x00,0x00,0x00,0x00,0x00,0x00,0xc1,0xc1,0xc1,0x1c,0xda,0xda,
    0xda,0xff,0xce,0xc9,0xcc,0xff,0x6d,0x59,0x63,0xff,0x6d,0x59,0x63,0xff,0x6f,0x5c,
    0x66,0xff,0xa1,0x9e,0x9f,0xff,0xd6,0xd6,0xd6,0xff,0xdb,0xdb,0xdb,0xff,0xdb,0xdb,
    0xdb,0xff,0xe6,0xe6,0xe6,0xff,0xee,0xee,0xee,0xff,0xee,0xee,0xee,0xff,0xe9,0xe9,
    0xe9,0xff,0xdb,0xdb,0xdb,0xff,0xdb,0xdb,0xdb,0xff,0xd9,0xd9,0xd9,0xff,0xb0,0xaf,
    0xb0,0xff,0x74,0x64,0x6c,0xff,0x6d,0x59,0x63,0xff,0x6d,0x59,0x63,0xff,0xb6,0xad,
    0xb2,0xff,0xe2,0xe2,0xe2,0xff,0xc2,0xc2,0xc2,0x4d,0x00,0x00,0x00,0x00,0x00,0x00,
    0x00,0x00,0x00,0x00,0x00,0x00,0x00,0x00,0x00,0x00,0x00,0x00,0x00,0x00,0x00,0x00,
    0x00,0x00,0x00,0x00,0x00,0x00,0x00,0x00,0x00,0x00,0xc0,0xc0,0xc0,0x07,0xd6,0xd6,
    0xd6,0xf2,0xdd,0xda,0xdb,0xff,0x6d,0x59,0x63,0xff,0x6d,0x59,0x63,0xff,0x6c,0x59,
    0x63,0xff,0x84,0x7b,0x7f,0xff,0xc3,0xc3,0xc3,0xff,0xdb,0xdb,0xdb,0xff,0xdb,0xdb,
    0xdb,0xff,0xe6,0xe6,0xe6,0xff,0xee,0xee,0xee,0xff,0xee,0xee,0xee,0xff,0xe9,0xe9,
    0xe9,0xff,0xdb,0xdb,0xdb,0xff,0xdb,0xdb,0xdb,0xff,0xcc,0xcc,0xcc,0xff,0x93,0x8e,
    0x90,0xff,0x6d,0x5a,0x63,0xff,0x6d,0x59,0x63,0xff,0x6d,0x59,0x63,0xff,0xc4,0xbd,
    0xc1,0xff,0xde,0xde,0xde,0xff,0xc1,0xc1,0xc1,0x2a,0x00,0x00,0x00,0x00,0x00,0x00,
    0x00,0x00,0x00,0x00,0x00,0x00,0x00,0x00,0x00,0x00,0x00,0x00,0x00,0x00,0xfd,0xfd,
    0xfd,0x8f,0xff,0xff,0xff,0xff,0xff,0xff,0xff,0xff,0xff,0xff,0xff,0xff,0xfc,0xfc,
    0xfc,0x5f,0x00,0x00,0x00,0x00,0x00,0x00,0x00,0x00,0xfc,0xfc,0xfc,0x5f,0xfc,0xfc,
    0xfc,0xdf,0xff,0xff,0xff,0xff,0xf0,0xec,0xe4,0xff,0xd9,0xd1,0xbd,0xff,0xf1,0xbd,
    0x46,0xff,0xf5,0xbb,0x36,0xff,0xf5,0xbb,0x36,0xff,0xf5,0xbb,0x36,0xff,0xf5,0xbb,
    0x36,0xff,0xf5,0xbb,0x36,0xff,0xe2,0xc6,0x87,0xff,0xee,0xea,0xe2,0xff,0xff,0xff,
    0xff,0xff,0xff,0xff,0xff,0xff,0xfd,0xfd,0xfd,0xbf,0xf7,0xf7,0xf7,0x1f,0x00,0x00,
    0x00,0x00,0xee,0xee,0xee,0x0f,0xfc,0xfc,0xfc,0xcf,0xff,0xff,0xff,0xff,0xff,0xff,
    0xff,0xff,0xfd,0xfd,0xfd,0x87,0x00,0x00,0x00,0x00,0x00,0x00,0x00,0x00,0x00,0x00,
    0x00,0x00,0x00,0x00,0x00,0x00,0x00,0x00,0x00,0x00,0x00,0x00,0x00,0x00,0x00,0x00,
    0x00,0x00,0x00,0x00,0x00,0x00,0xf7,0xf7,0xf7,0x1f,0xfb,0xfb,0xfb,0x3f,0xfb,0xfb,
    0xfb,0x3f,0xfb,0xfb,0xfb,0x3f,0xfb,0xfb,0xfb,0x3f,0xfb,0xfb,0xfb,0x3f,0xfb,0xfb,
    0xfb,0x3f,0xfd,0xfd,0xfd,0x9f,0xff,0xff,0xff,0xff,0xff,0xff,0xff,0xff,0xfc,0xfc,
    0xfc,0xcf,0xfb,0xfb,0xfb,0x3f,0xfb,0xfb,0xfb,0x3f,0xfb,0xfb,0xfb,0x3f,0xfb,0xfb,
    0xfb,0x3f,0xfb,0xfb,0xfb,0x3f,0xfb,0xfb,0xfb,0x3f,0xf9,0xf9,0xf9,0x2f,0x00,0x00,
    0x00,0x00,0x00,0x00,0x00,0x00,0x00,0x00,0x00,0x00,0x00,0x00,0x00,0x00,0x00,0x00,
    0x00,0x00,0x00,0x00,0x00,0x00,0x00,0x00,0x00,0x00,0x00,0x00,0x00,0x00,0x00,0x00,
    0x00,0x00,0x00,0x00,0x00,0x00,0x00,0x00,0x00,0x00,0x00,0x00,0x00,0x00,0x00,0x00,
    0x00,0x00,0x00,0x00,0x00,0x00,0x00,0x00,0x00,0x00,0x00,0x00,0x00,0x00,0xfd,0xfd,
    0xfd,0xbf,0xff,0xff,0xff,0xff,0xff,0xff,0xff,0xff,0xff,0xff,0xff,0xff,0xff,0xff,
    0xff,0xff,0xff,0xff,0xff,0xff,0xff,0xff,0xff,0xff,0xff,0xff,0xff,0xff,0xff,0xff,
    0xff,0xff,0xff,0xff,0xff,0xff,0xff,0xff,0xff,0xff,0xff,0xff,0xff,0xff,0xff,0xff,
    0xff,0xff,0xff,0xff,0xff,0xff,0xf9,0xf9,0xf9,0x2f,0x00,0x00,0x00,0x00,0x00,0x00,
    0x00,0x00,0x00,0x00,0x00,0x00,0x00,0x00,0x00,0x00,0x00,0x00,0x00,0x00,0x00,0x00,
    0x00,0x00,0x00,0x00,0x00,0x00,0x00,0x00,0x00,0x00,0x00,0x00,0x00,0x00,0x00,0x00,
    0x00,0x00,0x00,0x00,0x00,0x00,0x00,0x00,0x00,0x00,0x00,0x00,0x00,0x00,0x00,0x00,
    0x00,0x00,0xfd,0xfd,0xfd,0x9f,0xfd,0xfd,0xfd,0x9f,0xff,0xff,0xff,0xff,0xff,0xff,
    0xff,0xff,0xff,0xff,0xff,0xff,0xff,0xff,0xff,0xff,0xff,0xff,0xff,0xff,0xff,0xff,
    0xff,0xff,0xff,0xff,0xff,0xff,0xff,0xff,0xff,0xff,0xff,0xff,0xff,0xff,0xff,0xff,
    0xff,0xff,0xff,0xff,0xff,0xff,0xff,0xff,0xff,0xff,0xff,0xff,0xff,0xff,0xff,0xff,
    0xff,0xff,0xff,0xff,0xff,0xff,0xff,0xff,0xff,0xff,0xff,0xff,0xff,0xff,0xfc,0xfc,
    0xfc,0xdf,0x00,0x00,0x00,0x00,0x00,0x00,0x00,0x00,0x00,0x00,0x00,0x00,0x00,0x00,
    0x00,0x00,0x00,0x00,0x00,0x00,0x00,0x00,0x00,0x00,0x00,0x00,0x00,0x00,0xc3,0xc3,
    0xc3,0xbf,0xe7,0xe7,0xe7,0xff,0x9e,0xbb,0xab,0xff,0x65,0x98,0x7c,0xff,0x65,0x98,
    0x7c,0xff,0x65,0x98,0x7c,0xff,0x65,0x98,0x7c,0xff,0xb4,0xb4,0xb4,0xff,0xdb,0xdb,
    0xdb,0xff,0xdb,0xdb,0xdb,0xff,0xdb,0xdb,0xdb,0xff,0xdb,0xdb,0xdb,0xff,0xdb,0xdb,
    0xdb,0xff,0xe7,0xe7,0xe7,0xff,0xee,0xee,0xee,0xff,0xee,0xee,0xee,0xff,0xdb,0xdb,
    0xdb,0xff,0xdb,0xdb,0xdb,0xff,0xdb,0xdb,0xdb,0xff,0xdb,0xdb,0xdb,0xff,0xdb,0xdb,
    0xdb,0xff,0xc7,0xc7,0xc7,0xff,0x79,0x9b,0x88,0xff,0x65,0x98,0x7c,0xff,0x65,0x98,
    0x7c,0xff,0x65,0x98,0x7c,0xff,0x70,0x9f,0x85,0xff,0xee,0xee,0xee,0xff,0xcc,0xcc,
    0xcc,0xd4,0x00,0x00,0x00,0x00,0x00,0x00,0x00,0x00,0x00,0x00,0x00,0x00,0xc3,0xc3,
    0xc3,0xbf,0xe7,0xe7,0xe7,0xff,0x9e,0xbb,0xab,0xff,0x65,0x98,0x7c,0xff,0x65,0x98,
    0x7c,0xff,0x65,0x98,0x7c,0xff,0x65,0x98,0x7c,0xff,0xb4,0xb4,0xb4,0xff,0xdb,0xdb,
    0xdb,0xff,0xdb,0xdb,0xdb,0xff,0xdb,0xdb,0xdb,0xff,0xdb,0xdb,0xdb,0xff,0xdb,0xdb,
    0xdb,0xff,0xe7,0xe7,0xe7,0xff,0xee,0xee,0xee,0xff,0xee,0xee,0xee,0xff,0xdb,0xdb,
    0xdb,0xff,0xdb,0xdb,0xdb,0xff,0xdb,0xdb,0xdb,0xff,0xdb,0xdb,0xdb,0xff,0xdb,0xdb,
    0xdb,0xff,0xc7,0xc7,0xc7,0xff,0x79,0x9b,0x88,0xff,0x65,0x98,0x7c,0xff,0x65,0x98,
    0x7c,0xff,0x65,0x98,0x7c,0xff,0x70,0x9f,0x85,0xff,0xee,0xee,0xee,0xff,0xcc,0xcc,
    0xcc,0xd4,0x00,0x00,0x00,0x00,0x00,0x00,0x00,0x00,0x00,0x00,0x00,0x00,0x00,0x00,
    0x00,0x00,0x00,0x00,0x00,0x00,0x00,0x00,0x00,0x00,0x00,0x00,0x00,0x00,0xd3,0xd3,
    0xd3,0xdc,0xe9,0xe8,0xe9,0xff,0x6f,0x5c,0x65,0xff,0x6d,0x59,0x63,0xff,0x6d,0x59,
    0x63,0xff,0x6d,0x5d,0x65,0xff,0xa9,0xa8,0xa8,0xff,0xd8,0xd8,0xd8,0xff,0xdb,0xdb,
    0xdb,0xff,0xe6,0xe6,0xe6,0xff,0xee,0xee,0xee,0xff,0xee,0xee,0xee,0xff,0xe9,0xe9,
    0xe9,0xff,0xdb,0xdb,0xdb,0xff,0xdb,0xdb,0xdb,0xff,0xb7,0xb7,0xb7,0xff,0x77,0x6a,
    0x70,0xff,0x6b,0x57,0x61,0xff,0x6d,0x59,0x63,0xff,0x6d,0x59,0x63,0xff,0xd3,0xce,
    0xd0,0xff,0xd9,0xd9,0xd9,0xfb,0xc0,0xc0,0xc0,0x0c,0x00,0x00,0x00,0x00,0x00,0x00,
    0x00,0x00,0x00,0x00,0x00,0x00,0x00,0x00,0x00,0x00,0x00,0x00,0x00,0x00,0x00,0x00,
    0x00,0x00,0x00,0x00,0x00,0x00,0x00,0x00,0x00,0x00,0x00,0x00,0x00,0x00,0xcc,0xcc,
    0xcc,0xaf,0xee,0xee,0xee,0xff,0x82,0x71,0x7a,0xff,0x6d,0x59,0x63,0xff,0x6d,0x59,
    0x63,0xff,0x64,0x51,0x5a,0xff,0x7a,0x6f,0x74,0xff,0xba,0xba,0xba,0xff,0xda,0xda,
    0xda,0xff,0xe6,0xe6,0xe6,0xff,0xee,0xee,0xee,0xff,0xee,0xee,0xee,0xff,0xe9,0xe9,
    0xe9,0xff,0xdb,0xdb,0xdb,0xff,0xc4,0xc4,0xc4,0xff,0x86,0x7d,0x81,0xff,0x64,0x51,
    0x5a,0xff,0x6c,0x58,0x62,0xff,0x6d,0x59,0x63,0xff,0x70,0x5c,0x66,0xff,0xe7,0xe7,
    0xe7,0xff,0xd4,0xd4,0xd4,0xd4,0x00,0x00,0x00,0x00,0x00,0x00,0x00,0x00,0x00,0x00,
    0x00,0x00,0x00,0x00,0x00,0x00,0x00,0x00,0x00,0x00,0x00,0x00,0x00,0x00,0x00,0x00,
    0x00,0x00,0xfc,0xfc,0xfc,0x5f,0xfe,0xfe,0xfe,0xaf,0xfb,0xfb,0xfb,0x3f,0x00,0x00,
    0x00,0x00,0x00,0x00,0x00,0x00,0x00,0x00,0x00,0x00,0x00,0x00,0x00,0x00,0xee,0xee,
    0xee,0x0f,0xfd,0xfd,0xfd,0xb7,0xff,0xff,0xff,0xff,0xfc,0xfb,0xfa,0xff,0xf5,0xc8,
    0x63,0xff,0xf5,0xbb,0x36,0xff,0xf5,0xbb,0x36,0xff,0xf5,0xbb,0x36,0xff,0xf5,0xbb,
    0x36,0xff,0xf5,0xbb,0x36,0xff,0xf7,0xe7,0xc4,0xff,0xff,0xff,0xff,0xff,0xfc,0xfc,
    0xfc,0xdf,0xfc,0xfc,0xfc,0x4f,0x00,0x00,0x00,0x00,0x00,0x00,0x00,0x00,0x00,0x00,
    0x00,0x00,0x00,0x00,0x00,0x00,0xee,0xee,0xee,0x0f,0xfd,0xfd,0xfd,0x7f,0xfd,0xfd,
    0xfd,0x9f,0xf7,0xf7,0xf7,0x0f,0x00,0x00,0x00,0x00,0x00,0x00,0x00,0x00,0x00,0x00,
    0x00,0x00,0x00,0x00,0x00,0x00,0x00,0x00,0x00,0x00,0x00,0x00,0x00,0x00,0x00,0x00,
    0x00,0x00,0x00,0x00,0x00,0x00,0x00,0x00,0x00,0x00,0x00,0x00,0x00,0x00,0x00,0x00,
    0x00,0x00,0x00,0x00,0x00,0x00,0x00,0x00,0x00,0x00,0x00,0x00,0x00,0x00,0x00,0x00,
    0x00,0x00,0xfd,0xfd,0xfd,0x7f,0xff,0xff,0xff,0xff,0xff,0xff,0xff,0xff,0xfd,0xfd,
    0xfd,0xbf,0x00,0x00,0x00,0x00,0x00,0x00,0x00,0x00,0x00,0x00,0x00,0x00,0x00,0x00,
    0x00,0x00,0x00,0x00,0x00,0x00,0x00,0x00,0x00,0x00,0x00,0x00,0x00,0x00,0x00,0x00,
    0x00,0x00,0x00,0x00,0x00,0x00,0x00,0x00,0x00,0x00,0x00,0x00,0x00,0x00,0x00,0x00,
    0x00,0x00,0x00,0x00,0x00,0x00,0x00,0x00,0x00,0x00,0x00,0x00,0x00,0x00,0x00,0x00,
    0x00,0x00,0x00,0x00,0x00,0x00,0x00,0x00,0x00,0x00,0x00,0x00,0x00,0x00,0x00,0x00,
    0x00,0x00,0x00,0x00,0x00,0x00,0x00,0x00,0x00,0x00,0x00,0x00,0x00,0x00,0xfb,0xfb,
    0xfb,0x3f,0xff,0xff,0xff,0xff,0xff,0xff,0xff,0xff,0xff,0xff,0xff,0xff,0xff,0xff,
    0xff,0xff,0xff,0xff,0xff,0xff,0xff,0xff,0xff,0xff,0xff,0xff,0xff,0xff,0xff,0xff,
    0xff,0xff,0xff,0xff,0xff,0xff,0xff,0xff,0xff,0xff,0xff,0xff,0xff,0xff,0xff,0xff,
    0xff,0xff,0xfd,0xfd,0xfd,0xbf,0x00,0x00,0x00,0x00,0x00,0x00,0x00,0x00,0x00,0x00,
    0x00,0x00,0x00,0x00,0x00,0x00,0x00,0x00,0x00,0x00,0x00,0x00,0x00,0x00,0x00,0x00,
    0x00,0x00,0x00,0x00,0x00,0x00,0x00,0x00,0x00,0x00,0x00,0x00,0x00,0x00,0x00,0x00,
    0x00,0x00,0x00,0x00,0x00,0x00,0x00,0x00,0x00,0x00,0x00,0x00,0x00,0x00,0x00,0x00,
    0x00,0x00,0xfe,0xfe,0xfe,0xef,0xfe,0xfe,0xfe,0xef,0xff,0xff,0xff,0xff,0xff,0xff,
    0xff,0xff,0xff,0xff,0xff,0xff,0xff,0xff,0xff,0xff,0xff,0xff,0xff,0xff,0xff,0xff,
    0xff,0xff,0xff,0xff,0xff,0xff,0xff,0xff,0xff,0xff,0xff,0xff,0xff,0xff,0xff,0xff,
    0xff,0xff,0xff,0xff,0xff,0xff,0xff,0xff,0xff,0xff,0xff,0xff,0xff,0xff,0xff,0xff,
    0xff,0xff,0xff,0xff,0xff,0xff,0xff,0xff,0xff,0xff,0xff,0xff,0xff,0xff,0xff,0xff,
    0xff,0xff,0xf9,0xf9,0xf9,0x2f,0xf9,0xf9,0xf9,0x2f,0x00,0x00,0x00,0x00,0x00,0x00,
    0x00,0x00,0x00,0x00,0x00,0x00,0x00,0x00,0x00,0x00,0x00,0x00,0x00,0x00,0xc3,0xc3,
    0xc3,0xbf,0xe7,0xe7,0xe7,0xff,0x9e,0xbb,0xab,0xff,0x65,0x98,0x7c,0xff,0x65,0x98,
    0x7c,0xff,0x65,0x98,0x7c,0xff,0x65,0x98,0x7c,0xff,0xb4,0xb4,0xb4,0xff,0xdb,0xdb,
    0xdb,0xff,0xdb,0xdb,0xdb,0xff,0xdb,0xdb,0xdb,0xff,0xdb,0xdb,0xdb,0xff,0xdb,0xdb,
    0xdb,0xff,0xe9,0xe9,0xe9,0xff,0xee,0xee,0xee,0xff,0xee,0xee,0xee,0xff,0xdd,0xdd,
    0xdd,0xff,0xdb,0xdb,0xdb,0xff,0xdb,0xdb,0xdb,0xff,0xdb,0xdb,0xdb,0xff,0xdb,0xdb,
    0xdb,0xff,0xc7,0xc7,0xc7,0xff,0x79,0x9b,0x88,0xff,0x65,0x98,0x7c,0xff,0x65,0x98,
    0x7c,0xff,0x65,0x98,0x7c,0xff,0x70,0x9f,0x85,0xff,0xee,0xee,0xee,0xff,0xcc,0xcc,
    0xcc,0xd4,0x00,0x00,0x00,0x00,0x00,0x00,0x00,0x00,0x00,0x00,0x00,0x00,0xc3,0xc3,
    0xc3,0xbf,0xe7,0xe7,0xe7,0xff,0x9e,0xbb,0xab,0xff,0x65,0x98,0x7c,0xff,0x65,0x98,
    0x7c,0xff,0x65,0x98,0x7c,0xff,0x65,0x98,0x7c,0xff,0xb4,0xb4,0xb4,0xff,0xdb,0xdb,
    0xdb,0xff,0xdb,0xdb,0xdb,0xff,0xdb,0xdb,0xdb,0xff,0xdb,0xdb,0xdb,0xff,0xdb,0xdb,
    0xdb,0xff,0xeb,0xeb,0xeb,0xff,0xee,0xee,0xee,0xff,0xee,0xee,0xee,0xff,0xe0,0xe0,
    0xe0,0xff,0xdb,0xdb,0xdb,0xff,0xdb,0xdb,0xdb,0xff,0xdb,0xdb,0xdb,0xff,0xdb,0xdb,
    0xdb,0xff,0xc7,0xc7,0xc7,0xff,0x79,0x9b,0x88,0xff,0x65,0x98,0x7c,0xff,0x65,0x98,
    0x7c,0xff,0x65,0x98,0x7c,0xff,0x70,0x9f,0x85,0xff,0xee,0xee,0xee,0xff,0xcc,0xcc,
    0xcc,0xd4,0x00,0x00,0x00,0x00,0x00,0x00,0x00,0x00,0x00,0x00,0x00,0x00,0x00,0x00,
    0x00,0x00,0x00,0x00,0x00,0x00,0x00,0x00,0x00,0x00,0x00,0x00,0x00,0x00,0xca,0xca,
    0xca,0xa5,0xee,0xee,0xee,0xff,0x86,0x76,0x7e,0xff,0x6d,0x59,0x63,0xff,0x6d,0x59,
    0x63,0xff,0x64,0x51,0x5a,0xff,0x72,0x63,0x6a,0xff,0xb1,0xb1,0xb1,0xff,0xda,0xda,
    0xda,0xff,0xe6,0xe6,0xe6,0xff,0xee,0xee,0xee,0xff,0xee,0xee,0xee,0xff,0xe9,0xe9,
    0xe9,0xff,0xdb,0xdb,0xdb,0xff,0xbd,0xbd,0xbd,0xff,0x7c,0x70,0x75,0xff,0x64,0x51,
    0x5a,0xff,0x6c,0x58,0x62,0xff,0x6d,0x59,0x63,0xff,0x71,0x5e,0x67,0xff,0xeb,0xea,
    0xeb,0xff,0xd3,0xd3,0xd3,0xc9,0x00,0x00,0x00,0x00,0x00,0x00,0x00,0x00,0x00,0x00,
    0x00,0x00,0x00,0x00,0x00,0x00,0x00,0x00,0x00,0x00,0x00,0x00,0x00,0x00,0x00,0x00,
    0x00,0x00,0x00,0x00,0x00,0x00,0x00,0x00,0x00,0x00,0x00,0x00,0x00,0x00,0xc3,0xc3,
    0xc3,0x6f,0xe8,0xe8,0xe8,0xff,0xa3,0x98,0x9d,0xff,0x6d,0x59,0x63,0xff,0x6d,0x59,
    0x63,0xff,0x65,0x52,0x5b,0xff,0x64,0x51,0x5a,0xff,0x88,0x81,0x84,0xff,0xd7,0xd7,
    0xd7,0xff,0xe6,0xe6,0xe6,0xff,0xee,0xee,0xee,0xff,0xee,0xee,0xee,0xff,0xe9,0xe9,
    0xe9,0xff,0xdb,0xdb,0xdb,0xff,0x97,0x93,0x95,0xff,0x64,0x51,0x5a,0xff,0x64,0x51,
    0x5a,0xff,0x6c,0x58,0x62,0xff,0x6d,0x59,0x63,0xff,0x8d,0x7e,0x85,0xff,0xee,0xee,
    0xee,0xff,0xc9,0xc9,0xc9,0x94,0x00,0x00,0x00,0x00,0x00,0x00,0x00,0x00,0x00,0x00,
    0x00,0x00,0x00,0x00,0x00,0x00,0x00,0x00,0x00,0x00,0x00,0x00,0x00,0x00,0x00,0x00,
    0x00,0x00,0x00,0x00,0x00,0x00,0x00,0x00,0x00,0x00,0x00,0x00,0x00,0x00,0x00,0x00,
    0x00,0x00,0x00,0x00,0x00,0x00,0x00,0x00,0x00,0x00,0x00,0x00,0x00,0x00,0x00,0x00,
    0x00,0x00,0xf7,0xf7,0xf7,0x0f,0xfd,0xfd,0xfd,0xbf,0xff,0xff,0xff,0xff,0xf9,0xd8,
    0x8d,0xff,0xf5,0xbb,0x36,0xff,0xf5,0xbb,0x36,0xff,0xf5,0xbb,0x36,0xff,0xf5,0xbb,
    0x36,0xff,0xf5,0xbb,0x36,0xff,0xfe,0xfa,0xf2,0xff,0xfe,0xfe,0xfe,0xc7,0x00,0x00,
    0x00,0x00,0x00,0x00,0x00,0x00,0x00,0x00,0x00,0x00,0x00,0x00,0x00,0x00,0x00,0x00,
    0x00,0x00,0x00,0x00,0x00,0x00,0x00,0x00,0x00,0x00,0x00,0x00,0x00,0x00,0x00,0x00,
    0x00,0x00,0x00,0x00,0x00,0x00,0x00,0x00,0x00,0x00,0x00,0x00,0x00,0x00,0x00,0x00,
    0x00,0x00,0x00,0x00,0x00,0x00,0x00,0x00,0x00,0x00,0x00,0x00,0x00,0x00,0x00,0x00,
    0x00,0x00,0x00,0x00,0x00,0x00,0x00,0x00,0x00,0x00,0x00,0x00,0x00,0x00,0x00,0x00,
    0x00,0x00,0x00,0x00,0x00,0x00,0x00,0x00,0x00,0x00,0x00,0x00,0x00,0x00,0x00,0x00,
    0x00,0x00,0xfc,0xfc,0xfc,0x5f,0xff,0xff,0xff,0xff,0xff,0xff,0xff,0xff,0xfd,0xfd,
    0xfd,0x8f,0x00,0x00,0x00,0x00,0x00,0x00,0x00,0x00,0x00,0x00,0x00,0x00,0x00,0x00,
    0x00,0x00,0x00,0x00,0x00,0x00,0x00,0x00,0x00,0x00,0x00,0x00,0x00,0x00,0x00,0x00,
    0x00,0x00,0x00,0x00,0x00,0x00,0x00,0x00,0x00,0x00,0x00,0x00,0x00,0x00,0x00,0x00,
    0x00,0x00,0x00,0x00,0x00,0x00,0x00,0x00,0x00,0x00,0x00,0x00,0x00,0x00,0x00,0x00,
    0x00,0x00,0x00,0x00,0x00,0x00,0x00,0x00,0x00,0x00,0x00,0x00,0x00,0x00,0x00,0x00,
    0x00,0x00,0x00,0x00,0x00,0x00,0x00,0x00,0x00,0x00,0x00,0x00,0x00,0x00,0x00,0x00,
    0x00,0x00,0xfd,0xfd,0xfd,0xbf,0xff,0xff,0xff,0xff,0xff,0xff,0xff,0xff,0xff,0xff,
    0xff,0xff,0xff,0xff,0xff,0xff,0xff,0xff,0xff,0xff,0xff,0xff,0xff,0xff,0xff,0xff,
    0xff,0xff,0xff,0xff,0xff,0xff,0xff,0xff,0xff,0xff,0xff,0xff,0xff,0xff,0xff,0xff,
    0xff,0xff,0xfb,0xfb,0xfb,0x3f,0x00,0x00,0x00,0x00,0x00,0x00,0x00,0x00,0x00,0x00,
    0x00,0x00,0x00,0x00,0x00,0x00,0x00,0x00,0x00,0x00,0x00,0x00,0x00,0x00,0x00,0x00,
    0x00,0x00,0x00,0x00,0x00,0x00,0x00,0x00,0x00,0x00,0x00,0x00,0x00,0x00,0x00,0x00,
    0x00,0x00,0x00,0x00,0x00,0x00,0x00,0x00,0x00,0x00,0x00,0x00,0x00,0x00,0xfc,0xfc,
    0xfc,0x4f,0xff,0xff,0xff,0xff,0xff,0xff,0xff,0xff,0xff,0xff,0xff,0xff,0xff,0xff,
    0xff,0xff,0xff,0xff,0xff,0xff,0xff,0xff,0xff,0xff,0xff,0xff,0xff,0xff,0xff,0xff,
    0xff,0xff,0xff,0xff,0xff,0xff,0xff,0xff,0xff,0xff,0xff,0xff,0xff,0xff,0xff,0xff,
    0xff,0xff,0xff,0xff,0xff,0xff,0xff,0xff,0xff,0xff,0xff,0xff,0xff,0xff,0xff,0xff,
    0xff,0xff,0xff,0xff,0xff,0xff,0xff,0xff,0xff,0xff,0xff,0xff,0xff,0xff,0xff,0xff,
    0xff,0xff,0xfd,0xfd,0xfd,0x8f,0xfd,0xfd,0xfd,0x8f,0x00,0x00,0x00,0x00,0x00,0x00,
    0x00,0x00,0x00,0x00,0x00,0x00,0x00,0x00,0x00,0x00,0x00,0x00,0x00,0x00,0xc3,0xc3,
    0xc3,0xbf,0xe7,0xe7,0xe7,0xff,0x9e,0xbb,0xab,0xff,0x65,0x98,0x7c,0xff,0x65,0x98,
    0x7c,0xff,0x65,0x98,0x7c,0xff,0x65,0x98,0x7c,0xff,0xb4,0xb4,0xb4,0xff,0xdb,0xdb,
    0xdb,0xff,0xdb,0xdb,0xdb,0xff,0xdb,0xdb,0xdb,0xff,0xdb,0xdb,0xdb,0xff,0xe1,0xe1,
    0xe1,0xff,0xee,0xee,0xee,0xff,0xee,0xee,0xee,0xff,0xee,0xee,0xee,0xff,0xe7,0xe7,
    0xe7,0xff,0xdb,0xdb,0xdb,0xff,0xdb,0xdb,0xdb,0xff,0xdb,0xdb,0xdb,0xff,0xdb,0xdb,
    0xdb,0xff,0xc7,0xc7,0xc7,0xff,0x79,0x9b,0x88,0xff,0x65,0x98,0x7c,0xff,0x65,0x98,
    0x7c,0xff,0x65,0x98,0x7c,0xff,0x70,0x9f,0x85,0xff,0xee,0xee,0xee,0xff,0xcc,0xcc,
    0xcc,0xd4,0x00,0x00,0x00,0x00,0x00,0x00,0x00,0x00,0x00,0x00,0x00,0x00,0xc3,0xc3,
    0xc3,0xbf,0xe7,0xe7,0xe7,0xff,0x9e,0xbb,0xab,0xff,0x65,0x98,0x7c,0xff,0x65,0x98,
    0x7c,0xff,0x65,0x98,0x7c,0xff,0x65,0x98,0x7c,0xff,0xb4,0xb4,0xb4,0xff,0xdb,0xdb,
    0xdb,0xff,0xdb,0xdb,0xdb,0xff,0xdb,0xdb,0xdb,0xff,0xdb,0xdb,0xdb,0xff,0xe4,0xe4,
    0xe4,0xff,0xee,0xee,0xee,0xff,0xee,0xee,0xee,0xff,0xee,0xee,0xee,0xff,0xea,0xea,
    0xea,0xff,0xdb,0xdb,0xdb,0xff,0xdb,0xdb,0xdb,0xff,0xdb,0xdb,0xdb,0xff,0xdb,0xdb,
    0xdb,0xff,0xc7,0xc7,0xc7,0xff,0x79,0x9b,0x88,0xff,0x65,0x98,0x7c,0xff,0x65,0x98,
    0x7c,0xff,0x65,0x98,0x7c,0xff,0x70,0x9f,0x85,0xff,0xee,0xee,0xee,0xff,0xcc,0xcc,
    0xcc,0xd4,0x00,0x00,0x00,0x00,0x00,0x00,0x00,0x00,0x00,0x00,0x00,0x00,0x00,0x00,
    0x00,0x00,0x00,0x00,0x00,0x00,0x00,0x00,0x00,0x00,0x00,0x00,0x00,0x00,0xc3,0xc3,
    0xc3,0x6f,0xe8,0xe8,0xe8,0xff,0xa3,0x98,0x9d,0xff,0x6d,0x59,0x63,0xff,0x6d,0x59,
    0x63,0xff,0x65,0x52,0x5b,0xff,0x64,0x51,0x5a,0xff,0x88,0x81,0x84,0xff,0xd7,0xd7,
    0xd7,0xff,0xe6,0xe6,0xe6,0xff,0xee,0xee,0xee,0xff,0xee,0xee,0xee,0xff,0xe9,0xe9,
    0xe9,0xff,0xdb,0xdb,0xdb,0xff,0x97,0x93,0x95,0xff,0x64,0x51,0x5a,0xff,0x64,0x51,
    0x5a,0xff,0x6c,0x58,0x62,0xff,0x6d,0x59,0x63,0xff,0x8d,0x7e,0x85,0xff,0xee,0xee,
    0xee,0xff,0xc9,0xc9,0xc9,0x94,0x00,0x00,0x00,0x00,0x00,0x00,0x00,0x00,0x00,0x00,
    0x00,0x00,0x00,0x00,0x00,0x00,0x00,0x00,0x00,0x00,0x00,0x00,0x00,0x00,0x00,0x00,
    0x00,0x00,0x00,0x00,0x00,0x00,0x00,0x00,0x00,0x00,0x00,0x00,0x00,0x00,0xc2,0xc2,
    0xc2,0x2f,0xda,0xda,0xda,0xff,0xc5,0xbf,0xc2,0xff,0x6d,0x59,0x63,0xff,0x6d,0x59,
    0x63,0xff,0x66,0x53,0x5c,0xff,0x64,0x51,0x5a,0xff,0x87,0x7f,0x83,0xff,0xd7,0xd7,
    0xd7,0xff,0xe6,0xe6,0xe6,0xff,0xee,0xee,0xee,0xff,0xee,0xee,0xee,0xff,0xe9,0xe9,
    0xe9,0xff,0xdb,0xdb,0xdb,0xff,0x96,0x91,0x93,0xff,0x64,0x51,0x5a,0xff,0x64,0x51,
    0x5a,0xff,0x6d,0x59,0x63,0xff,0x6d,0x59,0x63,0xff,0xae,0xa4,0xa9,0xff,0xe4,0xe4,
    0xe4,0xff,0xc2,0xc2,0xc2,0x53,0x00,0x00,0x00,0x00,0x00,0x00,0x00,0x00,0x00,0x00,
    0x00,0x00,0x00,0x00,0x00,0x00,0x00,0x00,0x00,0x00,0x00,0x00,0x00,0x00,0x00,0x00,
    0x00,0x00,0x00,0x00,0x00,0x00,0x00,0x00,0x00,0x00,0x00,0x00,0x00,0x00,0x00,0x00,
    0x00,0x00,0x00,0x00,0x00,0x00,0x00,0x00,0x00,0x00,0x00,0x00,0x00,0x00,0x00,0x00,
    0x00,0x00,0x00,0x00,0x00,0x00,0xfc,0xfc,0xfc,0x5f,0xff,0xff,0xff,0xff,0xfa,0xdd,
    0x9a,0xff,0xf5,0xbb,0x36,0xff,0xf5,0xbb,0x36,0xff,0xf5,0xbb,0x36,0xff,0xf5,0xbb,
    0x36,0xff,0xf5,0xbb,0x36,0xff,0xff,0xff,0xff,0xff,0xfe,0xfe,0xfe,0x8f,0x00,0x00,
    0x00,0x00,0x00,0x00,0x00,0x00,0x00,0x00,0x00,0x00,0x00,0x00,0x00,0x00,0x00,0x00,
    0x00,0x00,0x00,0x00,0x00,0x00,0x00,0x00,0x00,0x00,0x00,0x00,0x00,0x00,0x00,0x00,
    0x00,0x00,0x00,0x00,0x00,0x00,0x00,0x00,0x00,0x00,0x00,0x00,0x00,0x00,0x00,0x00,
    0x00,0x00,0x00,0x00,0x00,0x00,0x00,0x00,0x00,0x00,0x00,0x00,0x00,0x00,0x00,0x00,
    0x00,0x00,0x00,0x00,0x00,0x00,0x00,0x00,0x00,0x00,0x00,0x00,0x00,0x00,0x00,0x00,
    0x00,0x00,0x00,0x00,0x00,0x00,0x00,0x00,0x00,0x00,0x00,0x00,0x00,0x00,0x00,0x00,
    0x00,0x00,0xfb,0xfb,0xfb,0x3f,0xff,0xff,0xff,0xff,0xff,0xff,0xff,0xff,0xfd,0xfd,
    0xfd,0x7f,0x00,0x00,0x00,0x00,0x00,0x00,0x00,0x00,0x00,0x00,0x00,0x00,0x00,0x00,
    0x00,0x00,0x00,0x00,0x00,0x00,0x00,0x00,0x00,0x00,0x00,0x00,0x00,0x00,0x00,0x00,
    0x00,0x00,0x00,0x00,0x00,0x00,0x00,0x00,0x00,0x00,0x00,0x00,0x00,0x00,0x00,0x00,
    0x00,0x00,0x00,0x00,0x00,0x00,0x00,0x00,0x00,0x00,0x00,0x00,0x00,0x00,0x00,0x00,
    0x00,0x00,0x00,0x00,0x00,0x00,0x00,0x00,0x00,0x00,0x00,0x00,0x00,0x00,0x00,0x00,
    0x00,0x00,0x00,0x00,0x00,0x00,0x00,0x00,0x00,0x00,0x00,0x00,0x00,0x00,0x00,0x00,
    0x00,0x00,0xfd,0xfd,0xfd,0xbf,0xff,0xff,0xff,0xff,0xff,0xff,0xff,0xff,0xff,0xff,
    0xff,0xff,0xff,0xff,0xff,0xff,0xff,0xff,0xff,0xff,0xff,0xff,0xff,0xff,0xff,0xff,
    0xff,0xff,0xff,0xff,0xff,0xff,0xff,0xff,0xff,0xff,0xff,0xff,0xff,0xff,0xff,0xff,
    0xff,0xff,0xfb,0xfb,0xfb,0x3f,0x00,0x00,0x00,0x00,0x00,0x00,0x00,0x00,0x00,0x00,
    0x00,0x00,0x00,0x00,0x00,0x00,0x00,0x00,0x00,0x00,0x00,0x00,0x00,0x00,0x00,0x00,
    0x00,0x00,0x00,0x00,0x00,0x00,0x00,0x00,0x00,0x00,0x00,0x00,0x00,0x00,0x00,0x00,
    0x00,0x00,0x00,0x00,0x00,0x00,0x00,0x00,0x00,0x00,0x00,0x00,0x00,0x00,0xfc,0xfc,
    0xfc,0x4f,0xff,0xff,0xff,0xff,0xff,0xff,0xff,0xff,0xff,0xff,0xff,0xff,0xff,0xff,
    0xff,0xff,0xff,0xff,0xff,0xff,0xff,0xff,0xff,0xff,0xff,0xff,0xff,0xff,0xff,0xff,
    0xff,0xff,0xff,0xff,0xff,0xff,0xff,0xff,0xff,0xff,0xff,0xff,0xff,0xff,0xff,0xff,
    0xff,0xff,0xff,0xff,0xff,0xff,0xff,0xff,0xff,0xff,0xff,0xff,0xff,0xff,0xff,0xff,
    0xff,0xff,0xff,0xff,0xff,0xff,0xff,0xff,0xff,0xff,0xff,0xff,0xff,0xff,0xff,0xff,
    0xff,0xff,0xfd,0xfd,0xfd,0x8f,0xfd,0xfd,0xfd,0x8f,0x00,0x00,0x00,0x00,0x00,0x00,
    0x00,0x00,0x00,0x00,0x00,0x00,0x00,0x00,0x00,0x00,0x00,0x00,0x00,0x00,0xc3,0xc3,
    0xc3,0xbf,0xe7,0xe7,0xe7,0xff,0x9e,0xbb,0xab,0xff,0x65,0x98,0x7c,0xff,0x65,0x98,
    0x7c,0xff,0x65,0x98,0x7c,0xff,0x65,0x98,0x7c,0xff,0xb4,0xb4,0xb4,0xff,0xdb,0xdb,
    0xdb,0xff,0xdb,0xdb,0xdb,0xff,0xdb,0xdb,0xdb,0xff,0xdc,0xdc,0xdc,0xff,0xeb,0xeb,
    0xeb,0xff,0xee,0xee,0xee,0xff,0xee,0xee,0xee,0xff,0xee,0xee,0xee,0xff,0xee,0xee,
    0xee,0xff,0xe2,0xe2,0xe2,0xff,0xdb,0xdb,0xdb,0xff,0xdb,0xdb,0xdb,0xff,0xdb,0xdb,
    0xdb,0xff,0xc7,0xc7,0xc7,0xff,0x79,0x9b,0x88,0xff,0x65,0x98,0x7c,0xff,0x65,0x98,
    0x7c,0xff,0x65,0x98,0x7c,0xff,0x70,0x9f,0x85,0xff,0xee,0xee,0xee,0xff,0xcc,0xcc,
    0xcc,0xd4,0x00,0x00,0x00,0x00,0x00,0x00,0x00,0x00,0x00,0x00,0x00,0x00,0xc3,0xc3,
    0xc3,0xbf,0xe7,0xe7,0xe7,0xff,0x9e,0xbb,0xab,0xff,0x65,0x98,0x7c,0xff,0x65,0x98,
    0x7c,0xff,0x65,0x98,0x7c,0xff,0x65,0x98,0x7c,0xff,0xb3,0xb3,0xb3,0xff,0xdb,0xdb,
    0xdb,0xff,0xdb,0xdb,0xdb,0xff,0xc4,0xc0,0xc2,0xff,0x98,0x8c,0x93,0xff,0xa1,0x94,
    0x9b,0xff,0xa1,0x95,0x9c,0xff,0xa1,0x95,0x9c,0xff,0xa1,0x95,0x9c,0xff,0xa1,0x95,
    0x9c,0xff,0x9d,0x90,0x97,0xff,0xae,0xa6,0xaa,0xff,0xdb,0xdb,0xdb,0xff,0xdb,0xdb,
    0xdb,0xff,0xc7,0xc7,0xc7,0xff,0x78,0x9a,0x87,0xff,0x65,0x98,0x7c,0xff,0x65,0x98,
    0x7c,0xff,0x65,0x98,0x7c,0xff,0x70,0x9f,0x85,0xff,0xee,0xee,0xee,0xff,0xcc,0xcc,
    0xcc,0xd4,0x00,0x00,0x00,0x00,0x00,0x00,0x00,0x00,0x00,0x00,0x00,0x00,0x00,0x00,
    0x00,0x00,0x00,0x00,0x00,0x00,0x00,0x00,0x00,0x00,0x00,0x00,0x00,0x00,0xc2,0xc2,
    0xc2,0x2f,0xda,0xda,0xda,0xff,0xc5,0xbf,0xc2,0xff,0x6d,0x59,0x63,0xff,0x6d,0x59,
    0x63,0xff,0x66,0x53,0x5c,0xff,0x64,0x51,0x5a,0xff,0x87,0x7f,0x83,0xff,0xd7,0xd7,
    0xd7,0xff,0xe6,0xe6,0xe6,0xff,0xee,0xee,0xee,0xff,0xee,0xee,0xee,0xff,0xe9,0xe9,
    0xe9,0xff,0xdb,0xdb,0xdb,0xff,0x96,0x91,0x93,0xff,0x64,0x51,0x5a,0xff,0x64,0x51,
    0x5a,0xff,0x6d,0x59,0x63,0xff,0x6d,0x59,0x63,0xff,0xae,0xa4,0xa9,0xff,0xe4,0xe4,
    0xe4,0xff,0xc2,0xc2,0xc2,0x53,0x00,0x00,0x00,0x00,0x00,0x00,0x00,0x00,0x00,0x00,
    0x00,0x00,0x00,0x00,0x00,0x00,0x00,0x00,0x00,0x00,0x00,0x00,0x00,0x00,0x00,0x00,
    0x00,0x00,0x00,0x00,0x00,0x00,0x00,0x00,0x00,0x00,0x00,0x00,0x00,0x00,0xbb,0xbb,
    0xbb,0x00,0xca,0xca,0xca,0xdc,0xe7,0xe7,0xe7,0xff,0x71,0x5d,0x67,0xff,0x6d,0x59,
    0x63,0xff,0x67,0x54,0x5d,0xff,0x64,0x51,0x5a,0xff,0x89,0x81,0x85,0xff,0xd7,0xd7,
    0xd7,0xff,0xbe,0xb8,0xbc,0xff,0xab,0xa0,0xa6,0xff,0xab,0xa0,0xa6,0xff,0xb6,0xae,
    0xb3,0xff,0xdb,0xdb,0xdb,0xff,0x97,0x93,0x95,0xff,0x64,0x51,0x5a,0xff,0x66,0x53,
    0x5c,0xff,0x6d,0x59,0x63,0xff,0x6d,0x59,0x63,0xff,0xd5,0xd1,0xd3,0xff,0xd5,0xd5,
    0xd5,0xf8,0xc2,0xc2,0xc2,0x0d,0x00,0x00,0x00,0x00,0x00,0x00,0x00,0x00,0x00,0x00,
    0x00,0x00,0x00,0x00,0x00,0x00,0x00,0x00,0x00,0x00,0x00,0x00,0x00,0x00,0x00,0x00,
    0x00,0x00,0x00,0x00,0x00,0x00,0x00,0x00,0x00,0x00,0x00,0x00,0x00,0x00,0x00,0x00,
    0x00,0x00,0x00,0x00,0x00,0x00,0x00,0x00,0x00,0x00,0x00,0x00,0x00,0x00,0x00,0x00,
    0x00,0x00,0x00,0x00,0x00,0x00,0xfb,0xfb,0xfb,0x3f,0xff,0xff,0xff,0xff,0xfb,0xe9,
    0xc0,0xff,0xf5,0xbb,0x36,0xff,0xf5,0xbb,0x36,0xff,0xf5,0xbb,0x36,0xff,0xf5,0xbb,
    0x36,0xff,0xf6,0xc7,0x5b,0xff,0xff,0xff,0xff,0xff,0xff,0xff,0xff,0x7f,0x00,0x00,
    0x00,0x00,0x00,0x00,0x00,0x00,0x00,0x00,0x00,0x00,0x00,0x00,0x00,0x00,0x00,0x00,
    0x00,0x00,0x00,0x00,0x00,0x00,0x00,0x00,0x00,0x00,0x00,0x00,0x00,0x00,0x00,0x00,
    0x00,0x00,0x00,0x00,0x00,0x00,0x00,0x00,0x00,0x00,0x00,0x00,0x00,0x00,0x00,0x00,
    0x00,0x00,0x00,0x00,0x00,0x00,0x00,0x00,0x00,0x00,0x00,0x00,0x00,0x00,0x00,0x00,
    0x00,0x00,0x00,0x00,0x00,0x00,0x00,0x00,0x00,0x00,0x00,0x00,0x00,0x00,0x00,0x00,
    0x00,0x00,0x00,0x00,0x00,0x00,0x00,0x00,0x00,0x00,0x00,0x00,0x00,0x00,0x00,0x00,
    0x00,0x00,0xfb,0xfb,0xfb,0x3f,0xff,0xff,0xff,0xff,0xff,0xff,0xff,0xff,0xfd,0xfd,
    0xfd,0x7f,0x00,0x00,0x00,0x00,0x00,0x00,0x00,0x00,0x00,0x00,0x00,0x00,0x00,0x00,
    0x00,0x00,0x00,0x00,0x00,0x00,0x00,0x00,0x00,0x00,0x00,0x00,0x00,0x00,0x00,0x00,
    0x00,0x00,0x00,0x00,0x00,0x00,0x00,0x00,0x00,0x00,0x00,0x00,0x00,0x00,0x00,0x00,
    0x00,0x00,0x00,0x00,0x00,0x00,0x00,0x00,0x00,0x00,0x00,0x00,0x00,0x00,0x00,0x00,
    0x00,0x00,0x00,0x00,0x00,0x00,0x00,0x00,0x00,0x00,0x00,0x00,0x00,0x00,0x00,0x00,
    0x00,0x00,0x00,0x00,0x00,0x00,0x00,0x00,0x00,0x00,0x00,0x00,0x00,0x00,0x00,0x00,
    0x00,0x00,0xfb,0xfb,0xfb,0x3f,0xfe,0xfe,0xfe,0xef,0xfe,0xfe,0xfe,0xef,0xff,0xff,
    0xff,0xff,0xff,0xff,0xff,0xff,0xff,0xff,0xff,0xff,0xff,0xff,0xff,0xff,0xff,0xff,
    0xff,0xff,0xff,0xff,0xff,0xff,0xff,0xff,0xff,0xff,0xfd,0xfd,0xfd,0x6f,0xfd,0xfd,
    0xfd,0x6f,0x00,0x00,0x00,0x00,0x00,0x00,0x00,0x00,0x00,0x00,0x00,0x00,0x00,0x00,
    0x00,0x00,0x00,0x00,0x00,0x00,0x00,0x00,0x00,0x00,0x00,0x00,0x00,0x00,0x00,0x00,
    0x00,0x00,0x00,0x00,0x00,0x00,0x00,0x00,0x00,0x00,0x00,0x00,0x00,0x00,0x00,0x00,
    0x00,0x00,0x00,0x00,0x00,0x00,0x00,0x00,0x00,0x00,0x00,0x00,0x00,0x00,0xfd,0xfd,
    0xfd,0x9f,0xff,0xff,0xff,0xff,0xff,0xff,0xff,0xff,0xff,0xff,0xff,0xff,0xff,0xff,
    0xff,0xff,0xff,0xff,0xff,0xff,0xff,0xff,0xff,0xff,0xff,0xff,0xff,0xff,0xff,0xff,
    0xff,0xff,0xff,0xff,0xff,0xff,0xff,0xff,0xff,0xff,0xff,0xff,0xff,0xff,0xff,0xff,
    0xff,0xff,0xff,0xff,0xff,0xff,0xff,0xff,0xff,0xff,0xff,0xff,0xff,0xff,0xff,0xff,
    0xff,0xff,0xff,0xff,0xff,0xff,0xff,0xff,0xff,0xff,0xff,0xff,0xff,0xff,0xff,0xff,
    0xff,0xff,0xfc,0xfc,0xfc,0xdf,0xfc,0xfc,0xfc,0xdf,0x00,0x00,0x00,0x00,0x00,0x00,
    0x00,0x00,0x00,0x00,0x00,0x00,0x00,0x00,0x00,0x00,0x00,0x00,0x00,0x00,0xc3,0xc3,
    0xc3,0xbf,0xe7,0xe7,0xe7,0xff,0x9e,0xbb,0xab,0xff,0x65,0x98,0x7c,0xff,0x65,0x98,
    0x7c,0xff,0x65,0x98,0x7c,0xff,0x65,0x98,0x7c,0xff,0xb1,0xb2,0xb2,0xff,0xdb,0xdb,
    0xdb,0xff,0xdb,0xdb,0xdb,0xff,0xae,0xa6,0xaa,0xff,0x55,0x3c,0x4a,0xff,0x55,0x3c,
    0x4a,0xff,0x55,0x3c,0x4a,0xff,0x55,0x3c,0x4a,0xff,0x55,0x3c,0x4a,0xff,0x55,0x3c,
    0x4a,0xff,0x55,0x3c,0x4a,0xff,0x81,0x71,0x7a,0xff,0xdb,0xdb,0xdb,0xff,0xdb,0xdb,
    0xdb,0xff,0xc6,0xc6,0xc6,0xff,0x77,0x9a,0x87,0xff,0x65,0x98,0x7c,0xff,0x65,0x98,
    0x7c,0xff,0x65,0x98,0x7c,0xff,0x70,0x9f,0x85,0xff,0xee,0xee,0xee,0xff,0xcc,0xcc,
    0xcc,0xd4,0x00,0x00,0x00,0x00,0x00,0x00,0x00,0x00,0x00,0x00,0x00,0x00,0xc3,0xc3,
    0xc3,0xbf,0xe7,0xe7,0xe7,0xff,0xd3,0xdd,0xd7,0xff,0x7b,0xa6,0x8e,0xff,0x65,0x98,
    0x7c,0xff,0x65,0x98,0x7c,0xff,0x65,0x98,0x7c,0xff,0x91,0xa0,0x98,0xff,0xd8,0xd8,
    0xd8,0xff,0xdb,0xdb,0xdb,0xff,0xc2,0xbd,0xbf,0xff,0x77,0x61,0x6c,0xff,0x5c,0x41,
    0x4f,0xff,0x56,0x3c,0x4a,0xff,0x55,0x3c,0x4a,0xff,0x55,0x3c,0x4a,0xff,0x59,0x3f,
    0x4d,0xff,0x66,0x4d,0x5a,0xff,0xa4,0x98,0x9e,0xff,0xdb,0xdb,0xdb,0xff,0xdb,0xdb,
    0xdb,0xff,0xb1,0xb3,0xb2,0xff,0x69,0x98,0x7e,0xff,0x65,0x98,0x7c,0xff,0x65,0x98,
    0x7c,0xff,0x6b,0x9c,0x81,0xff,0xb5,0xca,0xbf,0xff,0xee,0xee,0xee,0xff,0xcc,0xcc,
    0xcc,0xd4,0x00,0x00,0x00,0x00,0x00,0x00,0x00,0x00,0x00,0x00,0x00,0x00,0x00,0x00,
    0x00,0x00,0x00,0x00,0x00,0x00,0x00,0x00,0x00,0x00,0x00,0x00,0x00,0x00,0xbb,0xbb,
    0xbb,0x01,0xcc,0xcc,0xcc,0xe7,0xe5,0xe4,0xe5,0xff,0x6d,0x5a,0x63,0xff,0x6d,0x59,
    0x63,0xff,0x67,0x54,0x5d,0xff,0x64,0x51,0x5a,0xff,0x87,0x80,0x83,0xff,0xd7,0xd7,
    0xd7,0xff,0xcf,0xcc,0xce,0xff,0xc7,0xc1,0xc5,0xff,0xc7,0xc1,0xc5,0xff,0xcc,0xc7,
    0xca,0xff,0xdb,0xdb,0xdb,0xff,0x96,0x92,0x94,0xff,0x64,0x51,0x5a,0xff,0x65,0x52,
    0x5b,0xff,0x6d,0x59,0x63,0xff,0x6d,0x59,0x63,0xff,0xd0,0xcb,0xce,0xff,0xd6,0xd6,
    0xd6,0xff,0xc2,0xc2,0xc2,0x12,0x00,0x00,0x00,0x00,0x00,0x00,0x00,0x00,0x00,0x00,
    0x00,0x00,0x00,0x00,0x00,0x00,0x00,0x00,0x00,0x00,0x00,0x00,0x00,0x00,0x00,0x00,
    0x00,0x00,0x00,0x00,0x00,0x00,0x00,0x00,0x00,0x00,0x00,0x00,0x00,0x00,0x00,0x00,
    0x00,0x00,0xc3,0xc3,0xc3,0x88,0xe6,0xe6,0xe6,0xff,0x8d,0x7e,0x85,0xff,0x6d,0x59,
    0x63,0xff,0x68,0x55,0x5e,0xff,0x68,0x57,0x5f,0xff,0xab,0xaa,0xaa,0xff,0xdb,0xdb,
    0xdb,0xff,0x7e,0x6d,0x77,0xff,0x55,0x3c,0x4a,0xff,0x55,0x3c,0x4a,0xff,0x69,0x54,
    0x60,0xff,0xda,0xda,0xda,0xff,0xb8,0xb8,0xb8,0xff,0x71,0x62,0x69,0xff,0x67,0x54,
    0x5d,0xff,0x6d,0x59,0x63,0xff,0x75,0x62,0x6b,0xff,0xed,0xed,0xed,0xff,0xc7,0xc7,
    0xc7,0xb6,0x00,0x00,0x00,0x00,0x00,0x00,0x00,0x00,0x00,0x00,0x00,0x00,0x00,0x00,
    0x00,0x00,0x00,0x00,0x00,0x00,0x00,0x00,0x00,0x00,0x00,0x00,0x00,0x00,0x00,0x00,
    0x00,0x00,0x00,0x00,0x00,0x00,0x00,0x00,0x00,0x00,0x00,0x00,0x00,0x00,0x00,0x00,
    0x00,0x00,0x00,0x00,0x00,0x00,0x00,0x00,0x00,0x00,0x00,0x00,0x00,0x00,0x00,0x00,
    0x00,0x00,0x00,0x00,0x00,0x00,0x00,0x00,0x00,0x00,0xff,0xff,0xff,0xff,0xfc,0xee,
    0xcc,0xff,0xf5,0xbb,0x36,0xff,0xf5,0xbb,0x36,0xff,0xf5,0xbb,0x36,0xff,0xf5,0xbb,
    0x36,0xff,0xf7,0xcc,0x68,0xff,0xff,0xff,0xff,0xff,0xfd,0xfd,0xfd,0x5f,0x00,0x00,
    0x00,0x00,0x00,0x00,0x00,0x00,0x00,0x00,0x00,0x00,0x00,0x00,0x00,0x00,0x00,0x00,
    0x00,0x00,0x00,0x00,0x00,0x00,0x00,0x00,0x00,0x00,0x00,0x00,0x00,0x00,0x00,0x00,
    0x00,0x00,0x00,0x00,0x00,0x00,0x00,0x00,0x00,0x00,0x00,0x00,0x00,0x00,0x00,0x00,
    0x00,0x00,0x00,0x00,0x00,0x00,0x00,0x00,0x00,0x00,0x00,0x00,0x00,0x00,0x00,0x00,
    0x00,0x00,0x00,0x00,0x00,0x00,0x00,0x00,0x00,0x00,0x00,0x00,0x00,0x00,0x00,0x00,
    0x00,0x00,0x00,0x00,0x00,0x00,0x00,0x00,0x00,0x00,0x00,0x00,0x00,0x00,0x00,0x00,
    0x00,0x00,0xfb,0xfb,0xfb,0x3f,0xff,0xff,0xff,0xff,0xff,0xff,0xff,0xff,0xfd,0xfd,
    0xfd,0x6f,0x00,0x00,0x00,0x00,0x00,0x00,0x00,0x00,0x00,0x00,0x00,0x00,0x00,0x00,
    0x00,0x00,0x00,0x00,0x00,0x00,0x00,0x00,0x00,0x00,0x00,0x00,0x00,0x00,0x00,0x00,
    0x00,0x00,0x00,0x00,0x00,0x00,0x00,0x00,0x00,0x00,0x00,0x00,0x00,0x00,0x00,0x00,
    0x00,0x00,0x00,0x00,0x00,0x00,0x00,0x00,0x00,0x00,0x00,0x00,0x00,0x00,0x00,0x00,
    0x00,0x00,0x00,0x00,0x00,0x00,0x00,0x00,0x00,0x00,0x00,0x00,0x00,0x00,0x00,0x00,
    0x00,0x00,0x00,0x00,0x00,0x00,0x00,0x00,0x00,0x00,0x00,0x00,0x00,0x00,0x00,0x00,
    0x00,0x00,0x00,0x00,0x00,0x00,0xfb,0xfb,0xfb,0x3f,0xfb,0xfb,0xfb,0x3f,0xfe,0xfe,
    0xfe,0xaf,0xfc,0xfc,0xfc,0xcf,0xff,0xff,0xff,0xff,0xff,0xff,0xff,0xff,0xfc,0xfc,
    0xfc,0xdf,0xfd,0xfd,0xfd,0xbf,0xfc,0xfc,0xfc,0x4f,0x00,0x00,0x00,0x00,0x00,0x00,
    0x00,0x00,0x00,0x00,0x00,0x00,0x00,0x00,0x00,0x00,0x00,0x00,0x00,0x00,0x00,0x00,
    0x00,0x00,0x00,0x00,0x00,0x00,0x00,0x00,0x00,0x00,0x00,0x00,0x00,0x00,0x00,0x00,
    0x00,0x00,0x00,0x00,0x00,0x00,0x00,0x00,0x00,0x00,0x00,0x00,0x00,0x00,0x00,0x00,
    0x00,0x00,0x00,0x00,0x00,0x00,0x00,0x00,0x00,0x00,0x00,0x00,0x00,0x00,0xfe,0xfe,
    0xfe,0xef,0xff,0xff,0xff,0xff,0xff,0xff,0xff,0xff,0xff,0xff,0xff,0xff,0xff,0xff,
    0xff,0xff,0xff,0xff,0xff,0xff,0xff,0xff,0xff,0xff,0xff,0xff,0xff,0xff,0xff,0xff,
    0xff,0xff,0xff,0xff,0xff,0xff,0xff,0xff,0xff,0xff,0xff,0xff,0xff,0xff,0xff,0xff,
    0xff,0xff,0xff,0xff,0xff,0xff,0xff,0xff,0xff,0xff,0xff,0xff,0xff,0xff,0xff,0xff,
    0xff,0xff,0xff,0xff,0xff,0xff,0xff,0xff,0xff,0xff,0xff,0xff,0xff,0xff,0xff,0xff,
    0xff,0xff,0xff,0xff,0xff,0xff,0xff,0xff,0xff,0xff,0xf9,0xf9,0xf9,0x2f,0x00,0x00,
    0x00,0x00,0x00,0x00,0x00,0x00,0x00,0x00,0x00,0x00,0x00,0x00,0x00,0x00,0xc3,0xc3,
    0xc3,0xbf,0xe7,0xe7,0xe7,0xff,0xd3,0xdd,0xd7,0xff,0x7b,0xa6,0x8e,0xff,0x65,0x98,
    0x7c,0xff,0x65,0x98,0x7c,0xff,0x65,0x98,0x7c,0xff,0x91,0xa0,0x98,0xff,0xd8,0xd8,
    0xd8,0xff,0xdb,0xdb,0xdb,0xff,0xc2,0xbd,0xbf,0xff,0x77,0x61,0x6c,0xff,0x5c,0x41,
    0x4f,0xff,0x56,0x3c,0x4a,0xff,0x55,0x3c,0x4a,0xff,0x55,0x3c,0x4a,0xff,0x59,0x3f,
    0x4d,0xff,0x66,0x4d,0x5a,0xff,0xa4,0x98,0x9e,0xff,0xdb,0xdb,0xdb,0xff,0xdb,0xdb,
    0xdb,0xff,0xb1,0xb3,0xb2,0xff,0x69,0x98,0x7e,0xff,0x65,0x98,0x7c,0xff,0x65,0x98,
    0x7c,0xff,0x6b,0x9c,0x81,0xff,0xb5,0xca,0xbf,0xff,0xee,0xee,0xee,0xff,0xcc,0xcc,
    0xcc,0xd4,0x00,0x00,0x00,0x00,0x00,0x00,0x00,0x00,0x00,0x00,0x00,0x00,0xc3,0xc3,
    0xc3,0x4f,0xcb,0xcb,0xcb,0xe2,0xe2,0xe2,0xe2,0xff,0xe9,0xeb,0xea,0xff,0xa0,0xbd,
    0xad,0xff,0x66,0x98,0x7d,0xff,0x65,0x98,0x7c,0xff,0x75,0x9a,0x86,0xff,0xc2,0xc2,
    0xc2,0xff,0xdb,0xdb,0xdb,0xff,0xdb,0xdb,0xdb,0xff,0xdb,0xdb,0xdb,0xff,0xcc,0xc8,
    0xca,0xff,0x9d,0x8f,0x96,0xff,0x70,0x59,0x64,0xff,0x8d,0x7b,0x83,0xff,0xbd,0xb5,
    0xb9,0xff,0xdb,0xdb,0xdb,0xff,0xdb,0xdb,0xdb,0xff,0xdb,0xdb,0xdb,0xff,0xd5,0xd5,
    0xd5,0xff,0x8a,0x9e,0x93,0xff,0x65,0x98,0x7c,0xff,0x65,0x98,0x7c,0xff,0x83,0xaa,
    0x95,0xff,0xd9,0xe1,0xdd,0xff,0xe8,0xe8,0xe8,0xff,0xd2,0xd2,0xd2,0xf7,0xc3,0xc3,
    0xc3,0x76,0x00,0x00,0x00,0x00,0x00,0x00,0x00,0x00,0x00,0x00,0x00,0x00,0x00,0x00,
    0x00,0x00,0x00,0x00,0x00,0x00,0x00,0x00,0x00,0x00,0x00,0x00,0x00,0x00,0x00,0x00,
    0x00,0x00,0xc3,0xc3,0xc3,0xa1,0xea,0xea,0xea,0xff,0x83,0x72,0x7b,0xff,0x6d,0x59,
    0x63,0xff,0x68,0x55,0x5e,0xff,0x64,0x51,0x5a,0xff,0x9b,0x97,0x99,0xff,0xd9,0xd9,
    0xd9,0xff,0x89,0x79,0x82,0xff,0x55,0x3c,0x4a,0xff,0x55,0x3c,0x4a,0xff,0x72,0x5f,
    0x6a,0xff,0xdb,0xdb,0xdb,0xff,0xaa,0xa9,0xa9,0xff,0x68,0x57,0x5f,0xff,0x67,0x53,
    0x5d,0xff,0x6d,0x59,0x63,0xff,0x6f,0x5c,0x65,0xff,0xea,0xe9,0xea,0xff,0xcc,0xcc,
    0xcc,0xcd,0x00,0x00,0x00,0x00,0x00,0x00,0x00,0x00,0x00,0x00,0x00,0x00,0x00,0x00,
    0x00,0x00,0x00,0x00,0x00,0x00,0x00,0x00,0x00,0x00,0x00,0x00,0x00,0x00,0x00,0x00,
    0x00,0x00,0x00,0x00,0x00,0x00,0x00,0x00,0x00,0x00,0x00,0x00,0x00,0x00,0x00,0x00,
    0x00,0x00,0xc1,0xc1,0xc1,0x33,0xd8,0xd8,0xd8,0xff,0xb0,0xa7,0xab,0xff,0x6d,0x59,
    0x63,0xff,0x6d,0x59,0x63,0xff,0x96,0x91,0x93,0xff,0xd4,0xd4,0xd4,0xff,0xb9,0xb3,
    0xb7,0xff,0x55,0x3c,0x4a,0xff,0x55,0x3c,0x4a,0xff,0x55,0x3c,0x4a,0xff,0x55,0x3c,
    0x4a,0xff,0xa8,0x9f,0xa4,0xff,0xd8,0xd8,0xd8,0xff,0xa5,0xa3,0xa4,0xff,0x71,0x5f,
    0x68,0xff,0x6d,0x59,0x63,0xff,0x93,0x85,0x8c,0xff,0xe2,0xe2,0xe2,0xff,0xc2,0xc2,
    0xc2,0x5f,0x00,0x00,0x00,0x00,0x00,0x00,0x00,0x00,0x00,0x00,0x00,0x00,0x00,0x00,
    0x00,0x00,0x00,0x00,0x00,0x00,0x00,0x00,0x00,0x00,0x00,0x00,0x00,0x00,0x00,0x00,
    0x00,0x00,0x00,0x00,0x00,0x00,0x00,0x00,0x00,0x00,0x00,0x00,0x00,0x00,0x00,0x00,
    0x00,0x00,0x00,0x00,0x00,0x00,0x00,0x00,0x00,0x00,0x00,0x00,0x00,0x00,0x00,0x00,
    0x00,0x00,0x00,0x00,0x00,0x00,0x00,0x00,0x00,0x00,0xfe,0xfe,0xfe,0xef,0xff,0xff,
    0xff,0xff,0xf5,0xbb,0x36,0xff,0xf5,0xbb,0x36,0xff,0xf5,0xbb,0x36,0xff,0xf5,0xbb,
    0x36,0xff,0xfa,0xdd,0x9a,0xff,0xff,0xff,0xff,0xff,0xfe,0xfe,0xfe,0x57,0x00,0x00,
    0x00,0x00,0x00,0x00,0x00,0x00,0x00,0x00,0x00,0x00,0x00,0x00,0x00,0x00,0x00,0x00,
    0x00,0x00,0x00,0x00,0x00,0x00,0x00,0x00,0x00,0x00,0x00,0x00,0x00,0x00,0x00,0x00,
    0x00,0x00,0x00,0x00,0x00,0x00,0x00,0x00,0x00,0x00,0x00,0x00,0x00,0x00,0x00,0x00,
    0x00,0x00,0x00,0x00,0x00,0x00,0x00,0x00,0x00,0x00,0x00,0x00,0x00,0x00,0x00,0x00,
    0x00,0x00,0x00,0x00,0x00,0x00,0x00,0x00,0x00,0x00,0x00,0x00,0x00,0x00,0x00,0x00,
    0x00,0x00,0x00,0x00,0x00,0x00,0x00,0x00,0x00,0x00,0x00,0x00,0x00,0x00,0x00,0x00,
    0x00,0x00,0x00,0x00,0x00,0x00,0xff,0xff,0xff,0xff,0xff,0xff,0xff,0xff,0xfb,0xfb,
    0xfb,0x3f,0x00,0x00,0x00,0x00,0x00,0x00,0x00,0x00,0x00,0x00,0x00,0x00,0x00,0x00,
    0x00,0x00,0x00,0x00,0x00,0x00,0x00,0x00,0x00,0x00,0x00,0x00,0x00,0x00,0x00,0x00,
    0x00,0x00,0x00,0x00,0x00,0x00,0x00,0x00,0x00,0x00,0x00,0x00,0x00,0x00,0x00,0x00,
    0x00,0x00,0x00,0x00,0x00,0x00,0x00,0x00,0x00,0x00,0x00,0x00,0x00,0x00,0x00,0x00,
    0x00,0x00,0x00,0x00,0x00,0x00,0x00,0x00,0x00,0x00,0x00,0x00,0x00,0x00,0x00,0x00,
    0x00,0x00,0x00,0x00,0x00,0x00,0x00,0x00,0x00,0x00,0x00,0x00,0x00,0x00,0x00,0x00,
    0x00,0x00,0x00,0x00,0x00,0x00,0x00,0x00,0x00,0x00,0x00,0x00,0x00,0x00,0x00,0x00,
    0x00,0x00,0xf9,0xf9,0xf9,0x2f,0xff,0xff,0xff,0xff,0xff,0xff,0xff,0xff,0xfd,0xfd,
    0xfd,0x7f,0x00,0x00,0x00,0x00,0x00,0x00,0x00,0x00,0x00,0x00,0x00,0x00,0x00,0x00,
    0x00,0x00,0x00,0x00,0x00,0x00,0x00,0x00,0x00,0x00,0x00,0x00,0x00,0x00,0x00,0x00,
    0x00,0x00,0x00,0x00,0x00,0x00,0x00,0x00,0x00,0x00,0x00,0x00,0x00,0x00,0x00,0x00,
    0x00,0x00,0x00,0x00,0x00,0x00,0x00,0x00,0x00,0x00,0x00,0x00,0x00,0x00,0x00,0x00,
    0x00,0x00,0x00,0x00,0x00,0x00,0x00,0x00,0x00,0x00,0xfc,0xfc,0xfc,0x4f,0xff,0xff,
    0xff,0xff,0xfc,0xfc,0xfc,0xdf,0xfc,0xfc,0xfc,0xdf,0xfd,0xfd,0xfd,0xbf,0xfe,0xfe,
    0xfe,0xaf,0xfd,0xfd,0xfd,0x7f,0xfd,0xfd,0xfd,0x7f,0xfd,0xfd,0xfd,0x7f,0xff,0xff,
    0xff,0xff,0xff,0xff,0xff,0xff,0xff,0xff,0xff,0xff,0xff,0xff,0xff,0xff,0xff,0xff,
    0xff,0xff,0xff,0xff,0xff,0xff,0xff,0xff,0xff,0xff,0xfd,0xfd,0xfd,0x9f,0xfd,0xfd,
    0xfd,0x7f,0xfd,0xfd,0xfd,0x7f,0xfd,0xfd,0xfd,0x9f,0xfd,0xfd,0xfd,0xbf,0xfc,0xfc,
    0xfc,0xcf,0xff,0xff,0xff,0xff,0xff,0xff,0xff,0xff,0xfd,0xfd,0xfd,0x8f,0x00,0x00,
    0x00,0x00,0x00,0x00,0x00,0x00,0x00,0x00,0x00,0x00,0x00,0x00,0x00,0x00,0xc3,0xc3,
    0xc3,0x4f,0xcb,0xcb,0xcb,0xe2,0xe2,0xe2,0xe2,0xff,0xe9,0xeb,0xea,0xff,0xa0,0xbd,
    0xad,0xff,0x66,0x98,0x7d,0xff,0x65,0x98,0x7c,0xff,0x75,0x9a,0x86,0xff,0xc2,0xc2,
    0xc2,0xff,0xdb,0xdb,0xdb,0xff,0xdb,0xdb,0xdb,0xff,0xdb,0xdb,0xdb,0xff,0xcc,0xc8,
    0xca,0xff,0x9d,0x8f,0x96,0xff,0x70,0x59,0x64,0xff,0x8d,0x7b,0x83,0xff,0xbd,0xb5,
    0xb9,0xff,0xdb,0xdb,0xdb,0xff,0xdb,0xdb,0xdb,0xff,0xdb,0xdb,0xdb,0xff,0xd5,0xd5,
    0xd5,0xff,0x8a,0x9e,0x93,0xff,0x65,0x98,0x7c,0xff,0x65,0x98,0x7c,0xff,0x83,0xaa,
    0x95,0xff,0xd9,0xe1,0xdd,0xff,0xe8,0xe8,0xe8,0xff,0xd2,0xd2,0xd2,0xf7,0xc3,0xc3,
    0xc3,0x76,0x00,0x00,0x00,0x00,0x00,0x00,0x00,0x00,0x00,0x00,0x00,0x00,0x00,0x00,
    0x00,0x00,0xc1,0xc1,0xc1,0x0a,0xc3,0xc3,0xc3,0x84,0xd1,0xd1,0xd1,0xf7,0xe8,0xe8,
    0xe8,0xff,0xd9,0xe1,0xdd,0xff,0x8c,0xb0,0x9d,0xff,0x65,0x98,0x7c,0xff,0xa1,0xa8,
    0xa4,0xff,0xdb,0xdb,0xdb,0xff,0xdb,0xdb,0xdb,0xff,0xdb,0xdb,0xdb,0xff,0xdb,0xdb,
    0xdb,0xff,0xdb,0xdb,0xdb,0xff,0xdb,0xdb,0xdb,0xff,0xdb,0xdb,0xdb,0xff,0xdb,0xdb,
    0xdb,0xff,0xdb,0xdb,0xdb,0xff,0xdb,0xdb,0xdb,0xff,0xdb,0xdb,0xdb,0xff,0xbd,0xbd,
    0xbd,0xff,0x70,0x99,0x83,0xff,0x75,0xa2,0x89,0xff,0xbc,0xce,0xc4,0xff,0xea,0xeb,
    0xea,0xff,0xd8,0xd8,0xd8,0xff,0xc5,0xc5,0xc5,0xb6,0xc1,0xc1,0xc1,0x26,0x00,0x00,
    0x00,0x00,0x00,0x00,0x00,0x00,0x00,0x00,0x00,0x00,0x00,0x00,0x00,0x00,0x00,0x00,
    0x00,0x00,0x00,0x00,0x00,0x00,0x00,0x00,0x00,0x00,0x00,0x00,0x00,0x00,0x00,0x00,
    0x00,0x00,0xc2,0xc2,0xc2,0x58,0xde,0xde,0xde,0xff,0xa1,0x96,0x9b,0xff,0x6d,0x59,
    0x63,0xff,0x6b,0x57,0x61,0xff,0x7f,0x74,0x79,0xff,0xc8,0xc8,0xc8,0xff,0xd2,0xd1,
    0xd1,0xff,0x5e,0x46,0x54,0xff,0x55,0x3c,0x4a,0xff,0x55,0x3c,0x4a,0xff,0x56,0x3e,
    0x4c,0xff,0xc6,0xc2,0xc4,0xff,0xd0,0xd0,0xd0,0xff,0x8d,0x87,0x8a,0xff,0x6b,0x57,
    0x61,0xff,0x6d,0x59,0x63,0xff,0x85,0x75,0x7d,0xff,0xe8,0xe8,0xe8,0xff,0xc3,0xc3,
    0xc3,0x86,0x00,0x00,0x00,0x00,0x00,0x00,0x00,0x00,0x00,0x00,0x00,0x00,0x00,0x00,
    0x00,0x00,0x00,0x00,0x00,0x00,0x00,0x00,0x00,0x00,0x00,0x00,0x00,0x00,0x00,0x00,
    0x00,0x00,0x00,0x00,0x00,0x00,0x00,0x00,0x00,0x00,0x00,0x00,0x00,0x00,0x00,0x00,
    0x00,0x00,0x00,0x00,0x00,0x00,0xc9,0xc9,0xc9,0xd0,0xce,0xcb,0xcd,0xff,0x7a,0x6b,
    0x72,0xff,0x86,0x7d,0x81,0xff,0xc8,0xc8,0xc8,0xff,0xda,0xda,0xda,0xff,0x73,0x5e,
    0x69,0xff,0x55,0x3c,0x4a,0xff,0x55,0x3c,0x4a,0xff,0x55,0x3c,0x4a,0xff,0x55,0x3c,
    0x4a,0xff,0x66,0x4e,0x5b,0xff,0xd5,0xd4,0xd4,0xff,0xd1,0xd1,0xd1,0xff,0x8f,0x88,
    0x8b,0xff,0x7a,0x6b,0x72,0xff,0xb6,0xaf,0xb2,0xff,0xd0,0xd0,0xd0,0xf1,0xc0,0xc0,
    0xc0,0x0a,0x00,0x00,0x00,0x00,0x00,0x00,0x00,0x00,0x00,0x00,0x00,0x00,0x00,0x00,
    0x00,0x00,0x00,0x00,0x00,0x00,0x00,0x00,0x00,0x00,0x00,0x00,0x00,0x00,0x00,0x00,
    0x00,0x00,0x00,0x00,0x00,0x00,0x00,0x00,0x00,0x00,0x00,0x00,0x00,0x00,0x00,0x00,
    0x00,0x00,0x00,0x00,0x00,0x00,0x00,0x00,0x00,0x00,0x00,0x00,0x00,0x00,0x00,0x00,
    0x00,0x00,0x00,0x00,0x00,0x00,0x00,0x00,0x00,0x00,0xfd,0xfd,0xfd,0xbf,0xff,0xff,
    0xff,0xff,0xf5,0xbb,0x36,0xff,0xf5,0xbb,0x36,0xff,0xf5,0xbb,0x36,0xff,0xf5,0xbb,
    0x36,0xff,0xfa,0xdd,0x9a,0xff,0xff,0xff,0xff,0xff,0xfd,0xfd,0xfd,0x3f,0x00,0x00,
    0x00,0x00,0x00,0x00,0x00,0x00,0x00,0x00,0x00,0x00,0x00,0x00,0x00,0x00,0x00,0x00,
    0x00,0x00,0x00,0x00,0x00,0x00,0x00,0x00,0x00,0x00,0x00,0x00,0x00,0x00,0x00,0x00,
    0x00,0x00,0x00,0x00,0x00,0x00,0x00,0x00,0x00,0x00,0x00,0x00,0x00,0x00,0x00,0x00,
    0x00,0x00,0x00,0x00,0x00,0x00,0x00,0x00,0x00,0x00,0x00,0x00,0x00,0x00,0x00,0x00,
    0x00,0x00,0x00,0x00,0x00,0x00,0x00,0x00,0x00,0x00,0x00,0x00,0x00,0x00,0x00,0x00,
    0x00,0x00,0x00,0x00,0x00,0x00,0x00,0x00,0x00,0x00,0x00,0x00,0x00,0x00,0x00,0x00,
    0x00,0x00,0x00,0x00,0x00,0x00,0xff,0xff,0xff,0xff,0xff,0xff,0xff,0xff,0xfb,0xfb,
    0xfb,0x3f,0x00,0x00,0x00,0x00,0x00,0x00,0x00,0x00,0x00,0x00,0x00,0x00,0x00,0x00,
    0x00,0x00,0x00,0x00,0x00,0x00,0x00,0x00,0x00,0x00,0x00,0x00,0x00,0x00,0x00,0x00,
    0x00,0x00,0x00,0x00,0x00,0x00,0x00,0x00,0x00,0x00,0x00,0x00,0x00,0x00,0x00,0x00,
    0x00,0x00,0x00,0x00,0x00,0x00,0x00,0x00,0x00,0x00,0x00,0x00,0x00,0x00,0x00,0x00,
    0x00,0x00,0x00,0x00,0x00,0x00,0x00,0x00,0x00,0x00,0x00,0x00,0x00,0x00,0x00,0x00,
    0x00,0x00,0x00,0x00,0x00,0x00,0x00,0x00,0x00,0x00,0x00,0x00,0x00,0x00,0x00,0x00,
    0x00,0x00,0x00,0x00,0x00,0x00,0x00,0x00,0x00,0x00,0x00,0x00,0x00,0x00,0x00,0x00,
    0x00,0x00,0x00,0x00,0x00,0x00,0xff,0xff,0xff,0xff,0xff,0xff,0xff,0xff,0xfb,0xfb,
    0xfb,0x3f,0x00,0x00,0x00,0x00,0x00,0x00,0x00,0x00,0x00,0x00,0x00,0x00,0x00,0x00,
    0x00,0x00,0x00,0x00,0x00,0x00,0x00,0x00,0x00,0x00,0x00,0x00,0x00,0x00,0x00,0x00,
    0x00,0x00,0x00,0x00,0x00,0x00,0x00,0x00,0x00,0x00,0x00,0x00,0x00,0x00,0x00,0x00,
    0x00,0x00,0x00,0x00,0x00,0x00,0x00,0x00,0x00,0x00,0x00,0x00,0x00,0x00,0x00,0x00,
    0x00,0x00,0x00,0x00,0x00,0x00,0x00,0x00,0x00,0x00,0x00,0x00,0x00,0x00,0x00,0x00,
    0x00,0x00,0x00,0x00,0x00,0x00,0x00,0x00,0x00,0x00,0x00,0x00,0x00,0x00,0x00,0x00,
    0x00,0x00,0x00,0x00,0x00,0x00,0x00,0x00,0x00,0x00,0x00,0x00,0x00,0x00,0xfd,0xfd,
    0xfd,0x8f,0xff,0xff,0xff,0xff,0xff,0xff,0xff,0xff,0xff,0xff,0xff,0xff,0xff,0xff,
    0xff,0xff,0xff,0xff,0xff,0xff,0xfd,0xfd,0xfd,0xbf,0x00,0x00,0x00,0x00,0x00,0x00,
    0x00,0x00,0x00,0x00,0x00,0x00,0x00,0x00,0x00,0x00,0x00,0x00,0x00,0x00,0x00,0x00,
    0x00,0x00,0x00,0x00,0x00,0x00,0x00,0x00,0x00,0x00,0x00,0x00,0x00,0x00,0x00,0x00,
    0x00,0x00,0x00,0x00,0x00,0x00,0x00,0x00,0x00,0x00,0x00,0x00,0x00,0x00,0x00,0x00,
    0x00,0x00,0xc1,0xc1,0xc1,0x0a,0xc3,0xc3,0xc3,0x84,0xd1,0xd1,0xd1,0xf7,0xe8,0xe8,
    0xe8,0xff,0xd9,0xe1,0xdd,0xff,0x8c,0xb0,0x9d,0xff,0x65,0x98,0x7c,0xff,0xa1,0xa8,
    0xa4,0xff,0xdb,0xdb,0xdb,0xff,0xdb,0xdb,0xdb,0xff,0xdb,0xdb,0xdb,0xff,0xdb,0xdb,
    0xdb,0xff,0xdb,0xdb,0xdb,0xff,0xdb,0xdb,0xdb,0xff,0xdb,0xdb,0xdb,0xff,0xdb,0xdb,
    0xdb,0xff,0xdb,0xdb,0xdb,0xff,0xdb,0xdb,0xdb,0xff,0xdb,0xdb,0xdb,0xff,0xbd,0xbd,
    0xbd,0xff,0x70,0x99,0x83,0xff,0x75,0xa2,0x89,0xff,0xbc,0xce,0xc4,0xff,0xea,0xeb,
    0xea,0xff,0xd8,0xd8,0xd8,0xff,0xc5,0xc5,0xc5,0xb6,0xc1,0xc1,0xc1,0x26,0x00,0x00,
    0x00,0x00,0x00,0x00,0x00,0x00,0x00,0x00,0x00,0x00,0x00,0x00,0x00,0x00,0x00,0x00,
    0x00,0x00,0x00,0x00,0x00,0x00,0x00,0x00,0x00,0x00,0xc2,0xc2,0xc2,0x19,0xc4,0xc4,
    0xc4,0x84,0xd0,0xd0,0xd0,0xe1,0xde,0xde,0xde,0xff,0xc3,0xd2,0xca,0xff,0x95,0xab,
    0x9f,0xff,0xc7,0xc7,0xc7,0xff,0xdb,0xdb,0xdb,0xff,0xdb,0xdb,0xdb,0xff,0xdb,0xdb,
    0xdb,0xff,0xdb,0xdb,0xdb,0xff,0xdb,0xdb,0xdb,0xff,0xdb,0xdb,0xdb,0xff,0xdb,0xdb,
    0xdb,0xff,0xdb,0xdb,0xdb,0xff,0xdb,0xdb,0xdb,0xff,0xd7,0xd7,0xd7,0xff,0x9d,0xa8,
    0xa2,0xff,0xac,0xc5,0xb7,0xff,0xdf,0xe1,0xe0,0xff,0xd5,0xd5,0xd5,0xf9,0xc8,0xc8,
    0xc8,0xa9,0xc2,0xc2,0xc2,0x39,0x00,0x00,0x00,0x00,0x00,0x00,0x00,0x00,0x00,0x00,
    0x00,0x00,0x00,0x00,0x00,0x00,0x00,0x00,0x00,0x00,0x00,0x00,0x00,0x00,0x00,0x00,
    0x00,0x00,0x00,0x00,0x00,0x00,0x00,0x00,0x00,0x00,0x00,0x00,0x00,0x00,0x00,0x00,
    0x00,0x00,0xc0,0xc0,0xc0,0x0d,0xd0,0xd0,0xd0,0xf4,0xc4,0xbd,0xc1,0xff,0x6d,0x59,
    0x63,0xff,0x75,0x64,0x6c,0xff,0xb5,0xb4,0xb5,0xff,0xdb,0xdb,0xdb,0xff,0x90,0x82,
    0x8a,0xff,0x55,0x3c,0x4a,0xff,0x55,0x3c,0x4a,0xff,0x55,0x3c,0x4a,0xff,0x55,0x3c,
    0x4a,0xff,0x7e,0x6d,0x77,0xff,0xdb,0xdb,0xdb,0xff,0xc1,0xc1,0xc1,0xff,0x7f,0x72,
    0x78,0xff,0x6d,0x59,0x63,0xff,0xa6,0x9b,0xa1,0xff,0xda,0xda,0xda,0xff,0xc1,0xc1,
    0xc1,0x2d,0x00,0x00,0x00,0x00,0x00,0x00,0x00,0x00,0x00,0x00,0x00,0x00,0x00,0x00,
    0x00,0x00,0x00,0x00,0x00,0x00,0x00,0x00,0x00,0x00,0x00,0x00,0x00,0x00,0x00,0x00,
    0x00,0x00,0x00,0x00,0x00,0x00,0x00,0x00,0x00,0x00,0x00,0x00,0x00,0x00,0x00,0x00,
    0x00,0x00,0x00,0x00,0x00,0x00,0xc3,0xc3,0xc3,0x2a,0xc4,0xc4,0xc4,0x55,0xa2,0xa2,
    0xa2,0x55,0xa0,0xa0,0xa0,0x9b,0xcc,0xcc,0xcc,0xff,0xdb,0xdb,0xdb,0xff,0xcd,0xc9,
    0xcb,0xff,0x8f,0x7d,0x86,0xff,0x5e,0x44,0x51,0xff,0x5b,0x41,0x4e,0xff,0x84,0x71,
    0x7a,0xff,0xc7,0xc2,0xc4,0xff,0xdb,0xdb,0xdb,0xff,0xd6,0xd6,0xd6,0xff,0xa0,0xa0,
    0xa0,0xb8,0xa1,0xa1,0xa1,0x55,0xbe,0xbe,0xbe,0x55,0xc2,0xc2,0xc2,0x3c,0x00,0x00,
    0x00,0x00,0x00,0x00,0x00,0x00,0x00,0x00,0x00,0x00,0x00,0x00,0x00,0x00,0x00,0x00,
    0x00,0x00,0x00,0x00,0x00,0x00,0x00,0x00,0x00,0x00,0x00,0x00,0x00,0x00,0x00,0x00,
    0x00,0x00,0x00,0x00,0x00,0x00,0x00,0x00,0x00,0x00,0x00,0x00,0x00,0x00,0x00,0x00,
    0x00,0x00,0x00,0x00,0x00,0x00,0x00,0x00,0x00,0x00,0x00,0x00,0x00,0x00,0x00,0x00,
    0x00,0x00,0x00,0x00,0x00,0x00,0x00,0x00,0x00,0x00,0xfd,0xfd,0xfd,0x8f,0xff,0xff,
    0xff,0xff,0xf7,0xcc,0x68,0xff,0xf5,0xbb,0x36,0xff,0xf5,0xbb,0x36,0xff,0xf5,0xbb,
    0x36,0xff,0xfc,0xee,0xcc,0xff,0xff,0xff,0xff,0xff,0xfc,0xfc,0xfc,0x27,0x00,0x00,
    0x00,0x00,0x00,0x00,0x00,0x00,0x00,0x00,0x00,0x00,0x00,0x00,0x00,0x00,0x00,0x00,
    0x00,0x00,0x00,0x00,0x00,0x00,0x00,0x00,0x00,0x00,0x00,0x00,0x00,0x00,0x00,0x00,
    0x00,0x00,0x00,0x00,0x00,0x00,0x00,0x00,0x00,0x00,0x00,0x00,0x00,0x00,0x00,0x00,
    0x00,0x00,0x00,0x00,0x00,0x00,0x00,0x00,0x00,0x00,0x00,0x00,0x00,0x00,0x00,0x00,
    0x00,0x00,0x00,0x00,0x00,0x00,0x00,0x00,0x00,0x00,0x00,0x00,0x00,0x00,0x00,0x00,
    0x00,0x00,0x00,0x00,0x00,0x00,0x00,0x00,0x00,0x00,0x00,0x00,0x00,0x00,0x00,0x00,
    0x00,0x00,0x00,0x00,0x00,0x00,0xfc,0xfc,0xfc,0xdf,0xff,0xff,0xff,0xff,0xf7,0xf7,
    0xf7,0x1f,0x00,0x00,0x00,0x00,0x00,0x00,0x00,0x00,0x00,0x00,0x00,0x00,0x00,0x00,
    0x00,0x00,0x00,0x00,0x00,0x00,0x00,0x00,0x00,0x00,0x00,0x00,0x00,0x00,0x00,0x00,
    0x00,0x00,0x00,0x00,0x00,0x00,0x00,0x00,0x00,0x00,0x00,0x00,0x00,0x00,0x00,0x00,
    0x00,0x00,0x00,0x00,0x00,0x00,0x00,0x00,0x00,0x00,0x00,0x00,0x00,0x00,0x00,0x00,
    0x00,0x00,0x00,0x00,0x00,0x00,0x00,0x00,0x00,0x00,0x00,0x00,0x00,0x00,0x00,0x00,
    0x00,0x00,0x00,0x00,0x00,0x00,0x00,0x00,0x00,0x00,0x00,0x00,0x00,0x00,0x00,0x00,
    0x00,0x00,0x00,0x00,0x00,0x00,0x00,0x00,0x00,0x00,0x00,0x00,0x00,0x00,0x00,0x00,
    0x00,0x00,0x00,0x00,0x00,0x00,0xff,0xff,0xff,0xff,0xff,0xff,0xff,0xff,0xfb,0xfb,
    0xfb,0x3f,0x00,0x00,0x00,0x00,0x00,0x00,0x00,0x00,0x00,0x00,0x00,0x00,0x00,0x00,
    0x00,0x00,0x00,0x00,0x00,0x00,0x00,0x00,0x00,0x00,0x00,0x00,0x00,0x00,0x00,0x00,
    0x00,0x00,0x00,0x00,0x00,0x00,0x00,0x00,0x00,0x00,0x00,0x00,0x00,0x00,0x00,0x00,
    0x00,0x00,0x00,0x00,0x00,0x00,0x00,0x00,0x00,0x00,0x00,0x00,0x00,0x00,0x00,0x00,
    0x00,0x00,0x00,0x00,0x00,0x00,0x00,0x00,0x00,0x00,0x00,0x00,0x00,0x00,0x00,0x00,
    0x00,0x00,0x00,0x00,0x00,0x00,0x00,0x00,0x00,0x00,0x00,0x00,0x00,0x00,0x00,0x00,
    0x00,0x00,0x00,0x00,0x00,0x00,0x00,0x00,0x00,0x00,0x00,0x00,0x00,0x00,0xfd,0xfd,
    0xfd,0x8f,0xff,0xff,0xff,0xff,0xff,0xff,0xff,0xff,0xff,0xff,0xff,0xff,0xff,0xff,
    0xff,0xff,0xff,0xff,0xff,0xff,0xfd,0xfd,0xfd,0xbf,0x00,0x00,0x00,0x00,0x00,0x00,
    0x00,0x00,0x00,0x00,0x00,0x00,0x00,0x00,0x00,0x00,0x00,0x00,0x00,0x00,0x00,0x00,
    0x00,0x00,0x00,0x00,0x00,0x00,0x00,0x00,0x00,0x00,0x00,0x00,0x00,0x00,0x00,0x00,
    0x00,0x00,0x00,0x00,0x00,0x00,0x00,0x00,0x00,0x00,0x00,0x00,0x00,0x00,0x00,0x00,
    0x00,0x00,0x00,0x00,0x00,0x00,0x00,0x00,0x00,0x00,0xc2,0xc2,0xc2,0x21,0xc4,0xc4,
    0xc4,0xb0,0xd3,0xd3,0xd3,0xff,0xe7,0xe7,0xe7,0xff,0xb6,0xcb,0xbf,0xff,0x86,0x9f,
    0x91,0xff,0xcc,0xcc,0xcc,0xff,0xdb,0xdb,0xdb,0xff,0xdb,0xdb,0xdb,0xff,0xdb,0xdb,
    0xdb,0xff,0xdb,0xdb,0xdb,0xff,0xdb,0xdb,0xdb,0xff,0xdb,0xdb,0xdb,0xff,0xdb,0xdb,
    0xdb,0xff,0xdb,0xdb,0xdb,0xff,0xdb,0xdb,0xdb,0xff,0xd9,0xd9,0xd9,0xff,0x99,0xa4,
    0x9e,0xff,0x97,0xb7,0xa5,0xff,0xe4,0xe7,0xe5,0xff,0xdb,0xdb,0xdb,0xff,0xc9,0xc9,
    0xc9,0xdb,0xc2,0xc2,0xc2,0x4c,0x00,0x00,0x00,0x00,0x00,0x00,0x00,0x00,0x00,0x00,
    0x00,0x00,0x00,0x00,0x00,0x00,0x00,0x00,0x00,0x00,0x00,0x00,0x00,0x00,0x00,0x00,
    0x00,0x00,0x00,0x00,0x00,0x00,0x00,0x00,0x00,0x00,0x00,0x00,0x00,0x00,0x00,0x00,
    0x00,0x00,0x00,0x00,0x00,0x00,0xc2,0xc2,0xc2,0x56,0xc9,0xc9,0xc9,0xe0,0xdf,0xdf,
    0xdf,0xff,0xb4,0xb4,0xb4,0xff,0xdb,0xdb,0xdb,0xff,0xdb,0xdb,0xdb,0xff,0xdb,0xdb,
    0xdb,0xff,0xdb,0xdb,0xdb,0xff,0xdb,0xdb,0xdb,0xff,0xdb,0xdb,0xdb,0xff,0xdb,0xdb,
    0xdb,0xff,0xdb,0xdb,0xdb,0xff,0xdb,0xdb,0xdb,0xff,0xbe,0xbe,0xbe,0xff,0xd6,0xd6,
    0xd6,0xff,0xd0,0xd0,0xd0,0xf7,0xc3,0xc3,0xc3,0x88,0xc1,0xc1,0xc1,0x12,0x00,0x00,
    0x00,0x00,0x00,0x00,0x00,0x00,0x00,0x00,0x00,0x00,0x00,0x00,0x00,0x00,0x00,0x00,
    0x00,0x00,0x00,0x00,0x00,0x00,0x00,0x00,0x00,0x00,0x00,0x00,0x00,0x00,0x00,0x00,
    0x00,0x00,0x00,0x00,0x00,0x00,0x00,0x00,0x00,0x00,0x00,0x00,0x00,0x00,0x00,0x00,
    0x00,0x00,0x00,0x00,0x00,0x00,0xc4,0xc4,0xc4,0xa4,0xcc,0xcb,0xcb,0xff,0x90,0x89,
    0x8c,0xff,0x96,0x93,0x94,0xff,0xcc,0xcc,0xcc,0xff,0xda,0xd9,0xda,0xff,0x82,0x6f,
    0x78,0xff,0x5a,0x3f,0x4d,0xff,0x55,0x3c,0x4a,0xff,0x55,0x3c,0x4a,0xff,0x59,0x3f,
    0x4c,0xff,0x78,0x62,0x6c,0xff,0xd3,0xd1,0xd2,0xff,0xd6,0xd6,0xd6,0xff,0x99,0x97,
    0x98,0xff,0x8f,0x89,0x8c,0xff,0xbd,0xba,0xbc,0xff,0xc8,0xc8,0xc8,0xd4,0x00,0x00,
    0x00,0x00,0x00,0x00,0x00,0x00,0x00,0x00,0x00,0x00,0x00,0x00,0x00,0x00,0x00,0x00,
    0x00,0x00,0x00,0x00,0x00,0x00,0x00,0x00,0x00,0x00,0x00,0x00,0x00,0x00,0x00,0x00,
    0x00,0x00,0x00,0x00,0x00,0x00,0x00,0x00,0x00,0x00,0x00,0x00,0x00,0x00,0x00,0x00,
    0x00,0x00,0x00,0x00,0x00,0x00,0x00,0x00,0x00,0x00,0x00,0x00,0x00,0x00,0x00,0x00,
    0x00,0x00,0x9f,0x9f,0x9f,0x40,0xbc,0xbc,0xbc,0xfb,0xda,0xda,0xda,0xff,0xdb,0xdb,
    0xdb,0xff,0xdb,0xdb,0xdb,0xff,0xd1,0xce,0xcf,0xff,0xcb,0xc8,0xca,0xff,0xdb,0xdb,
    0xdb,0xff,0xdb,0xdb,0xdb,0xff,0xdb,0xdb,0xdb,0xff,0xc5,0xc5,0xc5,0xff,0xa0,0xa0,
    0xa0,0x73,0x00,0x00,0x00,0x00,0x00,0x00,0x00,0x00,0x00,0x00,0x00,0x00,0x00,0x00,
    0x00,0x00,0x00,0x00,0x00,0x00,0x00,0x00,0x00,0x00,0x00,0x00,0x00,0x00,0x00,0x00,
    0x00,0x00,0x00,0x00,0x00,0x00,0x00,0x00,0x00,0x00,0x00,0x00,0x00,0x00,0x00,0x00,
    0x00,0x00,0x00,0x00,0x00,0x00,0x00,0x00,0x00,0x00,0x00,0x00,0x00,0x00,0x00,0x00,
    0x00,0x00,0x00,0x00,0x00,0x00,0x00,0x00,0x00,0x00,0x00,0x00,0x00,0x00,0x00,0x00,
    0x00,0x00,0x00,0x00,0x00,0x00,0x00,0x00,0x00,0x00,0xfc,0xfc,0xfc,0x5f,0xff,0xff,
    0xff,0xff,0xff,0xff,0xff,0xff,0xff,0xff,0xff,0xff,0xff,0xff,0xff,0xff,0xff,0xff,
    0xff,0xff,0xff,0xff,0xff,0xff,0xfe,0xfe,0xfe,0xef,0xee,0xee,0xee,0x07,0x00,0x00,
    0x00,0x00,0x00,0x00,0x00,0x00,0x00,0x00,0x00,0x00,0x00,0x00,0x00,0x00,0x00,0x00,
    0x00,0x00,0x00,0x00,0x00,0x00,0x00,0x00,0x00,0x00,0x00,0x00,0x00,0x00,0x00,0x00,
    0x00,0x00,0x00,0x00,0x00,0x00,0x00,0x00,0x00,0x00,0x00,0x00,0x00,0x00,0x00,0x00,
    0x00,0x00,0x00,0x00,0x00,0x00,0x00,0x00,0x00,0x00,0x00,0x00,0x00,0x00,0x00,0x00,
    0x00,0x00,0x00,0x00,0x00,0x00,0x00,0x00,0x00,0x00,0x00,0x00,0x00,0x00,0x00,0x00,
    0x00,0x00,0x00,0x00,0x00,0x00,0x00,0x00,0x00,0x00,0x00,0x00,0x00,0x00,0x00,0x00,
    0x00,0x00,0x00,0x00,0x00,0x00,0xfd,0xfd,0xfd,0x9f,0xfe,0xfe,0xfe,0xef,0x00,0x00,
    0x00,0x00,0x00,0x00,0x00,0x00,0x00,0x00,0x00,0x00,0x00,0x00,0x00,0x00,0x00,0x00,
    0x00,0x00,0x00,0x00,0x00,0x00,0x00,0x00,0x00,0x00,0x00,0x00,0x00,0x00,0x00,0x00,
    0x00,0x00,0x00,0x00,0x00,0x00,0x00,0x00,0x00,0x00,0x00,0x00,0x00,0x00,0x00,0x00,
    0x00,0x00,0x00,0x00,0x00,0x00,0x00,0x00,0x00,0x00,0x00,0x00,0x00,0x00,0x00,0x00,
    0x00,0x00,0x00,0x00,0x00,0x00,0x00,0x00,0x00,0x00,0x00,0x00,0x00,0x00,0x00,0x00,
    0x00,0x00,0x00,0x00,0x00,0x00,0x00,0x00,0x00,0x00,0x00,0x00,0x00,0x00,0x00,0x00,
    0x00,0x00,0x00,0x00,0x00,0x00,0x00,0x00,0x00,0x00,0x00,0x00,0x00,0x00,0x00,0x00,
    0x00,0x00,0x00,0x00,0x00,0x00,0xfc,0xfc,0xfc,0xdf,0xff,0xff,0xff,0xff,0xf7,0xf7,
    0xf7,0x1f,0x00,0x00,0x00,0x00,0x00,0x00,0x00,0x00,0x00,0x00,0x00,0x00,0x00,0x00,
    0x00,0x00,0x00,0x00,0x00,0x00,0x00,0x00,0x00,0x00,0x00,0x00,0x00,0x00,0x00,0x00,
    0x00,0x00,0x00,0x00,0x00,0x00,0x00,0x00,0x00,0x00,0x00,0x00,0x00,0x00,0x00,0x00,
    0x00,0x00,0x00,0x00,0x00,0x00,0x00,0x00,0x00,0x00,0x00,0x00,0x00,0x00,0x00,0x00,
    0x00,0x00,0x00,0x00,0x00,0x00,0x00,0x00,0x00,0x00,0x00,0x00,0x00,0x00,0x00,0x00,
    0x00,0x00,0x00,0x00,0x00,0x00,0x00,0x00,0x00,0x00,0x00,0x00,0x00,0x00,0x00,0x00,
    0x00,0x00,0x00,0x00,0x00,0x00,0x00,0x00,0x00,0x00,0x00,0x00,0x00,0x00,0xee,0xee,
    0xee,0x0f,0xfe,0xfe,0xfe,0xef,0xff,0xff,0xff,0xff,0xff,0xff,0xff,0xff,0xff,0xff,
    0xff,0xff,0xff,0xff,0xff,0xff,0xf9,0xf9,0xf9,0x2f,0x00,0x00,0x00,0x00,0x00,0x00,
    0x00,0x00,0x00,0x00,0x00,0x00,0x00,0x00,0x00,0x00,0x00,0x00,0x00,0x00,0x00,0x00,
    0x00,0x00,0x00,0x00,0x00,0x00,0x00,0x00,0x00,0x00,0x00,0x00,0x00,0x00,0x00,0x00,
    0x00,0x00,0x00,0x00,0x00,0x00,0x00,0x00,0x00,0x00,0x00,0x00,0x00,0x00,0x00,0x00,
    0x00,0x00,0x00,0x00,0x00,0x00,0x00,0x00,0x00,0x00,0x00,0x00,0x00,0x00,0x00,0x00,
    0x00,0x00,0xc1,0xc1,0xc1,0x43,0xc4,0xc4,0xc4,0xe4,0xde,0xde,0xde,0xff,0xd7,0xdc,
    0xd9,0xff,0xb7,0xb7,0xb7,0xff,0xdb,0xdb,0xdb,0xff,0xdb,0xdb,0xdb,0xff,0xdb,0xdb,
    0xdb,0xff,0xdb,0xdb,0xdb,0xff,0xdb,0xdb,0xdb,0xff,0xdb,0xdb,0xdb,0xff,0xdb,0xdb,
    0xdb,0xff,0xdb,0xdb,0xdb,0xff,0xdb,0xdb,0xdb,0xff,0xca,0xca,0xca,0xff,0xbd,0xc3,
    0xc0,0xff,0xe7,0xe7,0xe7,0xff,0xc9,0xc9,0xc9,0xfc,0xc2,0xc2,0xc2,0x8f,0xc2,0xc2,
    0xc2,0x0a,0x00,0x00,0x00,0x00,0x00,0x00,0x00,0x00,0x00,0x00,0x00,0x00,0x00,0x00,
    0x00,0x00,0x00,0x00,0x00,0x00,0x00,0x00,0x00,0x00,0x00,0x00,0x00,0x00,0x00,0x00,
    0x00,0x00,0x00,0x00,0x00,0x00,0x00,0x00,0x00,0x00,0x00,0x00,0x00,0x00,0x00,0x00,
    0x00,0x00,0x00,0x00,0x00,0x00,0x00,0x00,0x00,0x00,0xc1,0xc1,0xc1,0x0a,0xc3,0xc3,
    0xc3,0x81,0xb3,0xb3,0xb3,0xf7,0xcd,0xcd,0xcd,0xff,0xdb,0xdb,0xdb,0xff,0xdb,0xdb,
    0xdb,0xff,0xdb,0xdb,0xdb,0xff,0xdb,0xdb,0xdb,0xff,0xdb,0xdb,0xdb,0xff,0xdb,0xdb,
    0xdb,0xff,0xdb,0xdb,0xdb,0xff,0xda,0xda,0xda,0xff,0xae,0xae,0xae,0xff,0xc4,0xc4,
    0xc4,0xb4,0xc1,0xc1,0xc1,0x25,0x00,0x00,0x00,0x00,0x00,0x00,0x00,0x00,0x00,0x00,
    0x00,0x00,0x00,0x00,0x00,0x00,0x00,0x00,0x00,0x00,0x00,0x00,0x00,0x00,0x00,0x00,
    0x00,0x00,0x00,0x00,0x00,0x00,0x00,0x00,0x00,0x00,0x00,0x00,0x00,0x00,0x00,0x00,
    0x00,0x00,0x00,0x00,0x00,0x00,0x00,0x00,0x00,0x00,0x00,0x00,0x00,0x00,0x00,0x00,
    0x00,0x00,0x00,0x00,0x00,0x00,0x00,0x00,0x00,0x00,0x00,0x00,0x00,0x00,0x00,0x00,
    0x00,0x00,0xa0,0xa0,0xa0,0x6a,0xcc,0xcc,0xcc,0xff,0xdb,0xdb,0xdb,0xff,0xdb,0xdb,
    0xdb,0xff,0xb8,0xaf,0xb3,0xff,0x7d,0x68,0x72,0xff,0x74,0x5d,0x68,0xff,0xae,0xa3,
    0xa8,0xff,0xd9,0xd9,0xd9,0xff,0xdb,0xdb,0xdb,0xff,0xd6,0xd6,0xd6,0xff,0xa0,0xa0,
    0xa0,0x94,0x00,0x00,0x00,0x00,0x00,0x00,0x00,0x00,0x00,0x00,0x00,0x00,0x00,0x00,
    0x00,0x00,0x00,0x00,0x00,0x00,0x00,0x00,0x00,0x00,0x00,0x00,0x00,0x00,0x00,0x00,
    0x00,0x00,0x00,0x00,0x00,0x00,0x00,0x00,0x00,0x00,0x00,0x00,0x00,0x00,0x00,0x00,
    0x00,0x00,0x00,0x00,0x00,0x00,0x00,0x00,0x00,0x00,0x00,0x00,0x00,0x00,0x00,0x00,
    0x00,0x00,0x00,0x00,0x00,0x00,0x00,0x00,0x00,0x00,0x00,0x00,0x00,0x00,0x00,0x00,
    0x00,0x00,0x00,0x00,0x00,0x00,0x9f,0x9f,0x9f,0x36,0xb0,0xb0,0xb0,0xd7,0xbe,0xbe,
    0xbe,0xff,0xbe,0xbe,0xbe,0xff,0xbe,0xbe,0xbe,0xff,0xbe,0xbe,0xbe,0xff,0xbe,0xbe,
    0xbe,0xff,0xbe,0xbe,0xbe,0xff,0xb3,0xb3,0xb3,0xef,0xa0,0xa0,0xa0,0x5e,0x00,0x00,
    0x00,0x00,0x00,0x00,0x00,0x00,0x00,0x00,0x00,0x00,0x00,0x00,0x00,0x00,0x00,0x00,
    0x00,0x00,0x00,0x00,0x00,0x00,0x00,0x00,0x00,0x00,0x00,0x00,0x00,0x00,0x00,0x00,
    0x00,0x00,0x00,0x00,0x00,0x00,0x00,0x00,0x00,0x00,0x00,0x00,0x00,0x00,0x00,0x00,
    0x00,0x00,0x00,0x00,0x00,0x00,0x00,0x00,0x00,0x00,0x00,0x00,0x00,0x00,0x00,0x00,
    0x00,0x00,0x00,0x00,0x00,0x00,0x00,0x00,0x00,0x00,0x00,0x00,0x00,0x00,0x00,0x00,
    0x00,0x00,0x00,0x00,0x00,0x00,0x00,0x00,0x00,0x00,0x00,0x00,0x00,0x00,0xfd,0xfd,
    0xfd,0x8f,0xfe,0xfe,0xfe,0xef,0xff,0xff,0xff,0xff,0xff,0xff,0xff,0xff,0xff,0xff,
    0xff,0xff,0xfc,0xfc,0xfc,0xcf,0xfd,0xfd,0xfd,0x6f,0x00,0x00,0x00,0x00,0x00,0x00,
    0x00,0x00,0x00,0x00,0x00,0x00,0x00,0x00,0x00,0x00,0x00,0x00,0x00,0x00,0x00,0x00,
    0x00,0x00,0x00,0x00,0x00,0x00,0x00,0x00,0x00,0x00,0x00,0x00,0x00,0x00,0x00,0x00,
    0x00,0x00,0x00,0x00,0x00,0x00,0x00,0x00,0x00,0x00,0x00,0x00,0x00,0x00,0x00,0x00,
    0x00,0x00,0x00,0x00,0x00,0x00,0x00,0x00,0x00,0x00,0x00,0x00,0x00,0x00,0x00,0x00,
    0x00,0x00,0x00,0x00,0x00,0x00,0x00,0x00,0x00,0x00,0x00,0x00,0x00,0x00,0x00,0x00,
    0x00,0x00,0x00,0x00,0x00,0x00,0x00,0x00,0x00,0x00,0x00,0x00,0x00,0x00,0x00,0x00,
    0x00,0x00,0x00,0x00,0x00,0x00,0xfb,0xfb,0xfb,0x3f,0xfd,0xfd,0xfd,0x7f,0x00,0x00,
    0x00,0x00,0x00,0x00,0x00,0x00,0x00,0x00,0x00,0x00,0x00,0x00,0x00,0x00,0x00,0x00,
    0x00,0x00,0x00,0x00,0x00,0x00,0x00,0x00,0x00,0x00,0x00,0x00,0x00,0x00,0x00,0x00,
    0x00,0x00,0x00,0x00,0x00,0x00,0x00,0x00,0x00,0x00,0x00,0x00,0x00,0x00,0x00,0x00,
    0x00,0x00,0x00,0x00,0x00,0x00,0x00,0x00,0x00,0x00,0x00,0x00,0x00,0x00,0x00,0x00,
    0x00,0x00,0x00,0x00,0x00,0x00,0x00,0x00,0x00,0x00,0x00,0x00,0x00,0x00,0x00,0x00,
    0x00,0x00,0x00,0x00,0x00,0x00,0x00,0x00,0x00,0x00,0x00,0x00,0x00,0x00,0x00,0x00,
    0x00,0x00,0x00,0x00,0x00,0x00,0x00,0x00,0x00,0x00,0x00,0x00,0x00,0x00,0x00,0x00,
    0x00,0x00,0x00,0x00,0x00,0x00,0xfd,0xfd,0xfd,0x9f,0xfe,0xfe,0xfe,0xef,0x00,0x00,
    0x00,0x00,0x00,0x00,0x00,0x00,0x00,0x00,0x00,0x00,0x00,0x00,0x00,0x00,0x00,0x00,
    0x00,0x00,0x00,0x00,0x00,0x00,0x00,0x00,0x00,0x00,0x00,0x00,0x00,0x00,0x00,0x00,
    0x00,0x00,0x00,0x00,0x00,0x00,0x00,0x00,0x00,0x00,0x00,0x00,0x00,0x00,0x00,0x00,
    0x00,0x00,0x00,0x00,0x00,0x00,0x00,0x00,0x00,0x00,0x00,0x00,0x00,0x00,0x00,0x00,
    0x00,0x00,0x00,0x00,0x00,0x00,0x00,0x00,0x00,0x00,0x00,0x00,0x00,0x00,0x00,0x00,
    0x00,0x00,0x00,0x00,0x00,0x00,0x00,0x00,0x00,0x00,0x00,0x00,0x00,0x00,0x00,0x00,
    0x00,0x00,0x00,0x00,0x00,0x00,0x00,0x00,0x00,0x00,0x00,0x00,0x00,0x00,0x00,0x00,
    0x00,0x00,0xfc,0xfc,0xfc,0x5f,0xff,0xff,0xff,0xff,0xff,0xff,0xff,0xff,0xff,0xff,
    0xff,0xff,0xfd,0xfd,0xfd,0x7f,0x00,0x00,0x00,0x00,0x00,0x00,0x00,0x00,0x00,0x00,
    0x00,0x00,0x00,0x00,0x00,0x00,0x00,0x00,0x00,0x00,0x00,0x00,0x00,0x00,0x00,0x00,
    0x00,0x00,0x00,0x00,0x00,0x00,0x00,0x00,0x00,0x00,0x00,0x00,0x00,0x00,0x00,0x00,
    0x00,0x00,0x00,0x00,0x00,0x00,0x00,0x00,0x00,0x00,0x00,0x00,0x00,0x00,0x00,0x00,
    0x00,0x00,0x00,0x00,0x00,0x00,0x00,0x00,0x00,0x00,0x00,0x00,0x00,0x00,0x00,0x00,
    0x00,0x00,0x00,0x00,0x00,0x00,0xc1,0xc1,0xc1,0x13,0xc3,0xc3,0xc3,0x96,0xd2,0xd2,
    0xd2,0xfb,0xb4,0xb4,0xb4,0xff,0xd8,0xd8,0xd8,0xff,0xdb,0xdb,0xdb,0xff,0xdb,0xdb,
    0xdb,0xff,0xdb,0xdb,0xdb,0xff,0xdb,0xdb,0xdb,0xff,0xdb,0xdb,0xdb,0xff,0xdb,0xdb,
    0xdb,0xff,0xdb,0xdb,0xdb,0xff,0xdb,0xdb,0xdb,0xff,0xb7,0xb7,0xb7,0xff,0xd2,0xd2,
    0xd2,0xff,0xc6,0xc6,0xc6,0xc6,0xc2,0xc2,0xc2,0x34,0x00,0x00,0x00,0x00,0x00,0x00,
    0x00,0x00,0x00,0x00,0x00,0x00,0x00,0x00,0x00,0x00,0x00,0x00,0x00,0x00,0x00,0x00,
    0x00,0x00,0x00,0x00,0x00,0x00,0x00,0x00,0x00,0x00,0x00,0x00,0x00,0x00,0x00,0x00,
    0x00,0x00,0x00,0x00,0x00,0x00,0x00,0x00,0x00,0x00,0x00,0x00,0x00,0x00,0x00,0x00,
    0x00,0x00,0x00,0x00,0x00,0x00,0x00,0x00,0x00,0x00,0x00,0x00,0x00,0x00,0x00,0x00,
    0x00,0x00,0xab,0xab,0xab,0x26,0xb4,0xb4,0xb4,0xf7,0xdb,0xdb,0xdb,0xff,0xdb,0xdb,
    0xdb,0xff,0xdb,0xdb,0xdb,0xff,0xdb,0xdb,0xdb,0xff,0xdb,0xdb,0xdb,0xff,0xdb,0xdb,
    0xdb,0xff,0xdb,0xdb,0xdb,0xff,0xc7,0xc7,0xc7,0xff,0xa4,0xa4,0xa4,0x74,0x00,0x00,
    0x00,0x00,0x00,0x00,0x00,0x00,0x00,0x00,0x00,0x00,0x00,0x00,0x00,0x00,0x00,0x00,
    0x00,0x00,0x00,0x00,0x00,0x00,0x00,0x00,0x00,0x00,0x00,0x00,0x00,0x00,0x00,0x00,
    0x00,0x00,0x00,0x00,0x00,0x00,0x00,0x00,0x00,0x00,0x00,0x00,0x00,0x00,0x00,0x00,
    0x00,0x00,0x00,0x00,0x00,0x00,0x00,0x00,0x00,0x00,0x00,0x00,0x00,0x00,0x00,0x00,
    0x00,0x00,0x00,0x00,0x00,0x00,0x00,0x00,0x00,0x00,0x00,0x00,0x00,0x00,0x00,0x00,
    0x00,0x00,0x9f,0x9f,0x9f,0x33,0xb6,0xb6,0xb6,0xf9,0xda,0xda,0xda,0xff,0xdb,0xdb,
    0xdb,0xff,0xdb,0xdb,0xdb,0xff,0xdb,0xdb,0xdb,0xff,0xdb,0xdb,0xdb,0xff,0xdb,0xdb,
    0xdb,0xff,0xdb,0xdb,0xdb,0xff,0xdb,0xdb,0xdb,0xff,0xbf,0xbf,0xbf,0xff,0x9f,0x9f,
    0x9f,0x68,0x00,0x00,0x00,0x00,0x00,0x00,0x00,0x00,0x00,0x00,0x00,0x00,0x00,0x00,
    0x00,0x00,0x00,0x00,0x00,0x00,0x00,0x00,0x00,0x00,0x00,0x00,0x00,0x00,0x00,0x00,
    0x00,0x00,0x00,0x00,0x00,0x00,0x00,0x00,0x00,0x00,0x00,0x00,0x00,0x00,0x00,0x00,
    0x00,0x00,0x00,0x00,0x00,0x00,0x00,0x00,0x00,0x00,0x00,0x00,0x00,0x00,0x00,0x00,
    0x00,0x00,0x00,0x00,0x00,0x00,0x00,0x00,0x00,0x00,0x00,0x00,0x00,0x00,0x00,0x00,
    0x00,0x00,0x00,0x00,0x00,0x00,0x00,0x00,0x00,0x00,0x00,0x00,0x00,0x00,0x00,0x00,
    0x00,0x00,0x00,0x00,0x00,0x00,0x00,0x00,0x00,0x00,0x00,0x00,0x00,0x00,0x00,0x00,
    0x00,0x00,0x00,0x00,0x00,0x00,0x00,0x00,0x00,0x00,0x00,0x00,0x00,0x00,0x00,0x00,
    0x00,0x00,0x00,0x00,0x00,0x00,0x00,0x00,0x00,0x00,0x00,0x00,0x00,0x00,0x00,0x00,
    0x00,0x00,0x00,0x00,0x00,0x00,0x00,0x00,0x00,0x00,0x00,0x00,0x00,0x00,0x00,0x00,
    0x00,0x00,0x00,0x00,0x00,0x00,0x00,0x00,0x00,0x00,0x00,0x00,0x00,0x00,0x00,0x00,
    0x00,0x00,0x00,0x00,0x00,0x00,0x00,0x00,0x00,0x00,0x00,0x00,0x00,0x00,0x00,0x00,
    0x00,0x00,0x00,0x00,0x00,0x00,0x00,0x00,0x00,0x00,0x00,0x00,0x00,0x00,0x00,0x00,
    0x00,0x00,0x00,0x00,0x00,0x00,0x00,0x00,0x00,0x00,0x00,0x00,0x00,0x00,0x00,0x00,
    0x00,0x00,0x00,0x00,0x00,0x00,0x00,0x00,0x00,0x00,0x00,0x00,0x00,0x00,0x00,0x00,
    0x00,0x00,0x00,0x00,0x00,0x00,0x00,0x00,0x00,0x00,0x00,0x00,0x00,0x00,0x00,0x00,
    0x00,0x00,0x00,0x00,0x00,0x00,0x00,0x00,0x00,0x00,0x00,0x00,0x00,0x00,0x00,0x00,
    0x00,0x00,0x00,0x00,0x00,0x00,0x00,0x00,0x00,0x00,0x00,0x00,0x00,0x00,0x00,0x00,
    0x00,0x00,0x00,0x00,0x00,0x00,0x00,0x00,0x00,0x00,0x00,0x00,0x00,0x00,0x00,0x00,
    0x00,0x00,0x00,0x00,0x00,0x00,0x00,0x00,0x00,0x00,0x00,0x00,0x00,0x00,0x00,0x00,
    0x00,0x00,0x00,0x00,0x00,0x00,0x00,0x00,0x00,0x00,0x00,0x00,0x00,0x00,0x00,0x00,
    0x00,0x00,0x00,0x00,0x00,0x00,0x00,0x00,0x00,0x00,0x00,0x00,0x00,0x00,0x00,0x00,
    0x00,0x00,0x00,0x00,0x00,0x00,0xfb,0xfb,0xfb,0x3f,0xfd,0xfd,0xfd,0x7f,0x00,0x00,
    0x00,0x00,0x00,0x00,0x00,0x00,0x00,0x00,0x00,0x00,0x00,0x00,0x00,0x00,0x00,0x00,
    0x00,0x00,0x00,0x00,0x00,0x00,0x00,0x00,0x00,0x00,0x00,0x00,0x00,0x00,0x00,0x00,
    0x00,0x00,0x00,0x00,0x00,0x00,0x00,0x00,0x00,0x00,0x00,0x00,0x00,0x00,0x00,0x00,
    0x00,0x00,0x00,0x00,0x00,0x00,0x00,0x00,0x00,0x00,0x00,0x00,0x00,0x00,0x00,0x00,
    0x00,0x00,0x00,0x00,0x00,0x00,0x00,0x00,0x00,0x00,0x00,0x00,0x00,0x00,0x00,0x00,
    0x00,0x00,0x00,0x00,0x00,0x00,0x00,0x00,0x00,0x00,0x00,0x00,0x00,0x00,0x00,0x00,
    0x00,0x00,0x00,0x00,0x00,0x00,0x00,0x00,0x00,0x00,0x00,0x00,0x00,0x00,0x00,0x00,
    0x00,0x00,0x00,0x00,0x00,0x00,0xfb,0xfb,0xfb,0x3f,0xfd,0xfd,0xfd,0x7f,0x00,0x00,
    0x00,0x00,0x00,0x00,0x00,0x00,0x00,0x00,0x00,0x00,0x00,0x00,0x00,0x00,0x00,0x00,
    0x00,0x00,0x00,0x00,0x00,0x00,0x00,0x00,0x00,0x00,0x00,0x00,0x00,0x00,0x00,0x00,
    0x00,0x00,0x00,0x00,0x00,0x00,0x00,0x00,0x00,0x00,0x00,0x00,0x00,0x00,0x00,0x00,
    0x00,0x00,0x00,0x00,0x00,0x00,0x00,0x00,0x00,0x00,0x00,0x00,0x00,0x00,0x00,0x00,
    0x00,0x00,0x00,0x00,0x00,0x00,0x00,0x00,0x00,0x00,0x00,0x00,0x00,0x00,0x00,0x00,
    0x00,0x00,0x00,0x00,0x00,0x00,0x00,0x00,0x00,0x00,0x00,0x00,0x00,0x00,0x00,0x00,
    0x00,0x00,0x00,0x00,0x00,0x00,0x00,0x00,0x00,0x00,0x00,0x00,0x00,0x00,0x00,0x00,
    0x00,0x00,0x00,0x00,0x00,0x00,0xfc,0xfc,0xfc,0xcf,0xfc,0xfc,0xfc,0xdf,0xfc,0xfc,
    0xfc,0xdf,0x00,0x00,0x00,0x00,0x00,0x00,0x00,0x00,0x00,0x00,0x00,0x00,0x00,0x00,
    0x00,0x00,0x00,0x00,0x00,0x00,0x00,0x00,0x00,0x00,0x00,0x00,0x00,0x00,0x00,0x00,
    0x00,0x00,0x00,0x00,0x00,0x00,0x00,0x00,0x00,0x00,0x00,0x00,0x00,0x00,0x00,0x00,
    0x00,0x00,0x00,0x00,0x00,0x00,0x00,0x00,0x00,0x00,0x00,0x00,0x00,0x00,0x00,0x00,
    0x00,0x00,0x00,0x00,0x00,0x00,0x00,0x00,0x00,0x00,0x00,0x00,0x00,0x00,0x00,0x00,
    0x00,0x00,0x00,0x00,0x00,0x00,0x00,0x00,0x00,0x00,0x00,0x00,0x00,0x00,0xc2,0xc2,
    0xc2,0x2f,0xb3,0xb3,0xb3,0xc2,0xc5,0xc5,0xc5,0xff,0xdb,0xdb,0xdb,0xff,0xdb,0xdb,
    0xdb,0xff,0xdb,0xdb,0xdb,0xff,0xdb,0xdb,0xdb,0xff,0xdb,0xdb,0xdb,0xff,0xdb,0xdb,
    0xdb,0xff,0xdb,0xdb,0xdb,0xff,0xd6,0xd6,0xd6,0xff,0xab,0xab,0xab,0xe6,0xc2,0xc2,
    0xc2,0x5f,0xbb,0xbb,0xbb,0x01,0x00,0x00,0x00,0x00,0x00,0x00,0x00,0x00,0x00,0x00,
    0x00,0x00,0x00,0x00,0x00,0x00,0x00,0x00,0x00,0x00,0x00,0x00,0x00,0x00,0x00,0x00,
    0x00,0x00,0x00,0x00,0x00,0x00,0x00,0x00,0x00,0x00,0x00,0x00,0x00,0x00,0x00,0x00,
    0x00,0x00,0x00,0x00,0x00,0x00,0x00,0x00,0x00,0x00,0x00,0x00,0x00,0x00,0x00,0x00,
    0x00,0x00,0x00,0x00,0x00,0x00,0x00,0x00,0x00,0x00,0x00,0x00,0x00,0x00,0x00,0x00,
    0x00,0x00,0x00,0x00,0x00,0x00,0xa1,0xa1,0xa1,0x87,0xbc,0xbc,0xbc,0xff,0xbe,0xbe,
    0xbe,0xff,0xbe,0xbe,0xbe,0xff,0xbe,0xbe,0xbe,0xff,0xbe,0xbe,0xbe,0xff,0xbe,0xbe,
    0xbe,0xff,0xbe,0xbe,0xbe,0xff,0xab,0xab,0xab,0xd5,0x9e,0x9e,0x9e,0x07,0x00,0x00,
    0x00,0x00,0x00,0x00,0x00,0x00,0x00,0x00,0x00,0x00,0x00,0x00,0x00,0x00,0x00,0x00,
    0x00,0x00,0x00,0x00,0x00,0x00,0x00,0x00,0x00,0x00,0x00,0x00,0x00,0x00,0x00,0x00,
    0x00,0x00,0x00,0x00,0x00,0x00,0x00,0x00,0x00,0x00,0x00,0x00,0x00,0x00,0x00,0x00,
    0x00,0x00,0x00,0x00,0x00,0x00,0x00,0x00,0x00,0x00,0x00,0x00,0x00,0x00,0x00,0x00,
    0x00,0x00,0x00,0x00,0x00,0x00,0x00,0x00,0x00,0x00,0x00,0x00,0x00,0x00,0x00,0x00,
    0x00,0x00,0x00,0x00,0x00,0x00,0x9f,0x9f,0x9f,0x36,0xb0,0xb0,0xb0,0xd7,0xbe,0xbe,
    0xbe,0xff,0xbe,0xbe,0xbe,0xff,0xbe,0xbe,0xbe,0xff,0xbe,0xbe,0xbe,0xff,0xbe,0xbe,
    0xbe,0xff,0xbe,0xbe,0xbe,0xff,0xb3,0xb3,0xb3,0xef,0xa0,0xa0,0xa0,0x5e,0x00,0x00,
    0x00,0x00,0x00,0x00,0x00,0x00,0x00,0x00,0x00,0x00,0x00,0x00,0x00,0x00,0x00,0x00,
    0x00,0x00,0x00,0x00,0x00,0x00,0x00,0x00,0x00,0x00,0x00,0x00,0x00,0x00,0x00,0x00,
    0x00,0x00,0x00,0x00,0x00,0x00,0x00,0x00,0x00,0x00,0x00,0x00,0x00,0x00,0x00,0x00,
    0x00,0x00,0x00,0x00,0x00,0x00,0x00,0x00,0x00,0x00,0x00,0x00,0x00,0x00,0x00,0x00,
    0x00,0x00,0x00,0x00,0x00,0x00,0x00,0x00,0x00,0x00,0x00,0x00,0x00,0x00,0x00,0x00,
    0x00,0x00,0x00,0x00,0x00,0x00,0x00,0x00,0x00,0x00,0x00,0x00,0x00,0x00,0x00,0x00,
    0x00,0x00,0x00,0x00,0x00,0x00,0x00,0x00,0x00,0x00,0x00,0x00,0x00,0x00,0x00,0x00,
    0x00,0x00,0x00,0x00,0x00,0x00,0x00,0x00,0x00,0x00,0x00,0x00,0x00,0x00,0x00,0x00,
    0x00,0x00,0x00,0x00,0x00,0x00,0x00,0x00,0x00,0x00,0x00,0x00,0x00,0x00,0x00,0x00,
    0x00,0x00,0x00,0x00,0x00,0x00,0x00,0x00,0x00,0x00,0x00,0x00,0x00,0x00,0x00,0x00,
    0x00,0x00,0x00,0x00,0x00,0x00,0x00,0x00,0x00,0x00,0x00,0x00,0x00,0x00,0x00,0x00,
    0x00,0x00,0x00,0x00,0x00,0x00,0x00,0x00,0x00,0x00,0x00,0x00,0x00,0x00,0x00,0x00,
    0x00,0x00,0x00,0x00,0x00,0x00,0x00,0x00,0x00,0x00,0x00,0x00,0x00,0x00,0x00,0x00,
    0x00,0x00,0x00,0x00,0x00,0x00,0x00,0x00,0x00,0x00,0x00,0x00,0x00,0x00,0x00,0x00,
    0x00,0x00,0x00,0x00,0x00,0x00,0x00,0x00,0x00,0x00,0x00,0x00,0x00,0x00,0x00,0x00,
    0x00,0x00,0x00,0x00,0x00,0x00,0x00,0x00,0x00,0x00,0x00,0x00,0x00,0x00,0x00,0x00,
    0x00,0x00,0x00,0x00,0x00,0x00,0x00,0x00,0x00,0x00,0x00,0x00,0x00,0x00,0x00,0x00,
    0x00,0x00,0x00,0x00,0x00,0x00,0x00,0x00,0x00,0x00,0x00,0x00,0x00,0x00,0x00,0x00,
    0x00,0x00,0x00,0x00,0x00,0x00,0x00,0x00,0x00,0x00,0x00,0x00,0x00,0x00,0x00,0x00,
    0x00,0x00,0x00,0x00,0x00,0x00,0x00,0x00,0x00,0x00,0x00,0x00,0x00,0x00,0x00,0x00,
    0x00,0x00,0x00,0x00,0x00,0x00,0x00,0x00,0x00,0x00,0x00,0x00,0x00,0x00,0x00,0x00,
    0x00,0x00,0x00,0x00,0x00,0x00,0x00,0x00,0x00,0x00,0x00,0x00,0x00,0x00,0x00,0x00,
    0x00,0x00,0x00,0x00,0x00,0x00,0x00,0x00,0x00,0x00,0x00,0x00,0x00,0x00,0x00,0x00,
    0x00,0x00,0x00,0x00,0x00,0x00,0x00,0x00,0x00,0x00,0x00,0x00,0x00,0x00,0x00,0x00,
    0x00,0x00,0x00,0x00,0x00,0x00,0x00,0x00,0x00,0x00,0x00,0x00,0x00,0x00,0x00,0x00,
    0x00,0x00,0x00,0x00,0x00,0x00,0x00,0x00,0x00,0x00,0x00,0x00,0x00,0x00,0x00,0x00,
    0x00,0x00,0x00,0x00,0x00,0x00,0x00,0x00,0x00,0x00,0x00,0x00,0x00,0x00,0x00,0x00,
    0x00,0x00,0x00,0x00,0x00,0x00,0x00,0x00,0x00,0x00,0x00,0x00,0x00,0x00,0x00,0x00,
    0x00,0x00,0x00,0x00,0x00,0x00,0x00,0x00,0x00,0x00,0x00,0x00,0x00,0x00,0x00,0x00,
    0x00,0x00,0x00,0x00,0x00,0x00,0x00,0x00,0x00,0x00,0x00,0x00,0x00,0x00,0x00,0x00,
    0x00,0x00,0x00,0x00,0x00,0x00,0xfb,0xfb,0xfb,0x3f,0xfd,0xfd,0xfd,0x7f,0x00,0x00,
    0x00,0x00,0x00,0x00,0x00,0x00,0x00,0x00,0x00,0x00,0x00,0x00,0x00,0x00,0x00,0x00,
    0x00,0x00,0x00,0x00,0x00,0x00,0x00,0x00,0x00,0x00,0x00,0x00,0x00,0x00,0x00,0x00,
    0x00,0x00,0x00,0x00,0x00,0x00,0x00,0x00,0x00,0x00,0x00,0x00,0x00,0x00,0x00,0x00,
    0x00,0x00,0x00,0x00,0x00,0x00,0x00,0x00,0x00,0x00,0x00,0x00,0x00,0x00,0x00,0x00,
    0x00,0x00,0x00,0x00,0x00,0x00,0x00,0x00,0x00,0x00,0x00,0x00,0x00,0x00,0x00,0x00,
    0x00,0x00,0x00,0x00,0x00,0x00,0x00,0x00,0x00,0x00,0x00,0x00,0x00,0x00,0x00,0x00,
    0x00,0x00,0x00,0x00,0x00,0x00,0x00,0x00,0x00,0x00,0x00,0x00,0x00,0x00,0x00,0x00,
    0x00,0x00,0x00,0x00,0x00,0x00,0xfb,0xfb,0xfb,0x3f,0xfb,0xfb,0xfb,0x3f,0xfb,0xfb,
    0xfb,0x3f,0x00,0x00,0x00,0x00,0x00,0x00,0x00,0x00,0x00,0x00,0x00,0x00,0x00,0x00,
    0x00,0x00,0x00,0x00,0x00,0x00,0x00,0x00,0x00,0x00,0x00,0x00,0x00,0x00,0x00,0x00,
    0x00,0x00,0x00,0x00,0x00,0x00,0x00,0x00,0x00,0x00,0x00,0x00,0x00,0x00,0x00,0x00,
    0x00,0x00,0x00,0x00,0x00,0x00,0x00,0x00,0x00,0x00,0x00,0x00,0x00,0x00,0x00,0x00,
    0x00,0x00,0x00,0x00,0x00,0x00,0x00,0x00,0x00,0x00,0x00,0x00,0x00,0x00,0x00,0x00,
    0x00,0x00,0x00,0x00,0x00,0x00,0x00,0x00,0x00,0x00,0x00,0x00,0x00,0x00,0x00,0x00,
    0x00,0x00,0x9e,0x9e,0x9e,0x07,0xad,0xad,0xad,0xe6,0xdb,0xdb,0xdb,0xff,0xdb,0xdb,
    0xdb,0xff,0xdb,0xdb,0xdb,0xff,0xdb,0xdb,0xdb,0xff,0xdb,0xdb,0xdb,0xff,0xdb,0xdb,
    0xdb,0xff,0xdb,0xdb,0xdb,0xff,0xbf,0xbf,0xbf,0xff,0x9f,0x9f,0x9f,0x43,0x00,0x00,
    0x00,0x00,0x00,0x00,0x00,0x00,0x00,0x00,0x00,0x00,0x00,0x00,0x00,0x00,0x00,0x00,
    0x00,0x00,0x00,0x00,0x00,0x00,0x00,0x00,0x00,0x00,0x00,0x00,0x00,0x00,0x00,0x00,
    0x00,0x00,0x00,0x00,0x00,0x00,0x00,0x00,0x00,0x00,0x00,0x00,0x00,0x00,0x00,0x00,
    0x00,0x00,0x00,0x00,0x00,0x00,0x00,0x00,0x00,0x00,0x00,0x00,0x00,0x00,0x00,0x00,
    0x00,0x00,0x00,0x00,0x00,0x00,0x00,0x00,0x00,0x00,0x00,0x00,0x00,0x00,0x00,0x00,
    0x00,0x00,0x00,0x00,0x00,0x00,0x00,0x00,0x00,0x00,0x00,0x00,0x00,0x00,0x00,0x00,
    0x00,0x00,0x00,0x00,0x00,0x00,0x00,0x00,0x00,0x00,0x00,0x00,0x00,0x00,0x00,0x00,
    0x00,0x00,0x00,0x00,0x00,0x00,0x00,0x00,0x00,0x00,0x00,0x00,0x00,0x00,0x00,0x00,
    0x00,0x00,0x00,0x00,0x00,0x00,0x00,0x00,0x00,0x00,0x00,0x00,0x00,0x00,0x00,0x00,
    0x00,0x00,0x00,0x00,0x00,0x00,0x00,0x00,0x00,0x00,0x00,0x00,0x00,0x00,0x00,0x00,
    0x00,0x00,0x00,0x00,0x00,0x00,0x00,0x00,0x00,0x00,0x00,0x00,0x00,0x00,0x00,0x00,
    0x00,0x00,0x00,0x00,0x00,0x00,0x00,0x00,0x00,0x00,0x00,0x00,0x00,0x00,0x00,0x00,
    0x00,0x00,0x00,0x00,0x00,0x00,0x00,0x00,0x00,0x00,0x00,0x00,0x00,0x00,0x00,0x00,
    0x00,0x00,0x00,0x00,0x00,0x00,0x00,0x00,0x00,0x00,0x00,0x00,0x00,0x00,0x00,0x00,
    0x00,0x00,0x00,0x00,0x00,0x00,0x00,0x00,0x00,0x00,0x00,0x00,0x00,0x00,0x00,0x00,
    0x00,0x00,0x00,0x00,0x00,0x00,0x00,0x00,0x00,0x00,0x00,0x00,0x00,0x00,0x00,0x00,
    0x00,0x00,0x00,0x00,0x00,0x00,0x00,0x00,0x00,0x00,0x00,0x00,0x00,0x00,0x00,0x00,
    0x00,0x00,0x00,0x00,0x00,0x00,0x00,0x00,0x00,0x00,0x00,0x00,0x00,0x00,0x00,0x00,
    0x00,0x00,0x00,0x00,0x00,0x00,0x00,0x00,0x00,0x00,0x00,0x00,0x00,0x00,0x00,0x00,
    0x00,0x00,0x00,0x00,0x00,0x00,0x00,0x00,0x00,0x00,0x00,0x00,0x00,0x00,0x00,0x00,
    0x00,0x00,0x00,0x00,0x00,0x00,0x00,0x00,0x00,0x00,0x00,0x00,0x00,0x00,0x00,0x00,
    0x00,0x00,0x00,0x00,0x00,0x00,0x00,0x00,0x00,0x00,0x00,0x00,0x00,0x00,0x00,0x00,
    0x00,0x00,0x00,0x00,0x00,0x00,0x00,0x00,0x00,0x00,0x00,0x00,0x00,0x00,0x00,0x00,
    0x00,0x00,0x00,0x00,0x00,0x00,0x00,0x00,0x00,0x00,0x00,0x00,0x00,0x00,0x00,0x00,
    0x00,0x00,0x00,0x00,0x00,0x00,0x00,0x00,0x00,0x00,0x00,0x00,0x00,0x00,0x00,0x00,
    0x00,0x00,0x00,0x00,0x00,0x00,0x00,0x00,0x00,0x00,0x00,0x00,0x00,0x00,0x00,0x00,
    0x00,0x00,0x00,0x00,0x00,0x00,0x00,0x00,0x00,0x00,0x00,0x00,0x00,0x00,0x00,0x00,
    0x00,0x00,0x00,0x00,0x00,0x00,0x00,0x00,0x00,0x00,0x00,0x00,0x00,0x00,0x00,0x00,
    0x00,0x00,0x00,0x00,0x00,0x00,0x00,0x00,0x00,0x00,0x00,0x00,0x00,0x00,0x00,0x00,
    0x00,0x00,0x00,0x00,0x00,0x00,0x00,0x00,0x00,0x00,0x00,0x00,0x00,0x00,0x00,0x00,
    0x00,0x00,0x00,0x00,0x00,0x00,0x00,0x00,0x00,0x00,0x00,0x00,0x00,0x00,0x00,0x00,
    0x00,0x00,0x00,0x00,0x00,0x00,0x00,0x00,0x00,0x00,0x00,0x00,0x00,0x00,0x00,0x00,
    0x00,0x00,0x00,0x00,0x00,0x00,0x00,0x00,0x00,0x00,0x00,0x00,0x00,0x00,0x00,0x00,
    0x00,0x00,0x00,0x00,0x00,0x00,0x00,0x00,0x00,0x00,0x00,0x00,0x00,0x00,0x00,0x00,
    0x00,0x00,0x00,0x00,0x00,0x00,0x00,0x00,0x00,0x00,0x00,0x00,0x00,0x00,0x00,0x00,
    0x00,0x00,0x00,0x00,0x00,0x00,0x00,0x00,0x00,0x00,0x00,0x00,0x00,0x00,0x00,0x00,
    0x00,0x00,0x00,0x00,0x00,0x00,0x00,0x00,0x00,0x00,0x00,0x00,0x00,0x00,0x00,0x00,
    0x00,0x00,0x00,0x00,0x00,0x00,0x00,0x00,0x00,0x00,0x00,0x00,0x00,0x00,0x00,0x00,
    0x00,0x00,0x00,0x00,0x00,0x00,0x00,0x00,0x00,0x00,0x00,0x00,0x00,0x00,0x00,0x00,
    0x00,0x00,0x00,0x00,0x00,0x00,0x00,0x00,0x00,0x00,0x00,0x00,0x00,0x00,0x00,0x00,
    0x00,0x00,0x00,0x00,0x00,0x00,0x00,0x00,0x00,0x00,0x00,0x00,0x00,0x00,0x00,0x00,
    0x00,0x00,0x00,0x00,0x00,0x00,0x00,0x00,0x00,0x00,0x00,0x00,0x00,0x00,0x00,0x00,
    0x00,0x00,0x00,0x00,0x00,0x00,0x00,0x00,0x00,0x00,0x00,0x00,0x00,0x00,0x00,0x00,
    0x00,0x00,0x00,0x00,0x00,0x00,0x00,0x00,0x00,0x00,0x00,0x00,0x00,0x00,0x00,0x00,
    0x00,0x00,0x00,0x00,0x00,0x00,0x00,0x00,0x00,0x00,0x00,0x00,0x00,0x00,0x00,0x00,
    0x00,0x00,0x00,0x00,0x00,0x00,0x00,0x00,0x00,0x00,0x00,0x00,0x00,0x00,0x00,0x00,
    0x00,0x00,0x00,0x00,0x00,0x00,0x00,0x00,0x00,0x00,0x00,0x00,0x00,0x00,0x00,0x00,
    0x00,0x00,0x00,0x00,0x00,0x00,0x00,0x00,0x00,0x00,0x00,0x00,0x00,0x00,0x00,0x00,
    0x00,0x00,0x00,0x00,0x00,0x00,0x00,0x00,0x00,0x00,0x00,0x00,0x00,0x00,0x00,0x00,
    0x00,0x00,0x00,0x00,0x00,0x00,0x00,0x00,0x00,0x00,0x00,0x00,0x00,0x00,0x00,0x00,
    0x00,0x00,0x00,0x00,0x00,0x00,0x00,0x00,0x00,0x00,0x00,0x00,0x00,0x00,0x00,0x00,
    0x00,0x00,0x00,0x00,0x00,0x00,0x00,0x00,0x00,0x00,0x00,0x00,0x00,0x00,0x00,0x00,
    0x00,0x00,0x00,0x00,0x00,0x00,0x00,0x00,0x00,0x00,0x00,0x00,0x00,0x00,0x00,0x00,
    0x00,0x00,0x00,0x00,0x00,0x00,0x00,0x00,0x00,0x00,0x00,0x00,0x00,0x00,0x00,0x00,
    0x00,0x00,0x00,0x00,0x00,0x00,0xfb,0xfb,0xfb,0x3f,0xfb,0xfb,0xfb,0x3f,0xfb,0xfb,
    0xfb,0x3f,0x00,0x00,0x00,0x00,0x00,0x00,0x00,0x00,0x00,0x00,0x00,0x00,0x00,0x00,
    0x00,0x00,0x00,0x00,0x00,0x00,0x00,0x00,0x00,0x00,0x00,0x00,0x00,0x00,0x00,0x00,
    0x00,0x00,0x00,0x00,0x00,0x00,0x00,0x00,0x00,0x00,0x00,0x00,0x00,0x00,0x00,0x00,
    0x00,0x00,0x00,0x00,0x00,0x00,0x00,0x00,0x00,0x00,0x00,0x00,0x00,0x00,0x00,0x00,
    0x00,0x00,0x00,0x00,0x00,0x00,0x00,0x00,0x00,0x00,0x00,0x00,0x00,0x00,0x00,0x00,
    0x00,0x00,0x00,0x00,0x00,0x00,0x00,0x00,0x00,0x00,0x00,0x00,0x00,0x00,0x00,0x00,
    0x00,0x00,0x00,0x00,0x00,0x00,0x9f,0x9f,0x9f,0x71,0xb1,0xb1,0xb1,0xff,0xb4,0xb4,
    0xb4,0xff,0xb4,0xb4,0xb4,0xff,0xb4,0xb4,0xb4,0xff,0xb4,0xb4,0xb4,0xff,0xb4,0xb4,
    0xb4,0xff,0xb4,0xb4,0xb4,0xff,0xa6,0xa6,0xa6,0xc8,0x00,0x00,0x00,0x00,0x00,0x00,
    0x00,0x00,0x00,0x00,0x00,0x00,0x00,0x00,0x00,0x00,0x00,0x00,0x00,0x00,0x00,0x00,
    0x00,0x00,0x00,0x00,0x00,0x00,0x00,0x00,0x00,0x00,0x00,0x00,0x00,0x00,0x00,0x00,
    0x00,0x00,0x00,0x00,0x00,0x00,0x00,0x00,0x00,0x00,0x00,0x00,0x00,0x00,0x00,0x00,
    0x00,0x00,0x00,0x00,0x00,0x00,0x00,0x00,0x00,0x00,0x00,0x00,0x00,0x00,0x00,0x00,
    0x00,0x00,0x00,0x00,0x00,0x00,0x00,0x00,0x00,0x00,0x00,0x00,0x00,0x00,0x00,0x00,
    0x00,0x00,0x00,0x00,0x00,0x00,0x00,0x00,0x00,0x00,0x00,0x00,0x00,0x00,0x00,0x00,
    0x00,0x00,0x00,0x00,0x00,0x00,0x00,0x00,0x00,0x00,0x00,0x00,0x00,0x00,0x00,0x00,
    0x00,0x00,0x00,0x00,0x00,0x00,0x00,0x00,0x00,0x00,0x00,0x00,0x00,0x00,0x00,0x00,
    0x00,0x00,0x00,0x00,0x00,0x00,0x00,0x00,0x00,0x00,0x00,0x00,0x00,0x00,0x00,0x00,
    0x00,0x00,0x00,0x00,0x00,0x00,0x00,0x00,0x00,0x00,0x00,0x00,0x00,0x00,0x00,0x00,
    0x00,0x00,0x00,0x00,0x00,0x00,0x00,0x00,0x00,0x00,0x00,0x00,0x00,0x00,0x00,0x00,
    0x00,0x00,0x00,0x00,0x00,0x00,0x00,0x00,0x00,0x00,0x00,0x00,0x00,0x00,0x00,0x00,
    0x00,0x00,0x00,0x00,0x00,0x00,0x00,0x00,0x00,0x00,0x00,0x00,0x00,0x00,0x00,0x00,
    0x00,0x00,0x00,0x00,0x00,0x00,0x00,0x00,0x00,0x00,0x00,0x00,0x00,0x00,0x00,0x00,
    0x00,0x00,0x00,0x00,0x00,0x00,0x00,0x00,0x00,0x00,0x00,0x00,0x00,0x00,0x00,0x00,
    0x00,0x00,0x00,0x00,0x00,0x00,0x00,0x00,0x00,0x00,0x00,0x00,0x00,0x00,0x00,0x00,
    0x00,0x00,0x00,0x00,0x00,0x00,0x00,0x00,0x00,0x00,0x00,0x00,0x00,0x00,0x00,0x00,
    0x00,0x00,0x00,0x00,0x00,0x00,0x00,0x00,0x00,0x00,0x00,0x00,0x00,0x00,0x00,0x00,
    0x00,0x00,0x00,0x00,0x00,0x00,0x00,0x00,0x00,0x00,0x00,0x00,0x00,0x00,0x00,0x00,
    0x00,0x00,0x00,0x00,0x00,0x00,0x00,0x00,0x00,0x00,0x00,0x00,0x00,0x00,0x00,0x00,
    0x00,0x00,0x00,0x00,0x00,0x00,0x00,0x00,0x00,0x00,0x00,0x00,0x00,0x00,0x00,0x00,
    0x00,0x00,0x00,0x00,0x00,0x00,0x00,0x00,0x00,0x00,0x00,0x00,0x00,0x00,0x00,0x00,
    0x00,0x00,0x00,0x00,0x00,0x00,0x00,0x00,0x00,0x00,0x00,0x00,0x00,0x00,0x00,0x00,
    0x00,0x00,0x00,0x00,0x00,0x00,0x00,0x00,0x00,0x00,0x00,0x00,0x00,0x00,0x00,0x00,
    0x00,0x00,0x00,0x00,0x00,0x00,0x00,0x00,0x00,0x00,0x00,0x00,0x00,0x00,0x00,0x00,
    0x00,0x00,0x00,0x00,0x00,0x00,0x00,0x00,0x00,0x00,0x00,0x00,0x00,0x00,0x00,0x00,
    0x00,0x00,0x00,0x00,0x00,0x00,0x00,0x00,0x00,0x00,0x00,0x00,0x00,0x00,0x00,0x00,
    0x00,0x00,0x00,0x00,0x00,0x00,0x00,0x00,0x00,0x00,0x00,0x00,0x00,0x00,0x00,0x00,
    0x00,0x00,0x00,0x00,0x00,0x00,0x00,0x00,0x00,0x00,0x00,0x00,0x00,0x00,0x00,0x00,
    0x00,0x00,0x00,0x00,0x00,0x00,0x00,0x00,0x00,0x00,0x00,0x00,0x00,0x00,0x00,0x00,
    0x00,0x00,0x00,0x00,0x00,0x00,0x00,0x00,0x00,0x00,0x00,0x00,0x00,0x00,0x00,0x00,
    0x00,0x00,0x00,0x00,0x00,0x00,0x00,0x00,0x00,0x00,0x00,0x00,0x00,0x00,0x00,0x00,
    0x00,0x00,0x00,0x00,0x00,0x00,0x00,0x00,0x00,0x00,0x00,0x00,0x00,0x00,0x00,0x00,
    0x00,0x00,0x00,0x00,0x00,0x00,0x00,0x00,0x00,0x00,0x00,0x00,0x00,0x00,0x00,0x00,
    0x00,0x00,0x00,0x00,0x00,0x00,0x00,0x00,0x00,0x00,0x00,0x00,0x00,0x00,0x00,0x00,
    0x00,0x00,0x00,0x00,0x00,0x00,0x00,0x00,0x00,0x00,0x00,0x00,0x00,0x00,0x00,0x00,
    0x00,0x00,0x00,0x00,0x00,0x00,0x00,0x00,0x00,0x00,0x00,0x00,0x00,0x00,0x00,0x00,
    0x00,0x00,0x00,0x00,0x00,0x00,0x00,0x00,0x00,0x00,0x00,0x00,0x00,0x00,0x00,0x00,
    0x00,0x00,0x00,0x00,0x00,0x00,0x00,0x00,0x00,0x00,0x00,0x00,0x00,0x00,0x00,0x00,
    0x00,0x00,0x00,0x00,0x00,0x00,0x00,0x00,0x00,0x00,0x00,0x00,0x00,0x00,0x00,0x00,
    0x00,0x00,0x00,0x00,0x00,0x00,0x00,0x00,0x00,0x00,0x00,0x00,0x00,0x00,0x00,0x00,
    0x00,0x00,0x00,0x00,0x00,0x00,0x00,0x00,0x00,0x00,0x00,0x00,0x00,0x00,0x00,0x00,
    0x00,0x00,0x00,0x00,0x00,0x00,0x00,0x00,0x00,0x00,0x00,0x00,0x00,0x00,0x00,0x00,
    0x00,0x00,0x00,0x00,0x00,0x00,0x00,0x00,0x00,0x00,0x00,0x00,0x00,0x00,0x00,0x00,
    0x00,0x00,0x00,0x00,0x00,0x00,0x00,0x00,0x00,0x00,0x00,0x00,0x00,0x00,0x00,0x00,
    0x00,0x00,0x00,0x00,0x00,0x00,0x00,0x00,0x00,0x00,0x00,0x00,0x00,0x00,0x00,0x00,
    0x00,0x00,0x00,0x00,0x00,0x00,0x00,0x00,0x00,0x00,0x00,0x00,0x00,0x00,0x00,0x00,
    0x00,0x00,0x00,0x00,0x00,0x00,0x00,0x00,0x00,0x00,0x00,0x00,0x00,0x00,0x00,0x00,
    0x00,0x00,0x00,0x00,0x00,0x00,0x00,0x00,0x00,0x00,0x00,0x00,0x00,0x00,0x00,0x00,
    0x00,0x00,0x00,0x00,0x00,0x00,0x00,0x00,0x00,0x00,0x00,0x00,0x00,0x00,0x00,0x00,
    0x00,0x00,0x00,0x00,0x00,0x00,0x00,0x00,0x00,0x00,0x00,0x00,0x00,0x00,0x00,0x00,
    0x00,0x00,0x00,0x00,0x00,0x00,0x00,0x00,0x00,0x00,0x00,0x00,0x00,0x00,0x00,0x00,
    0x00,0x00,0x00,0x00,0x00,0x00,0x00,0x00,0x00,0x00,0x00,0x00,0x00,0x00,0x00,0x00,
    0x00,0x00,0x00,0x00,0x00,0x00,0x00,0x00,0x00,0x00,0x00,0x00,0x00,0x00,0x00,0x00,
    0x00,0x00,0x00,0x00,0x00,0x00,0x00,0x00,0x00,0x00,0x00,0x00,0x00,0x00,0x00,0x00,
    0x00,0x00,0x00,0x00,0x00,0x00,0x00,0x00,0x00,0x00,0x00,0x00,0x00,0x00,0x00,0x00,
    0x00,0x00,0x00,0x00,0x00,0x00,0x00,0x00,0x00,0x00,0x00,0x00,0x00,0x00,0x00,0x00,
    0x00,0x00,0x00,0x00,0x00,0x00,0x00,0x00,0x00,0x00,0x00,0x00,0x00,0x00,0x00,0x00,
    0x00,0x00,0x00,0x00,0x00,0x00,0x00,0x00,0x00,0x00,0x00,0x00,0x00,0x00,0x00,0x00,
    0x00,0x00,0x00,0x00,0x00,0x00,0x00,0x00,0x00,0x00,0x00,0x00,0x00,0x00,0x00,0x00,
    0x00,0x00,0x00,0x00,0x00,0x00,0x00,0x00,0x00,0x00,0x00,0x00,0x00,0x00,0x00,0x00,
    0x00,0x00,0x00,0x00,0x00,0x00,0x00,0x00,0x00,0x00,0x00,0x00,0x00,0x00,0x00,0x00,
    0x00,0x00,0x00,0x00,0x00,0x00,0x00,0x00,0x00,0x00,0x00,0x00,0x00,0x00,0x00,0x00,
    0x00,0x00,0x00,0x00,0x00,0x00,0x00,0x00,0x00,0x00,0x00,0x00,0x00,0x00,0x00,0x00,
    0x00,0x00,0x00,0x00,0x00,0x00,0x00,0x00,0x00,0x00,0x00,0x00,0x00,0x00,0x00,0x00,
    0x00,0x00,0x00,0x00,0x00,0x00,0x00,0x00,0x00,0x00,0x00,0x00,0x00,0x00,0x00,0x00,
    0x00,0x00,0x00,0x00,0x00,0x00,0x00,0x00,0x00,0x00,0x00,0x00,0x00,0x00,0x00,0x00,
    0x00,0x00,0x00,0x00,0x00,0x00,0x00,0x00,0x00,0x00,0x00,0x00,0x00,0x00,0x00,0x00,
    0x00,0x00,0x00,0x00,0x00,0x00,0x00,0x00,0x00,0x00,0x00,0x00,0x00,0x00,0x00,0x00,
    0x00,0x00,0x00,0x00,0x00,0x00,0x00,0x00,0x00,0x00,0x00,0x00,0x00,0x00,0x00,0x00,
    0x00,0x00,0x00,0x00,0x00,0x00,0x00,0x00,0x00,0x00,0x00,0x00,0x00,0x00,0x00,0x00,
    0x00,0x00,0x00,0x00,0x00,0x00,0x00,0x00,0x00,0x00,0x00,0x00,0x00,0x00,0x00,0x00,
    0x00,0x00,0x00,0x00,0x00,0x00,0x00,0x00,0x00,0x00,0x00,0x00,0x00,0x00,0x00,0x00,
    0x00,0x00,0x00,0x00,0x00,0x00,0x00,0x00,0x00,0x00,0x00,0x00,0x00,0x00,0x00,0x00,
    0x00,0x00,0x00,0x00,0x00,0x00,0x00,0x00,0x00,0x00,0x00,0x00,0x00,0x00,0x00,0x00,
    0x00,0x00,0x00,0x00,0x00,0x00,0x00,0x00,0x00,0x00,0x00,0x00,0x00,0x00,0x00,0x00,
    0x00,0x00,0x00,0x00,0x00,0x00,0x00,0x00,0x00,0x00,0x00,0x00,0x00,0x00,0x00,0x00,
    0x00,0x00,0x00,0x00,0x00,0x00,0x00,0x00,0x00,0x00,0x00,0x00,0x00,0x00,0x00,0x00,
    0x00,0x00,0x00,0x00,0x00,0x00,0x00,0x00,0x00,0x00,0x00,0x00,0x00,0x00,0x00,0x00,
    0x00,0x00,0x00,0x00,0x00,0x00,0x00,0x00,0x00,0x00,0x00,0x00,0x00,0x00,0x00,0x00,
    0x00,0x00,0x00,0x00,0x00,0x00,0x00,0x00,0x00,0x00,0x00,0x00,0x00,0x00,0x00,0x00,
    0x00,0x00,0x00,0x00,0x00,0x00,0x00,0x00,0x00,0x00,0x00,0x00,0x00,0x00,0x00,0x00,
    0x00,0x00,0x00,0x00,0x00,0x00,0x00,0x00,0x00,0x00,0x00,0x00,0x00,0x00,0x00,0x00,
    0x00,0x00,0x00,0x00,0x00,0x00,0x00,0x00,0x00,0x00,0x00,0x00,0x00,0x00,0x00,0x00,
    0x00,0x00,0x00,0x00,0x00,0x00,0x00,0x00,0x00,0x00,0x00,0x00,0x00,0x00,0x00,0x00,
    0x00,0x00,0x00,0x00,0x00,0x00,0x00,0x00,0x00,0x00,0x00,0x00,0x00,0x00,0x00,0x00,
    0x00,0x00,0x00,0x00,0x00,0x00,0x00,0x00,0x00,0x00,0x00,0x00,0x00,0x00,0x00,0x00,
    0x00,0x00,0x00,0x00,0x00,0x00,0x00,0x00,0x00,0x00,0x00,0x00,0x00,0x00,0x00,0x00,
    0x00,0x00,0x00,0x00,0x00,0x00,0x00,0x00,0x00,0x00,0x00,0x00,0x00,0x00,0x00,0x00,
    0x00,0x00,0x00,0x00,0x00,0x00,0x00,0x00,0x00,0x00,0x00,0x00,0x00,0x00,0x00,0x00,
    0x00,0x00,0x00,0x00,0x00,0x00,0x00,0x00,0x00,0x00,0x00,0x00,0x00,0x00,0x00,0x00,
    0x00,0x00,0x00,0x00,0x00,0x00,0x00,0x00,0x00,0x00,0x00,0x00,0x00,0x00,0x00,0x00,
    0x00,0x00,0x00,0x00,0x00,0x00,0x00,0x00,0x00,0x00,0x00,0x00,0x00,0x00,0x00,0x00,
    0x00,0x00,0x00,0x00,0x00,0x00,0x00,0x00,0x00,0x00,0x00,0x00,0x00,0x00,0x00,0x00,
    0x00,0x00,0x00,0x00,0x00,0x00,0x00,0x00,0x00,0x00,0x00,0x00,0x00,0x00,0x00,0x00,
    0x00,0x00,0x00,0x00,0x00,0x00,0x00,0x00,0x00,0x00,0x00,0x00,0x00,0x00,0x00,0x00,
    0x00,0x00,0x00,0x00,0x00,0x00,0x00,0x00,0x00,0x00,0x00,0x00,0x00,0x00,0x00,0x00,
    0x00,0x00,0x00,0x00,0x00,0x00,0x00,0x00,0x00,0x00,0x00,0x00,0x00,0x00,0x00,0x00,
    0x00,0x00,0x00,0x00,0x00,0x00,0x00,0x00,0x00,0x00,0x00,0x00,0x00,0x00,0x00,0x00,
    0x00,0x00,0x00,0x00,0x00,0x00,0x00,0x00,0x00,0x00,0x00,0x00,0x00,0x00,0x00,0x00,
    0x00,0x00,0x00,0x00,0x00,0x00,0x00,0x00,0x00,0x00,0x00,0x00,0x00,0x00,0x00,0x00,
    0x00,0x00,0x00,0x00,0x00,0x00,0x00,0x00,0x00,0x00,0x00,0x00,0x00,0x00,0x00,0x00,
    0x00,0x00,0x00,0x00,0x00,0x00,0x00,0x00,0x00,0x00,0x00,0x00,0x00,0x00,0x00,0x00,
    0x00,0x00,0x00,0x00,0x00,0x00,0x00,0x00,0x00,0x00,0x00,0x00,0x00,0x00,0x00,0x00,
    0x00,0x00,0x00,0x00,0x00,0x00,0x00,0x00,0x00,0x00,0x00,0x00,0x00,0x00,0x00,0x00,
    0x00,0x00,0x00,0x00,0x00,0x00,0x00,0x00,0x00,0x00,0x00,0x00,0x00,0x00,0x00,0x00,
    0x00,0x00,0x00,0x00,0x00,0x00,0x00,0x00,0x00,0x00,0x00,0x00,0x00,0x00,0x00,0x00,
    0x00,0x00,0x00,0x00,0x00,0x00,0x00,0x00,0x00,0x00,0x00,0x00,0x00,0x00,0x00,0x00,
    0x00,0x00,0x00,0x00,0x00,0x00,0x00,0x00,0x00,0x00,0x00,0x00,0x00,0x00,0x00,0x00,
    0x00,0x00,0x00,0x00,0x00,0x00,0x00,0x00,0x00,0x00,0x00,0x00,0x00,0x00,0x00,0x00,
    0x00,0x00,0x00,0x00,0x00,0x00,0x00,0x00,0x00,0x00,0x00,0x00,0x00,0x00,0x00,0x00,
    0x00,0x00,0x00,0x00,0x00,0x00,0x00,0x00,0x00,0x00,0x00,0x00,0x00,0x00,0x00,0x00,
    0x00,0x00,0x00,0x00,0x00,0x00,0x00,0x00,0x00,0x00,0x00,0x00,0x00,0x00,0x00,0x00,
    0x00,0x00,0x00,0x00,0x00,0x00,0x00,0x00,0x00,0x00,0x00,0x00,0x00,0x00,0x00,0x00,
    0x00,0x00,0x00,0x00,0x00,0x00,0x00,0x00,0x00,0x00,0x00,0x00,0x00,0x00,0x00,0x00,
    0x00,0x00,0x00,0x00,0x00,0x00,0x00,0x00,0x00,0x00,0x00,0x00,0x00,0x00,0x00,0x00,
    0x00,0x00,0x00,0x00,0x00,0x00,0x00,0x00,0x00,0x00,0x00,0x00,0x00,0x00,0x00,0x00,
    0x00,0x00,0x00,0x00,0x00,0x00,0x00,0x00,0x00,0x00,0x00,0x00,0x00,0x00,0x00,0x00,
    0x00,0x00,0x00,0x00,0x00,0x00,0x00,0x00,0x00,0x00,0x00,0x00,0x00,0x00,0x00,0x00,
    0x00,0x00,0x00,0x00,0x00,0x00,0x00,0x00,0x00,0x00,0x00,0x00,0x00,0x00,0x00,0x00,
    0x00,0x00,0x00,0x00,0x00,0x00,0x00,0x00,0x00,0x00,0x00,0x00,0x00,0x00,0x00,0x00,
    0x00,0x00,0x00,0x00,0x00,0x00,0x00,0x00,0x00,0x00,0x00,0x00,0x00,0x00,0x00,0x00,
    0x00,0x00,0x00,0x00,0x00,0x00,0x00,0x00,0x00,0x00,0x00,0x00,0x00,0x00,0x00,0x00,
    0x00,0x00,0x00,0x00,0x00,0x00,0x00,0x00,0x00,0x00,0x00,0x00,0x00,0x00,0x00,0x00,
    0x00,0x00,0x00,0x00,0x00,0x00,0x00,0x00,0x00,0x00,0x00,0x00,0x00,0x00,0x00,0x00,
    0x00,0x00,0x00,0x00,0x00,0x00,0x00,0x00,0x00,0x00,0x00,0x00,0x00,0x00,0x00,0x00,
    0x00,0x00,0x00,0x00,0x00,0x00,0x00,0x00,0x00,0x00,0x00,0x00,0x00,0x00,0x00,0x00,
    0x00,0x00,0x00,0x00,0x00,0x00,0x00,0x00,0x00,0x00,0x00,0x00,0x00,0x00,0x00,0x00,
    0x00,0x00,0x00,0x00,0x00,0x00,0x00,0x00,0x00,0x00,0x00,0x00,0x00,0x00,0x00,0x00,
    0x00,0x00,0x00,0x00,0x00,0x00,0x00,0x00,0x00,0x00,0x00,0x00,0x00,0x00,0x00,0x00,
    0x00,0x00,0x00,0x00,0x00,0x00,0x00,0x00,0x00,0x00,0x00,0x00,0x00,0x00,0x00,0x00,
    0x00,0x00,0x00,0x00,0x00,0x00,0x00,0x00,0x00,0x00,0x00,0x00,0x00,0x00,0x00,0x00,
    0x00,0x00,0x00,0x00,0x00,0x00,0x00,0x00,0x00,0x00,0x00,0x00,0x00,0x00,0x00,0x00,
    0x00,0x00,0x00,0x00,0x00,0x00,0x00,0x00,0x00,0x00,0x00,0x00,0x00,0x00,0x00,0x00,
    0x00,0x00,0x00,0x00,0x00,0x00,0x00,0x00,0x00,0x00,0x00,0x00,0x00,0x00,0x00,0x00,
    0x00,0x00,0x00,0x00,0x00,0x00,0x00,0x00,0x00,0x00,0x00,0x00,0x00,0x00,0x00,0x00,
    0x00,0x00,0x00,0x00,0x00,0x00,0x00,0x00,0x00,0x00,0x00,0x00,0x00,0x00,0x00,0x00,
    0x00,0x00,0x00,0x00,0x00,0x00,0x00,0x00,0x00,0x00,0x00,0x00,0x00,0x00,0x00,0x00,
    0x00,0x00,0x00,0x00,0x00,0x00,0x00,0x00,0x00,0x00,0x00,0x00,0x00,0x00,0x00,0x00,
    0x00,0x00,0x00,0x00,0x00,0x00,0x00,0x00,0x00,0x00,0x00,0x00,0x00,0x00,0x00,0x00,
    0x00,0x00,0x00,0x00,0x00,0x00,0x00,0x00,0x00,0x00,0x00,0x00,0x00,0x00,0x00,0x00,
    0x00,0x00,0x00,0x00,0x00,0x00,0x00,0x00,0x00,0x00,0x00,0x00,0x00,0x00,0x00,0x00,
    0x00,0x00,0x00,0x00,0x00,0x00,0x00,0x00,0x00,0x00,0x00,0x00,0x00,0x00,0x00,0x00,
    0x00,0x00,0x00,0x00,0x00,0x00,0x00,0x00,0x00,0x00,0x00,0x00,0x00,0x00,0x00,0x00,
    0x00,0x00,0x00,0x00,0x00,0x00,0x00,0x00,0x00,0x00,0x00,0x00,0x00,0x00,0x00,0x00,
    0x00,0x00,0x00,0x00,0x00,0x00,0x00,0x00,0x00,0x00,0x00,0x00,0x00,0x00,0x00,0x00,
    0x00,0x00,0x00,0x00,0x00,0x00,0x00,0x00,0x00,0x00,0x00,0x00,0x00,0x00,0x00,0x00,
    0x00,0x00,0x00,0x00,0x00,0x00,0x00,0x00,0x00,0x00,0x00,0x00,0x00,0x00,0x00,0x00,
    0x00,0x00,0x00,0x00,0x00,0x00,0x00,0x00,0x00,0x00,0x38,0x5b,0xdb,0x1c,0x38,0x5b,
    0xdb,0x1c,0x38,0x5b,0xdb,0x4e,0x36,0x59,0xd9,0x06,0x00,0x00,0x00,0x00,0x00,0x00,
    0x00,0x00,0x00,0x00,0x00,0x00,0x00,0x00,0x00,0x00,0x00,0x00,0x00,0x00,0x00,0x00,
    0x00,0x00,0x00,0x00,0x00,0x00,0x00,0x00,0x00,0x00,0x00,0x00,0x00,0x00,0x00,0x00,
    0x00,0x00,0x38,0x5b,0xdb,0x39,0x38,0x5b,0xdb,0x39,0x00,0x00,0x00,0x00,0x00,0x00,
    0x00,0x00,0x00,0x00,0x00,0x00,0x00,0x00,0x00,0x00,0x00,0x00,0x00,0x00,0x00,0x00,
    0x00,0x00,0x00,0x00,0x00,0x00,0x00,0x00,0x00,0x00,0x00,0x00,0x00,0x00,0x00,0x00,
    0x00,0x00,0x00,0x00,0x00,0x00,0x00,0x00,0x00,0x00,0x00,0x00,0x00,0x00,0x00,0x00,
    0x00,0x00,0x00,0x00,0x00,0x00,0x00,0x00,0x00,0x00,0x00,0x00,0x00,0x00,0x00,0x00,
    0x00,0x00,0x00,0x00,0x00,0x00,0x00,0x00,0x00,0x00,0x00,0x00,0x00,0x00,0x00,0x00,
    0x00,0x00,0x00,0x00,0x00,0x00,0x00,0x00,0x00,0x00,0x00,0x00,0x00,0x00,0x00,0x00,
    0x00,0x00,0x00,0x00,0x00,0x00,0x00,0x00,0x00,0x00,0x00,0x00,0x00,0x00,0x00,0x00,
    0x00,0x00,0x00,0x00,0x00,0x00,0x00,0x00,0x00,0x00,0x00,0x00,0x00,0x00,0x00,0x00,
    0x00,0x00,0x00,0x00,0x00,0x00,0x00,0x00,0x00,0x00,0x00,0x00,0x00,0x00,0x00,0x00,
    0x00,0x00,0x00,0x00,0x00,0x00,0x00,0x00,0x00,0x00,0x00,0x00,0x00,0x00,0x00,0x00,
    0x00,0x00,0x00,0x00,0x00,0x00,0x00,0x00,0x00,0x00,0x00,0x00,0x00,0x00,0x00,0x00,
    0x00,0x00,0x00,0x00,0x00,0x00,0x00,0x00,0x00,0x00,0x00,0x00,0x00,0x00,0x00,0x00,
    0x00,0x00,0x00,0x00,0x00,0x00,0x00,0x00,0x00,0x00,0x00,0x00,0x00,0x00,0x00,0x00,
    0x00,0x00,0x00,0x00,0x00,0x00,0x00,0x00,0x00,0x00,0x00,0x00,0x00,0x00,0x00,0x00,
    0x00,0x00,0x00,0x00,0x00,0x00,0x00,0x00,0x00,0x00,0x00,0x00,0x00,0x00,0x00,0x00,
    0x00,0x00,0x00,0x00,0x00,0x00,0x00,0x00,0x00,0x00,0x00,0x00,0x00,0x00,0x00,0x00,
    0x00,0x00,0x00,0x00,0x00,0x00,0x00,0x00,0x00,0x00,0x00,0x00,0x00,0x00,0x00,0x00,
    0x00,0x00,0x00,0x00,0x00,0x00,0x00,0x00,0x00,0x00,0x00,0x00,0x00,0x00,0x00,0x00,
    0x00,0x00,0x00,0x00,0x00,0x00,0x00,0x00,0x00,0x00,0x00,0x00,0x00,0x00,0x00,0x00,
    0x00,0x00,0x00,0x00,0x00,0x00,0x00,0x00,0x00,0x00,0x00,0x00,0x00,0x00,0x00,0x00,
    0x00,0x00,0x00,0x00,0x00,0x00,0x00,0x00,0x00,0x00,0x00,0x00,0x00,0x00,0x00,0x00,
    0x00,0x00,0x00,0x00,0x00,0x00,0xf3,0xbc,0x3a,0xdb,0xf4,0xbc,0x3a,0x5f,0x00,0x00,
    0x00,0x00,0x00,0x00,0x00,0x00,0x00,0x00,0x00,0x00,0x00,0x00,0x00,0x00,0x00,0x00,
    0x00,0x00,0x00,0x00,0x00,0x00,0x00,0x00,0x00,0x00,0x00,0x00,0x00,0x00,0x00,0x00,
    0x00,0x00,0x00,0x00,0x00,0x00,0x00,0x00,0x00,0x00,0x00,0x00,0x00,0x00,0x00,0x00,
    0x00,0x00,0x00,0x00,0x00,0x00,0x00,0x00,0x00,0x00,0x00,0x00,0x00,0x00,0x00,0x00,
    0x00,0x00,0x00,0x00,0x00,0x00,0x00,0x00,0x00,0x00,0x00,0x00,0x00,0x00,0x00,0x00,
    0x00,0x00,0x00,0x00,0x00,0x00,0x00,0x00,0x00,0x00,0x00,0x00,0x00,0x00,0x00,0x00,
    0x00,0x00,0x00,0x00,0x00,0x00,0x00,0x00,0x00,0x00,0x00,0x00,0x00,0x00,0x00,0x00,
    0x00,0x00,0x36,0x36,0xab,0x3f,0x37,0x37,0xa9,0xbf,0x36,0x36,0xa9,0x7f,0x00,0x00,
    0x00,0x00,0x00,0x00,0x00,0x00,0x00,0x00,0x00,0x00,0x00,0x00,0x00,0x00,0x00,0x00,
    0x00,0x00,0x00,0x00,0x00,0x00,0x00,0x00,0x00,0x00,0x00,0x00,0x00,0x00,0x00,0x00,
    0x00,0x00,0x00,0x00,0x00,0x00,0x00,0x00,0x00,0x00,0x00,0x00,0x00,0x00,0x00,0x00,
    0x00,0x00,0x00,0x00,0x00,0x00,0x00,0x00,0x00,0x00,0x00,0x00,0x00,0x00,0x00,0x00,
    0x00,0x00,0x00,0x00,0x00,0x00,0x00,0x00,0x00,0x00,0x00,0x00,0x00,0x00,0x00,0x00,
    0x00,0x00,0x00,0x00,0x00,0x00,0x00,0x00,0x00,0x00,0x00,0x00,0x00,0x00,0x00,0x00,
    0x00,0x00,0x00,0x00,0x00,0x00,0x00,0x00,0x00,0x00,0x00,0x00,0x00,0x00,0x00,0x00,
    0x00,0x00,0x00,0x00,0x00,0x00,0x00,0x00,0x00,0x00,0x00,0x00,0x00,0x00,0x00,0x00,
    0x00,0x00,0x00,0x00,0x00,0x00,0x00,0x00,0x00,0x00,0x00,0x00,0x00,0x00,0x00,0x00,
    0x00,0x00,0x00,0x00,0x00,0x00,0x00,0x00,0x00,0x00,0x00,0x00,0x00,0x00,0x00,0x00,
    0x00,0x00,0x00,0x00,0x00,0x00,0x00,0x00,0x00,0x00,0x00,0x00,0x00,0x00,0x00,0x00,
    0x00,0x00,0x00,0x00,0x00,0x00,0x00,0x00,0x00,0x00,0x00,0x00,0x00,0x00,0x00,0x00,
    0x00,0x00,0x00,0x00,0x00,0x00,0x00,0x00,0x00,0x00,0x00,0x00,0x00,0x00,0x00,0x00,
    0x00,0x00,0x00,0x00,0x00,0x00,0x00,0x00,0x00,0x00,0x00,0x00,0x00,0x00,0x00,0x00,
    0x00,0x00,0x00,0x00,0x00,0x00,0x00,0x00,0x00,0x00,0x00,0x00,0x00,0x00,0x00,0x00,
    0x00,0x00,0x00,0x00,0x00,0x00,0x00,0x00,0x00,0x00,0x00,0x00,0x00,0x00,0x00,0x00,
    0x00,0x00,0x00,0x00,0x00,0x00,0x00,0x00,0x00,0x00,0x00,0x00,0x00,0x00,0x00,0x00,
    0x00,0x00,0x00,0x00,0x00,0x00,0x00,0x00,0x00,0x00,0x00,0x00,0x00,0x00,0x00,0x00,
    0x00,0x00,0x00,0x00,0x00,0x00,0x00,0x00,0x00,0x00,0x00,0x00,0x00,0x00,0x00,0x00,
    0x00,0x00,0x00,0x00,0x00,0x00,0x00,0x00,0x00,0x00,0x00,0x00,0x00,0x00,0x00,0x00,
    0x00,0x00,0x00,0x00,0x00,0x00,0x00,0x00,0x00,0x00,0x00,0x00,0x00,0x00,0x00,0x00,
    0x00,0x00,0x00,0x00,0x00,0x00,0x00,0x00,0x00,0x00,0x00,0x00,0x00,0x00,0x00,0x00,
    0x00,0x00,0x00,0x00,0x00,0x00,0x00,0x00,0x00,0x00,0x00,0x00,0x00,0x00,0x00,0x00,
    0x00,0x00,0x00,0x00,0x00,0x00,0x00,0x00,0x00,0x00,0x00,0x00,0x00,0x00,0x00,0x00,
    0x00,0x00,0x00,0x00,0x00,0x00,0x00,0x00,0x00,0x00,0x00,0x00,0x00,0x00,0x00,0x00,
    0x00,0x00,0x00,0x00,0x00,0x00,0x00,0x00,0x00,0x00,0x00,0x00,0x00,0x00,0x00,0x00,
    0x00,0x00,0x00,0x00,0x00,0x00,0x00,0x00,0x00,0x00,0x00,0x00,0x00,0x00,0x00,0x00,
    0x00,0x00,0x00,0x00,0x00,0x00,0x00,0x00,0x00,0x00,0x00,0x00,0x00,0x00,0x00,0x00,
    0x00,0x00,0x00,0x00,0x00,0x00,0x00,0x00,0x00,0x00,0x00,0x00,0x00,0x00,0x00,0x00,
    0x00,0x00,0x00,0x00,0x00,0x00,0x00,0x00,0x00,0x00,0x38,0x5b,0xdb,0x39,0x38,0x5b,
    0xdb,0x39,0x38,0x5b,0xdb,0x72,0x38,0x5b,0xdb,0x6b,0x38,0x5b,0xdb,0x23,0x38,0x5b,
    0xdb,0x23,0x00,0x00,0x00,0x00,0x00,0x00,0x00,0x00,0x00,0x00,0x00,0x00,0x00,0x00,
    0x00,0x00,0x00,0x00,0x00,0x00,0x38,0x5b,0xdb,0x1c,0x38,0x5b,0xdb,0x5d,0x38,0x5b,
    0xdb,0x5d,0x38,0x5b,0xdb,0x72,0x38,0x5b,0xdb,0x47,0x00,0x00,0x00,0x00,0x00,0x00,
    0x00,0x00,0x00,0x00,0x00,0x00,0x00,0x00,0x00,0x00,0x00,0x00,0x00,0x00,0x00,0x00,
    0x00,0x00,0x00,0x00,0x00,0x00,0x00,0x00,0x00,0x00,0x00,0x00,0x00,0x00,0x00,0x00,
    0x00,0x00,0x00,0x00,0x00,0x00,0x00,0x00,0x00,0x00,0x00,0x00,0x00,0x00,0x00,0x00,
    0x00,0x00,0x00,0x00,0x00,0x00,0x00,0x00,0x00,0x00,0x00,0x00,0x00,0x00,0x00,0x00,
    0x00,0x00,0x00,0x00,0x00,0x00,0x00,0x00,0x00,0x00,0x00,0x00,0x00,0x00,0x00,0x00,
    0x00,0x00,0x00,0x00,0x00,0x00,0x00,0x00,0x00,0x00,0x00,0x00,0x00,0x00,0x00,0x00,
    0x00,0x00,0x00,0x00,0x00,0x00,0x00,0x00,0x00,0x00,0x00,0x00,0x00,0x00,0x00,0x00,
    0x00,0x00,0x00,0x00,0x00,0x00,0x00,0x00,0x00,0x00,0x00,0x00,0x00,0x00,0x00,0x00,
    0x00,0x00,0x00,0x00,0x00,0x00,0x00,0x00,0x00,0x00,0x00,0x00,0x00,0x00,0x00,0x00,
    0x00,0x00,0x00,0x00,0x00,0x00,0x00,0x00,0x00,0x00,0x00,0x00,0x00,0x00,0x00,0x00,
    0x00,0x00,0x00,0x00,0x00,0x00,0x00,0x00,0x00,0x00,0x00,0x00,0x00,0x00,0x00,0x00,
    0x00,0x00,0x00,0x00,0x00,0x00,0x00,0x00,0x00,0x00,0x00,0x00,0x00,0x00,0x00,0x00,
    0x00,0x00,0x00,0x00,0x00,0x00,0x00,0x00,0x00,0x00,0x00,0x00,0x00,0x00,0x00,0x00,
    0x00,0x00,0x00,0x00,0x00,0x00,0x00,0x00,0x00,0x00,0x00,0x00,0x00,0x00,0x00,0x00,
    0x00,0x00,0x00,0x00,0x00,0x00,0x00,0x00,0x00,0x00,0x00,0x00,0x00,0x00,0x00,0x00,
    0x00,0x00,0x00,0x00,0x00,0x00,0x00,0x00,0x00,0x00,0x00,0x00,0x00,0x00,0x00,0x00,
    0x00,0x00,0x00,0x00,0x00,0x00,0x00,0x00,0x00,0x00,0x00,0x00,0x00,0x00,0x00,0x00,
    0x00,0x00,0x00,0x00,0x00,0x00,0x00,0x00,0x00,0x00,0x00,0x00,0x00,0x00,0x00,0x00,
    0x00,0x00,0x00,0x00,0x00,0x00,0x00,0x00,0x00,0x00,0x00,0x00,0x00,0x00,0x00,0x00,
    0x00,0x00,0x00,0x00,0x00,0x00,0x00,0x00,0x00,0x00,0x00,0x00,0x00,0x00,0x00,0x00,
    0x00,0x00,0x00,0x00,0x00,0x00,0x00,0x00,0x00,0x00,0x00,0x00,0x00,0x00,0x00,0x00,
    0x00,0x00,0x00,0x00,0x00,0x00,0xf5,0xbf,0x43,0xff,0xf5,0xbf,0x43,0x7f,0x00,0x00,
    0x00,0x00,0x00,0x00,0x00,0x00,0x00,0x00,0x00,0x00,0x00,0x00,0x00,0x00,0x00,0x00,
    0x00,0x00,0x00,0x00,0x00,0x00,0x00,0x00,0x00,0x00,0x00,0x00,0x00,0x00,0x00,0x00,
    0x00,0x00,0x00,0x00,0x00,0x00,0x00,0x00,0x00,0x00,0x00,0x00,0x00,0x00,0x00,0x00,
    0x00,0x00,0x00,0x00,0x00,0x00,0x00,0x00,0x00,0x00,0x00,0x00,0x00,0x00,0x00,0x00,
    0x00,0x00,0x00,0x00,0x00,0x00,0x00,0x00,0x00,0x00,0x00,0x00,0x00,0x00,0x00,0x00,
    0x00,0x00,0x00,0x00,0x00,0x00,0x00,0x00,0x00,0x00,0x00,0x00,0x00,0x00,0x00,0x00,
    0x00,0x00,0x00,0x00,0x00,0x00,0x00,0x00,0x00,0x00,0x00,0x00,0x00,0x00,0x33,0x33,
    0xa6,0x45,0x37,0x37,0xaa,0xe8,0x37,0x37,0xaa,0xf8,0x37,0x37,0xaa,0xf8,0x36,0x36,
    0xa8,0x8f,0x00,0x00,0x00,0x00,0x00,0x00,0x00,0x00,0x00,0x00,0x00,0x00,0x00,0x00,
    0x00,0x00,0x00,0x00,0x00,0x00,0x00,0x00,0x00,0x00,0x00,0x00,0x00,0x00,0x00,0x00,
    0x00,0x00,0x00,0x00,0x00,0x00,0x00,0x00,0x00,0x00,0x00,0x00,0x00,0x00,0x00,0x00,
    0x00,0x00,0x00,0x00,0x00,0x00,0x00,0x00,0x00,0x00,0x00,0x00,0x00,0x00,0x00,0x00,
    0x00,0x00,0x00,0x00,0x00,0x00,0x00,0x00,0x00,0x00,0x00,0x00,0x00,0x00,0x00,0x00,
    0x00,0x00,0x00,0x00,0x00,0x00,0x00,0x00,0x00,0x00,0x00,0x00,0x00,0x00,0x00,0x00,
    0x00,0x00,0x00,0x00,0x00,0x00,0x00,0x00,0x00,0x00,0x00,0x00,0x00,0x00,0x00,0x00,
    0x00,0x00,0x00,0x00,0x00,0x00,0x00,0x00,0x00,0x00,0x00,0x00,0x00,0x00,0x00,0x00,
    0x00,0x00,0x00,0x00,0x00,0x00,0x00,0x00,0x00,0x00,0x00,0x00,0x00,0x00,0x00,0x00,
    0x00,0x00,0x00,0x00,0x00,0x00,0x00,0x00,0x00,0x00,0x00,0x00,0x00,0x00,0x00,0x00,
    0x00,0x00,0x00,0x00,0x00,0x00,0x00,0x00,0x00,0x00,0x00,0x00,0x00,0x00,0x00,0x00,
    0x00,0x00,0x00,0x00,0x00,0x00,0x00,0x00,0x00,0x00,0x00,0x00,0x00,0x00,0x00,0x00,
    0x00,0x00,0x00,0x00,0x00,0x00,0x00,0x00,0x00,0x00,0x00,0x00,0x00,0x00,0x00,0x00,
    0x00,0x00,0x00,0x00,0x00,0x00,0x00,0x00,0x00,0x00,0x00,0x00,0x00,0x00,0x00,0x00,
    0x00,0x00,0x00,0x00,0x00,0x00,0x00,0x00,0x00,0x00,0x00,0x00,0x00,0x00,0x00,0x00,
    0x00,0x00,0x00,0x00,0x00,0x00,0x00,0x00,0x00,0x00,0x00,0x00,0x00,0x00,0x00,0x00,
    0x00,0x00,0x00,0x00,0x00,0x00,0x00,0x00,0x00,0x00,0x00,0x00,0x00,0x00,0x00,0x00,
    0x00,0x00,0x00,0x00,0x00,0x00,0x00,0x00,0x00,0x00,0x00,0x00,0x00,0x00,0x00,0x00,
    0x00,0x00,0x00,0x00,0x00,0x00,0x00,0x00,0x00,0x00,0x00,0x00,0x00,0x00,0x00,0x00,
    0x00,0x00,0x00,0x00,0x00,0x00,0x00,0x00,0x00,0x00,0x00,0x00,0x00,0x00,0x00,0x00,
    0x00,0x00,0x00,0x00,0x00,0x00,0x00,0x00,0x00,0x00,0x00,0x00,0x00,0x00,0x00,0x00,
    0x00,0x00,0x00,0x00,0x00,0x00,0x00,0x00,0x00,0x00,0x00,0x00,0x00,0x00,0x51,0x9f,
    0xfe,0x35,0x51,0xa0,0xfe,0x94,0x4f,0x9d,0xfc,0x0c,0x00,0x00,0x00,0x00,0x00,0x00,
    0x00,0x00,0x00,0x00,0x00,0x00,0x00,0x00,0x00,0x00,0x00,0x00,0x00,0x00,0x00,0x00,
    0x00,0x00,0x00,0x00,0x00,0x00,0x00,0x00,0x00,0x00,0x00,0x00,0x00,0x00,0x51,0x9f,
    0xfe,0x6b,0x51,0x9f,0xfe,0x6b,0x00,0x00,0x00,0x00,0x00,0x00,0x00,0x00,0x00,0x00,
    0x00,0x00,0x00,0x00,0x00,0x00,0x00,0x00,0x00,0x00,0x00,0x00,0x00,0x00,0x00,0x00,
    0x00,0x00,0x00,0x00,0x00,0x00,0x00,0x00,0x00,0x00,0x00,0x00,0x00,0x00,0x00,0x00,
    0x00,0x00,0x00,0x00,0x00,0x00,0x00,0x00,0x00,0x00,0x00,0x00,0x00,0x00,0x00,0x00,
    0x00,0x00,0x00,0x00,0x00,0x00,0x00,0x00,0x00,0x00,0x38,0x5b,0xdb,0x39,0x38,0x5b,
    0xdb,0x39,0x38,0x5b,0xdb,0x72,0x38,0x5b,0xdb,0x72,0x38,0x5b,0xdb,0x72,0x38,0x5b,
    0xdb,0x72,0x38,0x5b,0xdb,0x4e,0x36,0x59,0xd9,0x06,0x36,0x59,0xd9,0x06,0x36,0x59,
    0xd9,0x06,0x38,0x5b,0xdb,0x40,0x38,0x5b,0xdb,0x72,0x38,0x5b,0xdb,0x72,0x38,0x5b,
    0xdb,0x72,0x38,0x5b,0xdb,0x72,0x38,0x5b,0xdb,0x55,0x00,0x00,0x00,0x00,0x00,0x00,
    0x00,0x00,0x00,0x00,0x00,0x00,0x00,0x00,0x00,0x00,0x00,0x00,0x00,0x00,0x00,0x00,
    0x00,0x00,0x00,0x00,0x00,0x00,0x00,0x00,0x00,0x00,0x00,0x00,0x00,0x00,0x00,0x00,
    0x00,0x00,0x00,0x00,0x00,0x00,0x00,0x00,0x00,0x00,0x00,0x00,0x00,0x00,0x00,0x00,
    0x00,0x00,0x00,0x00,0x00,0x00,0x00,0x00,0x00,0x00,0x00,0x00,0x00,0x00,0xbd,0xb5,
    0x94,0x02,0xc5,0xb9,0x9c,0x3f,0xc6,0xba,0x9d,0x84,0xcc,0xc1,0xa7,0xb8,0xd2,0xc8,
    0xb0,0xe3,0xd4,0xca,0xb3,0xfc,0xd5,0xcb,0xb5,0xff,0xd5,0xcb,0xb5,0xff,0xd5,0xcb,
    0xb5,0xff,0xd2,0xc9,0xb1,0xeb,0xce,0xc4,0xab,0xc7,0xc7,0xbb,0x9f,0x94,0xc5,0xba,
    0x9c,0x53,0xc3,0xb7,0x9a,0x0b,0x00,0x00,0x00,0x00,0x00,0x00,0x00,0x00,0x00,0x00,
    0x00,0x00,0x00,0x00,0x00,0x00,0x00,0x00,0x00,0x00,0x00,0x00,0x00,0x00,0x00,0x00,
    0x00,0x00,0x00,0x00,0x00,0x00,0x00,0x00,0x00,0x00,0x00,0x00,0x00,0x00,0x00,0x00,
    0x00,0x00,0x00,0x00,0x00,0x00,0x00,0x00,0x00,0x00,0x00,0x00,0x00,0x00,0x00,0x00,
    0x00,0x00,0x00,0x00,0x00,0x00,0x00,0x00,0x00,0x00,0x00,0x00,0x00,0x00,0x00,0x00,
    0x00,0x00,0x00,0x00,0x00,0x00,0x00,0x00,0x00,0x00,0x00,0x00,0x00,0x00,0x00,0x00,
    0x00,0x00,0x00,0x00,0x00,0x00,0x00,0x00,0x00,0x00,0x00,0x00,0x00,0x00,0x00,0x00,
    0x00,0x00,0x00,0x00,0x00,0x00,0x00,0x00,0x00,0x00,0x00,0x00,0x00,0x00,0x00,0x00,
    0x00,0x00,0x00,0x00,0x00,0x00,0x00,0x00,0x00,0x00,0x00,0x00,0x00,0x00,0x00,0x00,
    0x00,0x00,0x00,0x00,0x00,0x00,0x00,0x00,0x00,0x00,0x00,0x00,0x00,0x00,0x00,0x00,
    0x00,0x00,0x00,0x00,0x00,0x00,0x00,0x00,0x00,0x00,0x00,0x00,0x00,0x00,0x00,0x00,
    0x00,0x00,0x00,0x00,0x00,0x00,0x00,0x00,0x00,0x00,0x00,0x00,0x00,0x00,0x00,0x00,
    0x00,0x00,0x00,0x00,0x00,0x00,0x00,0x00,0x00,0x00,0x00,0x00,0x00,0x00,0x00,0x00,
    0x00,0x00,0x00,0x00,0x00,0x00,0x00,0x00,0x00,0x00,0x00,0x00,0x00,0x00,0x00,0x00,
    0x00,0x00,0x00,0x00,0x00,0x00,0xf5,0xc2,0x4b,0xff,0xf5,0xc2,0x4b,0x7f,0x00,0x00,
    0x00,0x00,0x00,0x00,0x00,0x00,0x00,0x00,0x00,0x00,0x00,0x00,0x00,0x00,0x00,0x00,
    0x00,0x00,0x00,0x00,0x00,0x00,0x00,0x00,0x00,0x00,0x00,0x00,0x00,0x00,0x00,0x00,
    0x00,0x00,0x00,0x00,0x00,0x00,0x00,0x00,0x00,0x00,0x00,0x00,0x00,0x00,0x00,0x00,
    0x00,0x00,0x00,0x00,0x00,0x00,0x00,0x00,0x00,0x00,0x00,0x00,0x00,0x00,0x00,0x00,
    0x00,0x00,0x00,0x00,0x00,0x00,0x00,0x00,0x00,0x00,0x00,0x00,0x00,0x00,0x00,0x00,
    0x00,0x00,0x00,0x00,0x00,0x00,0x00,0x00,0x00,0x00,0x00,0x00,0x00,0x00,0x00,0x00,
    0x00,0x00,0x00,0x00,0x00,0x00,0x00,0x00,0x00,0x00,0x00,0x00,0x00,0x00,0x37,0x37,
    0xa8,0xe5,0x37,0x37,0xa9,0xed,0xcc,0xcc,0xe9,0xfa,0x77,0x77,0xc4,0xf2,0x37,0x37,
    0xa8,0xe9,0x00,0x00,0x00,0x00,0x00,0x00,0x00,0x00,0x00,0x00,0x00,0x00,0x00,0x00,
    0x00,0x00,0x00,0x00,0x00,0x00,0x00,0x00,0x00,0x00,0x00,0x00,0x00,0x00,0x00,0x00,
    0x00,0x00,0x00,0x00,0x00,0x00,0x00,0x00,0x00,0x00,0x00,0x00,0x00,0x00,0x00,0x00,
    0x00,0x00,0x00,0x00,0x00,0x00,0x00,0x00,0x00,0x00,0x00,0x00,0x00,0x00,0x00,0x00,
    0x00,0x00,0x00,0x00,0x00,0x00,0x00,0x00,0x00,0x00,0x00,0x00,0x00,0x00,0x00,0x00,
    0x00,0x00,0x00,0x00,0x00,0x00,0x00,0x00,0x00,0x00,0x00,0x00,0x00,0x00,0x00,0x00,
    0x00,0x00,0x00,0x00,0x00,0x00,0x00,0x00,0x00,0x00,0x00,0x00,0x00,0x00,0x00,0x00,
    0x00,0x00,0x00,0x00,0x00,0x00,0x00,0x00,0x00,0x00,0x00,0x00,0x00,0x00,0x00,0x00,
    0x00,0x00,0x00,0x00,0x00,0x00,0x00,0x00,0x00,0x00,0x00,0x00,0x00,0x00,0x00,0x00,
    0x00,0x00,0x00,0x00,0x00,0x00,0x00,0x00,0x00,0x00,0x00,0x00,0x00,0x00,0x00,0x00,
    0x00,0x00,0x00,0x00,0x00,0x00,0x00,0x00,0x00,0x00,0x00,0x00,0x00,0x00,0x00,0x00,
    0x00,0x00,0x00,0x00,0x00,0x00,0x00,0x00,0x00,0x00,0x00,0x00,0x00,0x00,0x00,0x00,
    0x00,0x00,0x00,0x00,0x00,0x00,0x00,0x00,0x00,0x00,0x00,0x00,0x00,0x00,0x00,0x00,
    0x00,0x00,0x00,0x00,0x00,0x00,0x00,0x00,0x00,0x00,0x00,0x00,0x00,0x00,0x00,0x00,
    0x00,0x00,0x00,0x00,0x00,0x00,0x00,0x00,0x00,0x00,0x00,0x00,0x00,0x00,0x00,0x00,
    0x00,0x00,0x00,0x00,0x00,0x00,0x00,0x00,0x00,0x00,0x00,0x00,0x00,0x00,0x00,0x00,
    0x00,0x00,0x00,0x00,0x00,0x00,0x00,0x00,0x00,0x00,0x00,0x00,0x00,0x00,0x00,0x00,
    0x00,0x00,0x00,0x00,0x00,0x00,0x00,0x00,0x00,0x00,0x00,0x00,0x00,0x00,0x00,0x00,
    0x00,0x00,0x00,0x00,0x00,0x00,0x00,0x00,0x00,0x00,0x00,0x00,0x00,0x00,0x00,0x00,
    0x00,0x00,0x00,0x00,0x00,0x00,0x00,0x00,0x00,0x00,0x00,0x00,0x00,0x00,0x00,0x00,
    0x00,0x00,0x00,0x00,0x00,0x00,0x00,0x00,0x00,0x00,0x00,0x00,0x00,0x00,0x00,0x00,
    0x00,0x00,0x00,0x00,0x00,0x00,0x00,0x00,0x00,0x00,0x00,0x00,0x00,0x00,0x51,0x9f,
    0xfe,0x6b,0x52,0xa0,0xff,0xd8,0x51,0xa0,0xfe,0xcb,0x51,0x9f,0xfe,0x43,0x51,0x9f,
    0xfe,0x43,0x00,0x00,0x00,0x00,0x00,0x00,0x00,0x00,0x00,0x00,0x00,0x00,0x00,0x00,
    0x00,0x00,0x51,0x9f,0xfe,0x35,0x51,0x9f,0xfe,0x35,0x51,0x9f,0xfe,0xaf,0x52,0xa0,
    0xff,0xd8,0x51,0x9f,0xfe,0x87,0x00,0x00,0x00,0x00,0x00,0x00,0x00,0x00,0x00,0x00,
    0x00,0x00,0x00,0x00,0x00,0x00,0x00,0x00,0x00,0x00,0x00,0x00,0x00,0x00,0x00,0x00,
    0x00,0x00,0x00,0x00,0x00,0x00,0x00,0x00,0x00,0x00,0x00,0x00,0x00,0x00,0x00,0x00,
    0x00,0x00,0x00,0x00,0x00,0x00,0x00,0x00,0x00,0x00,0x00,0x00,0x00,0x00,0x00,0x00,
    0x00,0x00,0x00,0x00,0x00,0x00,0x00,0x00,0x00,0x00,0x38,0x5b,0xdb,0x39,0x38,0x5b,
    0xdb,0x39,0x38,0x5b,0xdb,0x72,0x38,0x5b,0xdb,0x72,0x38,0x5b,0xdb,0x72,0x38,0x5b,
    0xdb,0x72,0x38,0x5b,0xdb,0x4e,0x36,0x59,0xd9,0x06,0x36,0x59,0xd9,0x06,0x36,0x59,
    0xd9,0x06,0x38,0x5b,0xdb,0x40,0x38,0x5b,0xdb,0x72,0x38,0x5b,0xdb,0x72,0x38,0x5b,
    0xdb,0x72,0x38,0x5b,0xdb,0x72,0x38,0x5b,0xdb,0x55,0x00,0x00,0x00,0x00,0x00,0x00,
    0x00,0x00,0x00,0x00,0x00,0x00,0x00,0x00,0x00,0x00,0x00,0x00,0x00,0x00,0x00,0x00,
    0x00,0x00,0x00,0x00,0x00,0x00,0x00,0x00,0x00,0x00,0x00,0x00,0x00,0x00,0x00,0x00,
    0x00,0x00,0x00,0x00,0x00,0x00,0x00,0x00,0x00,0x00,0x00,0x00,0x00,0x00,0x00,0x00,
    0x00,0x00,0x00,0x00,0x00,0x00,0x00,0x00,0x00,0x00,0xc4,0xb9,0x9b,0x51,0xc9,0xbe,
    0xa2,0xd9,0xd7,0xcd,0xb8,0xff,0xe3,0xdd,0xcd,0xff,0xe7,0xe1,0xd3,0xff,0xe7,0xe1,
    0xd3,0xff,0xe7,0xe1,0xd3,0xff,0xe7,0xe1,0xd3,0xff,0xe7,0xe1,0xd3,0xff,0xe7,0xe1,
    0xd3,0xff,0xe7,0xe1,0xd3,0xff,0xe7,0xe1,0xd3,0xff,0xe5,0xdf,0xd0,0xff,0xda,0xd2,
    0xbe,0xff,0xcc,0xc1,0xa7,0xef,0xc5,0xb9,0x9c,0x7a,0xc3,0xb8,0x98,0x05,0x00,0x00,
    0x00,0x00,0x00,0x00,0x00,0x00,0x00,0x00,0x00,0x00,0x00,0x00,0x00,0x00,0x00,0x00,
    0x00,0x00,0x00,0x00,0x00,0x00,0x00,0x00,0x00,0x00,0x00,0x00,0x00,0x00,0x00,0x00,
    0x00,0x00,0x00,0x00,0x00,0x00,0x00,0x00,0x00,0x00,0x00,0x00,0x00,0x00,0x00,0x00,
    0x00,0x00,0x00,0x00,0x00,0x00,0x00,0x00,0x00,0x00,0x00,0x00,0x00,0x00,0x00,0x00,
    0x00,0x00,0x00,0x00,0x00,0x00,0x00,0x00,0x00,0x00,0x00,0x00,0x00,0x00,0x00,0x00,
    0x00,0x00,0x00,0x00,0x00,0x00,0x00,0x00,0x00,0x00,0x00,0x00,0x00,0x00,0x00,0x00,
    0x00,0x00,0x00,0x00,0x00,0x00,0x00,0x00,0x00,0x00,0x00,0x00,0x00,0x00,0x00,0x00,
    0x00,0x00,0x00,0x00,0x00,0x00,0x00,0x00,0x00,0x00,0x00,0x00,0x00,0x00,0x00,0x00,
    0x00,0x00,0x00,0x00,0x00,0x00,0x00,0x00,0x00,0x00,0x00,0x00,0x00,0x00,0x00,0x00,
    0x00,0x00,0x00,0x00,0x00,0x00,0x00,0x00,0x00,0x00,0x00,0x00,0x00,0x00,0x00,0x00,
    0x00,0x00,0x00,0x00,0x00,0x00,0x00,0x00,0x00,0x00,0x00,0x00,0x00,0x00,0x00,0x00,
    0x00,0x00,0x00,0x00,0x00,0x00,0x00,0x00,0x00,0x00,0x00,0x00,0x00,0x00,0x00,0x00,
    0x00,0x00,0x00,0x00,0x00,0x00,0x00,0x00,0x00,0x00,0x00,0x00,0x00,0x00,0x00,0x00,
    0x00,0x00,0x00,0x00,0x00,0x00,0xf6,0xc4,0x53,0xff,0xf6,0xc4,0x53,0x7f,0x00,0x00,
    0x00,0x00,0x00,0x00,0x00,0x00,0x00,0x00,0x00,0x00,0x00,0x00,0x00,0x00,0x00,0x00,
    0x00,0x00,0x00,0x00,0x00,0x00,0x00,0x00,0x00,0x00,0x00,0x00,0x00,0x00,0x00,0x00,
    0x00,0x00,0x00,0x00,0x00,0x00,0x00,0x00,0x00,0x00,0x00,0x00,0x00,0x00,0x00,0x00,
    0x00,0x00,0x00,0x00,0x00,0x00,0x00,0x00,0x00,0x00,0x00,0x00,0x00,0x00,0x00,0x00,
    0x00,0x00,0x00,0x00,0x00,0x00,0x00,0x00,0x00,0x00,0x00,0x00,0x00,0x00,0x00,0x00,
    0x00,0x00,0x00,0x00,0x00,0x00,0x00,0x00,0x00,0x00,0x00,0x00,0x00,0x00,0x00,0x00,
    0x00,0x00,0x00,0x00,0x00,0x00,0x00,0x00,0x00,0x00,0x00,0x00,0x00,0x00,0x37,0x37,
    0xaa,0xe1,0x37,0x37,0xaa,0xe1,0xf5,0xf5,0xfa,0xff,0x9b,0x9b,0xd4,0xf0,0x37,0x37,
    0xaa,0xe1,0x00,0x00,0x00,0x00,0x00,0x00,0x00,0x00,0x00,0x00,0x00,0x00,0x00,0x00,
    0x00,0x00,0x00,0x00,0x00,0x00,0x00,0x00,0x00,0x00,0x00,0x00,0x00,0x00,0x00,0x00,
    0x00,0x00,0x00,0x00,0x00,0x00,0x00,0x00,0x00,0x00,0x00,0x00,0x00,0x00,0x00,0x00,
    0x00,0x00,0x00,0x00,0x00,0x00,0x00,0x00,0x00,0x00,0x00,0x00,0x00,0x00,0x00,0x00,
    0x00,0x00,0x00,0x00,0x00,0x00,0x00,0x00,0x00,0x00,0x00,0x00,0x00,0x00,0x00,0x00,
    0x00,0x00,0x00,0x00,0x00,0x00,0x00,0x00,0x00,0x00,0x00,0x00,0x00,0x00,0x00,0x00,
    0x00,0x00,0x00,0x00,0x00,0x00,0x00,0x00,0x00,0x00,0x00,0x00,0x00,0x00,0x00,0x00,
    0x00,0x00,0x00,0x00,0x00,0x00,0x00,0x00,0x00,0x00,0x00,0x00,0x00,0x00,0x00,0x00,
    0x00,0x00,0x00,0x00,0x00,0x00,0x00,0x00,0x00,0x00,0x00,0x00,0x00,0x00,0x00,0x00,
    0x00,0x00,0x00,0x00,0x00,0x00,0x00,0x00,0x00,0x00,0x00,0x00,0x00,0x00,0x00,0x00,
    0x00,0x00,0x00,0x00,0x00,0x00,0x00,0x00,0x00,0x00,0x00,0x00,0x00,0x00,0x00,0x00,
    0x00,0x00,0x00,0x00,0x00,0x00,0x00,0x00,0x00,0x00,0x00,0x00,0x00,0x00,0x00,0x00,
    0x00,0x00,0x00,0x00,0x00,0x00,0x00,0x00,0x00,0x00,0x00,0x00,0x00,0x00,0x00,0x00,
    0x00,0x00,0x00,0x00,0x00,0x00,0x00,0x00,0x00,0x00,0x00,0x00,0x00,0x00,0x00,0x00,
    0x00,0x00,0x00,0x00,0x00,0x00,0x00,0x00,0x00,0x00,0x00,0x00,0x00,0x00,0x00,0x00,
    0x00,0x00,0x00,0x00,0x00,0x00,0x00,0x00,0x00,0x00,0x00,0x00,0x00,0x00,0x00,0x00,
    0x00,0x00,0x00,0x00,0x00,0x00,0x00,0x00,0x00,0x00,0x00,0x00,0x00,0x00,0x00,0x00,
    0x00,0x00,0x00,0x00,0x00,0x00,0x00,0x00,0x00,0x00,0x00,0x00,0x00,0x00,0x00,0x00,
    0x00,0x00,0x00,0x00,0x00,0x00,0x00,0x00,0x00,0x00,0x00,0x00,0x00,0x00,0x00,0x00,
    0x00,0x00,0x00,0x00,0x00,0x00,0x00,0x00,0x00,0x00,0x00,0x00,0x00,0x00,0x00,0x00,
    0x00,0x00,0x00,0x00,0x00,0x00,0x00,0x00,0x00,0x00,0x00,0x00,0x00,0x00,0x00,0x00,
    0x00,0x00,0x00,0x00,0x00,0x00,0x00,0x00,0x00,0x00,0x00,0x00,0x00,0x00,0x51,0x9f,
    0xfe,0x6b,0x52,0xa0,0xff,0xd8,0x52,0xa0,0xff,0xd8,0x52,0xa0,0xff,0xd8,0x52,0xa0,
    0xff,0xd8,0x51,0xa0,0xfe,0x94,0x4f,0x9d,0xfc,0x0c,0x4f,0x9d,0xfc,0x0c,0x51,0x9f,
    0xfe,0x79,0x52,0xa0,0xff,0xd8,0x52,0xa0,0xff,0xd8,0x52,0xa0,0xff,0xd8,0x52,0xa0,
    0xff,0xd8,0x51,0x9f,0xfe,0xa2,0x00,0x00,0x00,0x00,0x00,0x00,0x00,0x00,0x00,0x00,
    0x00,0x00,0x00,0x00,0x00,0x00,0x00,0x00,0x00,0x00,0x00,0x00,0x00,0x00,0x00,0x00,
    0x00,0x00,0x00,0x00,0x00,0x00,0x00,0x00,0x00,0x00,0x00,0x00,0x00,0x00,0x00,0x00,
    0x00,0x00,0x00,0x00,0x00,0x00,0x00,0x00,0x00,0x00,0x00,0x00,0x00,0x00,0x00,0x00,
    0x00,0x00,0x00,0x00,0x00,0x00,0x00,0x00,0x00,0x00,0x38,0x5b,0xdb,0x55,0x38,0x5b,
    0xdb,0x55,0x38,0x5b,0xdb,0x72,0x38,0x5b,0xdb,0x72,0x38,0x5b,0xdb,0x72,0x38,0x5b,
    0xdb,0x72,0x38,0x5b,0xdb,0x72,0x38,0x5b,0xdb,0x6b,0x38,0x5b,0xdb,0x64,0x38,0x5b,
    0xdb,0x64,0x38,0x5b,0xdb,0x72,0x38,0x5b,0xdb,0x72,0x38,0x5b,0xdb,0x72,0x38,0x5b,
    0xdb,0x72,0x38,0x5b,0xdb,0x72,0x38,0x5b,0xdb,0x55,0x00,0x00,0x00,0x00,0x00,0x00,
    0x00,0x00,0x00,0x00,0x00,0x00,0x00,0x00,0x00,0x00,0x00,0x00,0x00,0x00,0x00,0x00,
    0x00,0x00,0x00,0x00,0x00,0x00,0x00,0x00,0x00,0x00,0x00,0x00,0x00,0x00,0x00,0x00,
    0x00,0x00,0x00,0x00,0x00,0x00,0x00,0x00,0x00,0x00,0x00,0x00,0x00,0x00,0x00,0x00,
    0x00,0x00,0xc6,0xb9,0x9c,0x2b,0xca,0xbf,0xa3,0xbb,0xd9,0xd1,0xbd,0xff,0xe5,0xdf,
    0xd1,0xff,0xe7,0xe1,0xd3,0xff,0xe7,0xe1,0xd3,0xff,0xe7,0xe1,0xd3,0xff,0xe7,0xe1,
    0xd3,0xff,0xe7,0xe1,0xd3,0xff,0xd9,0xd0,0xbb,0xff,0xd0,0xc6,0xad,0xff,0xe7,0xe1,
    0xd3,0xff,0xe7,0xe1,0xd3,0xff,0xe7,0xe1,0xd3,0xff,0xe7,0xe1,0xd3,0xff,0xe7,0xe1,
    0xd3,0xff,0xe6,0xe0,0xd2,0xff,0xdd,0xd5,0xc3,0xff,0xce,0xc3,0xaa,0xd7,0xc5,0xba,
    0x9c,0x4f,0x00,0x00,0x00,0x00,0x00,0x00,0x00,0x00,0x00,0x00,0x00,0x00,0x00,0x00,
    0x00,0x00,0x00,0x00,0x00,0x00,0x00,0x00,0x00,0x00,0x00,0x00,0x00,0x00,0x00,0x00,
    0x00,0x00,0x00,0x00,0x00,0x00,0x00,0x00,0x00,0x00,0x00,0x00,0x00,0x00,0x00,0x00,
    0x00,0x00,0x00,0x00,0x00,0x00,0x00,0x00,0x00,0x00,0x00,0x00,0x00,0x00,0x00,0x00,
    0x00,0x00,0x00,0x00,0x00,0x00,0x00,0x00,0x00,0x00,0x00,0x00,0x00,0x00,0xc9,0xc9,
    0xc9,0x50,0xae,0xae,0xc9,0xfc,0x32,0x32,0x96,0xff,0x32,0x32,0x96,0xff,0x82,0x82,
    0xb8,0xff,0xcc,0xcc,0xcc,0xa1,0x00,0x00,0x00,0x00,0x00,0x00,0x00,0x00,0x00,0x00,
    0x00,0x00,0x00,0x00,0x00,0x00,0x00,0x00,0x00,0x00,0x00,0x00,0x00,0x00,0x00,0x00,
    0x00,0x00,0x00,0x00,0x00,0x00,0x00,0x00,0x00,0x00,0x00,0x00,0x00,0x00,0x00,0x00,
    0x00,0x00,0x00,0x00,0x00,0x00,0x00,0x00,0x00,0x00,0x00,0x00,0x00,0x00,0x00,0x00,
    0x00,0x00,0x00,0x00,0x00,0x00,0x00,0x00,0x00,0x00,0x00,0x00,0x00,0x00,0x00,0x00,
    0x00,0x00,0x00,0x00,0x00,0x00,0x00,0x00,0x00,0x00,0x00,0x00,0x00,0x00,0x00,0x00,
    0x00,0x00,0x00,0x00,0x00,0x00,0x00,0x00,0x00,0x00,0x00,0x00,0x00,0x00,0x00,0x00,
    0x00,0x01,0x00,0x00,0x00,0x01,0xf6,0xc7,0x59,0xff,0xf5,0xc6,0x58,0x80,0x00,0x00,
    0x00,0x01,0x00,0x00,0x00,0x00,0x00,0x00,0x00,0x00,0x00,0x00,0x00,0x00,0x00,0x00,
    0x00,0x00,0x00,0x00,0x00,0x00,0x00,0x00,0x00,0x00,0x00,0x00,0x00,0x00,0x00,0x00,
    0x00,0x00,0x00,0x00,0x00,0x00,0x00,0x00,0x00,0x00,0x00,0x00,0x00,0x00,0x00,0x00,
    0x00,0x00,0x00,0x00,0x00,0x00,0x00,0x00,0x00,0x00,0x00,0x00,0x00,0x00,0x00,0x00,
    0x00,0x00,0x00,0x00,0x00,0x00,0x00,0x00,0x00,0x00,0x00,0x00,0x00,0x00,0x00,0x00,
    0x00,0x00,0x00,0x00,0x00,0x00,0x00,0x00,0x00,0x00,0x00,0x00,0x00,0x00,0x00,0x00,
    0x00,0x00,0x00,0x00,0x00,0x00,0x00,0x00,0x00,0x00,0x00,0x00,0x00,0x00,0x37,0x37,
    0xaa,0xd6,0x37,0x37,0xaa,0xd6,0xed,0xed,0xf7,0xff,0x9a,0x9a,0xd3,0xea,0x37,0x37,
    0xaa,0xd6,0x00,0x00,0x00,0x00,0x00,0x00,0x00,0x00,0x00,0x00,0x00,0x00,0x00,0x00,
    0x00,0x00,0x00,0x00,0x00,0x00,0x00,0x00,0x00,0x00,0x00,0x00,0x00,0x00,0x00,0x00,
    0x00,0x00,0x00,0x00,0x00,0x00,0x00,0x00,0x00,0x00,0x00,0x00,0x00,0x00,0x00,0x00,
    0x00,0x00,0x00,0x00,0x00,0x00,0x00,0x00,0x00,0x00,0x00,0x00,0x00,0x00,0x00,0x00,
    0x00,0x00,0x00,0x00,0x00,0x00,0x00,0x00,0x00,0x00,0x00,0x00,0x00,0x00,0x00,0x00,
    0x00,0x00,0x00,0x00,0x00,0x00,0x00,0x00,0x00,0x00,0x00,0x00,0x00,0x00,0x00,0x00,
    0x00,0x00,0x00,0x00,0x00,0x00,0x00,0x00,0x00,0x00,0x00,0x00,0x00,0x00,0x00,0x00,
    0x00,0x00,0x00,0x00,0x00,0x00,0x00,0x00,0x00,0x00,0x00,0x00,0x00,0x00,0x00,0x00,
    0x00,0x00,0x00,0x00,0x00,0x00,0x00,0x00,0x00,0x00,0x00,0x00,0x00,0x00,0x00,0x00,
    0x00,0x00,0x00,0x00,0x00,0x00,0x00,0x00,0x00,0x00,0x00,0x00,0x00,0x00,0x00,0x00,
    0x00,0x00,0x00,0x00,0x00,0x00,0x00,0x00,0x00,0x00,0x00,0x00,0x00,0x00,0x00,0x00,
    0x00,0x00,0x00,0x00,0x00,0x00,0x00,0x00,0x00,0x00,0x00,0x00,0x00,0x00,0x00,0x00,
    0x00,0x00,0x00,0x00,0x00,0x00,0x00,0x00,0x00,0x00,0x00,0x00,0x00,0x00,0x00,0x00,
    0x00,0x00,0x00,0x00,0x00,0x00,0x00,0x00,0x00,0x00,0x00,0x00,0x00,0x00,0x00,0x00,
    0x00,0x00,0x00,0x00,0x00,0x00,0x79,0xd6,0xfe,0x5f,0x7a,0xd6,0xfe,0xd7,0x79,0xd6,
    0xfe,0x7f,0x79,0xd6,0xfe,0x27,0x00,0x00,0x00,0x00,0x00,0x00,0x00,0x00,0x00,0x00,
    0x00,0x00,0x79,0xd6,0xfe,0x1f,0x79,0xd6,0xfe,0x67,0x7a,0xd6,0xfe,0xbf,0x79,0xd6,
    0xfe,0x8f,0x00,0x00,0x00,0x00,0x00,0x00,0x00,0x00,0x00,0x00,0x00,0x00,0x00,0x00,
    0x00,0x00,0x00,0x00,0x00,0x00,0x00,0x00,0x00,0x00,0x00,0x00,0x00,0x00,0x00,0x00,
    0x00,0x00,0x00,0x00,0x00,0x00,0x00,0x00,0x00,0x00,0x00,0x00,0x00,0x00,0x00,0x00,
    0x00,0x00,0x00,0x00,0x00,0x00,0x00,0x00,0x00,0x00,0x00,0x00,0x00,0x00,0x00,0x00,
    0x00,0x00,0x00,0x00,0x00,0x00,0x00,0x00,0x00,0x00,0x00,0x00,0x00,0x00,0x51,0x9f,
    0xfe,0xa2,0x52,0xa0,0xff,0xd8,0x52,0xa0,0xff,0xd8,0x52,0xa0,0xff,0xd8,0x52,0xa0,
    0xff,0xd8,0x52,0xa0,0xff,0xd8,0x51,0xa0,0xfe,0xcb,0x51,0x9f,0xfe,0xbd,0x52,0xa0,
    0xff,0xd8,0x52,0xa0,0xff,0xd8,0x52,0xa0,0xff,0xd8,0x52,0xa0,0xff,0xd8,0x52,0xa0,
    0xff,0xd8,0x51,0x9f,0xfe,0xa2,0x00,0x00,0x00,0x00,0x00,0x00,0x00,0x00,0x00,0x00,
    0x00,0x00,0x00,0x00,0x00,0x00,0x00,0x00,0x00,0x00,0x00,0x00,0x00,0x00,0x00,0x00,
    0x00,0x00,0x00,0x00,0x00,0x00,0x00,0x00,0x00,0x00,0x00,0x00,0x00,0x00,0x00,0x00,
    0x00,0x00,0x00,0x00,0x00,0x00,0x00,0x00,0x00,0x00,0x00,0x00,0x00,0x00,0x00,0x00,
    0x00,0x00,0x00,0x00,0x00,0x00,0x00,0x00,0x00,0x00,0x38,0x5b,0xdb,0x55,0x38,0x5b,
    0xdb,0x55,0x38,0x5b,0xdb,0x72,0x38,0x5b,0xdb,0x72,0x38,0x5b,0xdb,0x72,0x38,0x5b,
    0xdb,0x72,0x38,0x5b,0xdb,0x72,0x38,0x5b,0xdb,0x72,0x38,0x5b,0xdb,0x72,0x38,0x5b,
    0xdb,0x72,0x38,0x5b,0xdb,0x72,0x38,0x5b,0xdb,0x72,0x38,0x5b,0xdb,0x72,0x38,0x5b,
    0xdb,0x72,0x38,0x5b,0xdb,0x72,0x38,0x5b,0xdb,0x5d,0x00,0x00,0x00,0x00,0x00,0x00,
    0x00,0x00,0x00,0x00,0x00,0x00,0x00,0x00,0x00,0x00,0x00,0x00,0x00,0x00,0x00,0x00,
    0x00,0x00,0x00,0x00,0x00,0x00,0x00,0x00,0x00,0x00,0x00,0x00,0x00,0x00,0x00,0x00,
    0x00,0x00,0x00,0x00,0x00,0x00,0x00,0x00,0x00,0x00,0x00,0x00,0x00,0x00,0xc5,0xb9,
    0x9c,0x44,0xcf,0xc4,0xab,0xf4,0xe5,0xde,0xcf,0xff,0xe7,0xe1,0xd3,0xff,0xec,0xe8,
    0xdd,0xff,0xec,0xe9,0xdf,0xff,0xe7,0xe1,0xd3,0xff,0xe7,0xe1,0xd3,0xff,0xe7,0xe1,
    0xd3,0xff,0xe7,0xe1,0xd3,0xff,0xe7,0xe1,0xd3,0xff,0xe7,0xe1,0xd3,0xff,0xe7,0xe1,
    0xd3,0xff,0xe7,0xe1,0xd3,0xff,0xe7,0xe1,0xd3,0xff,0xe7,0xe1,0xd3,0xff,0xea,0xe5,
    0xd9,0xff,0xee,0xeb,0xe2,0xff,0xe7,0xe1,0xd3,0xff,0xe6,0xe0,0xd2,0xff,0xd5,0xcc,
    0xb5,0xff,0xc6,0xba,0x9d,0x7a,0x00,0x00,0x00,0x00,0x00,0x00,0x00,0x00,0x00,0x00,
    0x00,0x00,0x00,0x00,0x00,0x00,0x00,0x00,0x00,0x00,0x00,0x00,0x00,0x00,0x00,0x00,
    0x00,0x00,0x00,0x00,0x00,0x00,0x00,0x00,0x00,0x00,0x00,0x00,0x00,0x00,0x00,0x00,
    0x00,0x00,0x00,0x00,0x00,0x00,0x00,0x00,0x00,0x00,0x00,0x00,0x00,0x00,0x00,0x00,
    0x00,0x00,0x00,0x00,0x00,0x00,0x00,0x00,0x00,0x00,0xc8,0xc8,0xc8,0x18,0xd4,0xd4,
    0xd4,0xf0,0x66,0x66,0xbd,0xff,0x39,0x39,0xac,0xff,0x39,0x39,0xac,0xff,0x43,0x43,
    0xaf,0xff,0xd2,0xd2,0xdb,0xff,0xca,0xca,0xca,0x5f,0x00,0x00,0x00,0x00,0x00,0x00,
    0x00,0x00,0x00,0x00,0x00,0x00,0x00,0x00,0x00,0x00,0x00,0x00,0x00,0x00,0x00,0x00,
    0x00,0x00,0x00,0x00,0x00,0x00,0x00,0x00,0x00,0x00,0x00,0x00,0x00,0x00,0x00,0x00,
    0x00,0x00,0x00,0x00,0x00,0x00,0x00,0x00,0x00,0x00,0x00,0x00,0x00,0x00,0x00,0x00,
    0x00,0x00,0x00,0x00,0x00,0x00,0x00,0x00,0x00,0x00,0x00,0x00,0x00,0x00,0x00,0x00,
    0x00,0x00,0x00,0x00,0x00,0x00,0x00,0x00,0x00,0x00,0x00,0x00,0x00,0x00,0x00,0x00,
    0x00,0x00,0x00,0x00,0x00,0x00,0x00,0x00,0x00,0x00,0x00,0x00,0x00,0x00,0xe4,0xa1,
    0x1a,0x09,0xe4,0xa1,0x1a,0x09,0xf6,0xc8,0x5f,0xff,0xf5,0xc7,0x5c,0x84,0xe4,0xa1,
    0x1a,0x09,0x00,0x00,0x00,0x00,0x00,0x00,0x00,0x00,0x00,0x00,0x00,0x00,0x00,0x00,
    0x00,0x00,0x00,0x00,0x00,0x00,0x00,0x00,0x00,0x00,0x00,0x00,0x00,0x00,0x00,0x00,
    0x00,0x00,0x00,0x00,0x00,0x00,0x00,0x00,0x00,0x00,0x00,0x00,0x00,0x00,0x00,0x00,
    0x00,0x00,0x00,0x00,0x00,0x00,0x00,0x00,0x00,0x00,0x00,0x00,0x00,0x00,0x00,0x00,
    0x00,0x00,0x00,0x00,0x00,0x00,0x00,0x00,0x00,0x00,0x00,0x00,0x00,0x00,0x00,0x00,
    0x00,0x00,0x00,0x00,0x00,0x00,0x00,0x00,0x00,0x00,0x00,0x00,0x00,0x00,0x00,0x00,
    0x00,0x00,0x00,0x00,0x00,0x00,0x00,0x00,0x00,0x00,0x00,0x00,0x00,0x00,0x38,0x38,
    0xa9,0xce,0x38,0x38,0xa9,0xce,0xe7,0xe7,0xf5,0xff,0x98,0x98,0xd3,0xe6,0x38,0x38,
    0xa9,0xce,0x00,0x00,0x00,0x00,0x00,0x00,0x00,0x00,0x00,0x00,0x00,0x00,0x00,0x00,
    0x00,0x00,0x00,0x00,0x00,0x00,0x00,0x00,0x00,0x00,0x00,0x00,0x00,0x00,0x00,0x00,
    0x00,0x00,0x00,0x00,0x00,0x00,0x00,0x00,0x00,0x00,0x00,0x00,0x00,0x00,0x00,0x00,
    0x00,0x00,0x00,0x00,0x00,0x00,0x00,0x00,0x00,0x00,0x00,0x00,0x00,0x00,0x00,0x00,
    0x00,0x00,0x00,0x00,0x00,0x00,0x00,0x00,0x00,0x00,0x00,0x00,0x00,0x00,0x00,0x00,
    0x00,0x00,0x00,0x00,0x00,0x00,0x00,0x00,0x00,0x00,0x00,0x00,0x00,0x00,0x00,0x00,
    0x00,0x00,0x00,0x00,0x00,0x00,0x00,0x00,0x00,0x00,0x00,0x00,0x00,0x00,0x00,0x00,
    0x00,0x00,0x00,0x00,0x00,0x00,0x00,0x00,0x00,0x00,0x00,0x00,0x00,0x00,0x00,0x00,
    0x00,0x00,0x00,0x00,0x00,0x00,0x00,0x00,0x00,0x00,0x00,0x00,0x00,0x00,0x00,0x00,
    0x00,0x00,0x00,0x00,0x00,0x00,0x00,0x00,0x00,0x00,0x00,0x00,0x00,0x00,0x00,0x00,
    0x00,0x00,0x00,0x00,0x00,0x00,0x00,0x00,0x00,0x00,0x00,0x00,0x00,0x00,0x00,0x00,
    0x00,0x00,0x00,0x00,0x00,0x00,0x00,0x00,0x00,0x00,0x00,0x00,0x00,0x00,0x00,0x00,
    0x00,0x00,0x00,0x00,0x00,0x00,0x00,0x00,0x00,0x00,0x00,0x00,0x00,0x00,0x00,0x00,
    0x00,0x00,0x00,0x00,0x00,0x00,0x00,0x00,0x00,0x00,0x00,0x00,0x00,0x00,0x00,0x00,
    0x00,0x00,0x00,0x00,0x00,0x00,0x79,0xd6,0xfe,0x7f,0x7a,0xd6,0xff,0xff,0x7a,0xd6,
    0xff,0xff,0x7a,0xd6,0xff,0xff,0x79,0xd6,0xfe,0x5f,0x77,0xd3,0xfb,0x0f,0x79,0xd6,
    0xfe,0x8f,0x7a,0xd6,0xff,0xff,0x7a,0xd6,0xff,0xff,0x7a,0xd6,0xff,0xff,0x79,0xd6,
    0xfe,0xbf,0x00,0x00,0x00,0x00,0x00,0x00,0x00,0x00,0x00,0x00,0x00,0x00,0x00,0x00,
    0x00,0x00,0x00,0x00,0x00,0x00,0x00,0x00,0x00,0x00,0x00,0x00,0x00,0x00,0x00,0x00,
    0x00,0x00,0x00,0x00,0x00,0x00,0x00,0x00,0x00,0x00,0x00,0x00,0x00,0x00,0x00,0x00,
    0x00,0x00,0x00,0x00,0x00,0x00,0x00,0x00,0x00,0x00,0x00,0x00,0x00,0x00,0x00,0x00,
    0x00,0x00,0x00,0x00,0x00,0x00,0x00,0x00,0x00,0x00,0x00,0x00,0x00,0x00,0x51,0x9f,
    0xfe,0xa2,0x52,0xa0,0xff,0xd8,0x52,0xa0,0xff,0xd8,0x52,0xa0,0xff,0xd8,0x52,0xa0,
    0xff,0xd8,0x52,0xa0,0xff,0xd8,0x52,0xa0,0xff,0xd8,0x52,0xa0,0xff,0xd8,0x52,0xa0,
    0xff,0xd8,0x52,0xa0,0xff,0xd8,0x52,0xa0,0xff,0xd8,0x52,0xa0,0xff,0xd8,0x52,0xa0,
    0xff,0xd8,0x51,0x9f,0xfe,0xaf,0x00,0x00,0x00,0x00,0x00,0x00,0x00,0x00,0x00,0x00,
    0x00,0x00,0x00,0x00,0x00,0x00,0x00,0x00,0x00,0x00,0x00,0x00,0x00,0x00,0x00,0x00,
    0x00,0x00,0x00,0x00,0x00,0x00,0x00,0x00,0x00,0x00,0x00,0x00,0x00,0x00,0x00,0x00,
    0x00,0x00,0x00,0x00,0x00,0x00,0x00,0x00,0x00,0x00,0x00,0x00,0x00,0x00,0x00,0x00,
    0x00,0x00,0x00,0x00,0x00,0x00,0x00,0x00,0x00,0x00,0x38,0x5b,0xdb,0x6b,0x38,0x5b,
    0xdb,0x6b,0x38,0x5b,0xdb,0x72,0x38,0x5b,0xdb,0x72,0x38,0x5b,0xdb,0x72,0x38,0x5b,
    0xdb,0x72,0x38,0x5b,0xdb,0x72,0x38,0x5b,0xdb,0x72,0x38,0x5b,0xdb,0x72,0x38,0x5b,
    0xdb,0x72,0x38,0x5b,0xdb,0x72,0x38,0x5b,0xdb,0x72,0x38,0x5b,0xdb,0x72,0x38,0x5b,
    0xdb,0x72,0x38,0x5b,0xdb,0x72,0x38,0x5b,0xdb,0x72,0x00,0x00,0x00,0x00,0x00,0x00,
    0x00,0x00,0x00,0x00,0x00,0x00,0x00,0x00,0x00,0x00,0x00,0x00,0x00,0x00,0x00,0x00,
    0x00,0x00,0x00,0x00,0x00,0x00,0x00,0x00,0x00,0x00,0x00,0x00,0x00,0x00,0x00,0x00,
    0x00,0x00,0x00,0x00,0x00,0x00,0x00,0x00,0x00,0x00,0xc5,0xb8,0x9b,0x48,0xd0,0xc6,
    0xae,0xf9,0xe5,0xdf,0xd0,0xff,0xe7,0xe1,0xd3,0xff,0xe7,0xe1,0xd3,0xff,0xea,0xe6,
    0xda,0xff,0xec,0xe8,0xdd,0xff,0xe7,0xe1,0xd3,0xff,0xde,0xe0,0xd4,0xff,0xa3,0xda,
    0xdf,0xff,0x6e,0xd6,0xe9,0xff,0x60,0xd4,0xec,0xff,0x60,0xcb,0xe1,0xff,0x64,0xca,
    0xde,0xff,0x90,0xd2,0xda,0xff,0xce,0xdc,0xd5,0xff,0xe7,0xe1,0xd3,0xff,0xea,0xe5,
    0xd9,0xff,0xed,0xea,0xe0,0xff,0xe7,0xe1,0xd3,0xff,0xe7,0xe1,0xd3,0xff,0xe7,0xe1,
    0xd3,0xff,0xd7,0xce,0xb9,0xff,0xc6,0xba,0x9d,0x82,0x00,0x00,0x00,0x00,0x00,0x00,
    0x00,0x00,0x00,0x00,0x00,0x00,0x00,0x00,0x00,0x00,0x00,0x00,0x00,0x00,0x00,0x00,
    0x00,0x00,0x00,0x00,0x00,0x00,0x00,0x00,0x00,0x00,0x00,0x00,0x00,0x00,0x00,0x00,
    0x00,0x00,0x00,0x00,0x00,0x00,0x00,0x00,0x00,0x00,0x00,0x00,0x00,0x00,0x00,0x00,
    0x00,0x00,0x00,0x00,0x00,0x00,0x00,0x00,0x00,0x00,0xcb,0xcb,0xcb,0xa9,0xb6,0xb6,
    0xd7,0xff,0x39,0x39,0xac,0xff,0x39,0x39,0xac,0xff,0x39,0x39,0xac,0xff,0x39,0x39,
    0xac,0xff,0x7e,0x7e,0xc6,0xff,0xd2,0xd2,0xd2,0xeb,0xc6,0xc6,0xc6,0x0e,0x00,0x00,
    0x00,0x00,0x00,0x00,0x00,0x00,0x00,0x00,0x00,0x00,0x00,0x00,0x00,0x00,0x00,0x00,
    0x00,0x00,0x00,0x00,0x00,0x00,0x00,0x00,0x00,0x00,0x00,0x00,0x00,0x00,0x00,0x00,
    0x00,0x00,0x00,0x00,0x00,0x00,0x00,0x00,0x00,0x00,0x00,0x00,0x00,0x00,0x00,0x00,
    0x00,0x00,0x00,0x00,0x00,0x00,0x00,0x00,0x00,0x00,0x00,0x00,0x00,0x00,0x00,0x00,
    0x00,0x00,0x00,0x00,0x00,0x00,0x00,0x00,0x00,0x00,0x00,0x00,0x00,0x00,0x00,0x00,
    0x00,0x00,0x00,0x00,0x00,0x00,0x00,0x00,0x00,0x00,0x00,0x00,0x00,0x00,0xed,0xb0,
    0x30,0x15,0xed,0xb0,0x30,0x15,0xf7,0xcb,0x67,0xff,0xf6,0xc9,0x62,0x8a,0xed,0xb0,
    0x30,0x15,0x00,0x00,0x00,0x00,0x00,0x00,0x00,0x00,0x00,0x00,0x00,0x00,0x00,0x00,
    0x00,0x00,0x00,0x00,0x00,0x00,0x00,0x00,0x00,0x00,0x00,0x00,0x00,0x00,0x00,0x00,
    0x00,0x00,0x00,0x00,0x00,0x00,0x00,0x00,0x00,0x00,0x00,0x00,0x00,0x00,0x00,0x00,
    0x00,0x00,0x00,0x00,0x00,0x00,0x00,0x00,0x00,0x00,0x00,0x00,0x00,0x00,0x00,0x00,
    0x00,0x00,0x00,0x00,0x00,0x00,0x00,0x00,0x00,0x00,0x00,0x00,0x00,0x00,0x00,0x00,
    0x00,0x00,0x00,0x00,0x00,0x00,0x00,0x00,0x00,0x00,0x00,0x00,0x00,0x00,0x00,0x00,
    0x00,0x00,0x00,0x00,0x00,0x00,0x00,0x00,0x00,0x00,0x00,0x00,0x00,0x00,0x37,0x37,
    0xab,0xc5,0x37,0x37,0xab,0xc5,0xe1,0xe1,0xf2,0xff,0x97,0x97,0xd3,0xe2,0x37,0x37,
    0xab,0xc5,0x00,0x00,0x00,0x00,0x00,0x00,0x00,0x00,0x00,0x00,0x00,0x00,0x00,0x00,
    0x00,0x00,0x00,0x00,0x00,0x00,0x00,0x00,0x00,0x00,0x00,0x00,0x00,0x00,0x00,0x00,
    0x00,0x00,0x00,0x00,0x00,0x00,0x00,0x00,0x00,0x00,0x00,0x00,0x00,0x00,0x00,0x00,
    0x00,0x00,0x00,0x00,0x00,0x00,0x00,0x00,0x00,0x00,0x00,0x00,0x00,0x00,0x00,0x00,
    0x00,0x00,0x00,0x00,0x00,0x00,0x00,0x00,0x00,0x00,0x00,0x00,0x00,0x00,0x00,0x00,
    0x00,0x00,0x00,0x00,0x00,0x00,0x00,0x00,0x00,0x00,0x00,0x00,0x00,0x00,0x00,0x00,
    0x00,0x00,0x00,0x00,0x00,0x00,0x00,0x00,0x00,0x00,0x00,0x00,0x00,0x00,0x00,0x00,
    0x00,0x00,0x00,0x00,0x00,0x00,0x00,0x00,0x00,0x00,0x00,0x00,0x00,0x00,0x00,0x00,
    0x00,0x00,0x00,0x00,0x00,0x00,0x00,0x00,0x00,0x00,0x00,0x00,0x00,0x00,0x00,0x00,
    0x00,0x00,0x00,0x00,0x00,0x00,0x00,0x00,0x00,0x00,0x00,0x00,0x00,0x00,0x00,0x00,
    0x00,0x00,0x00,0x00,0x00,0x00,0x00,0x00,0x00,0x00,0x00,0x00,0x00,0x00,0x00,0x00,
    0x00,0x00,0x00,0x00,0x00,0x00,0x00,0x00,0x00,0x00,0x00,0x00,0x00,0x00,0x00,0x00,
    0x00,0x00,0x00,0x00,0x00,0x00,0x00,0x00,0x00,0x00,0x00,0x00,0x00,0x00,0x00,0x00,
    0x00,0x00,0x00,0x00,0x00,0x00,0x00,0x00,0x00,0x00,0x00,0x00,0x00,0x00,0x00,0x00,
    0x00,0x00,0x00,0x00,0x00,0x00,0x79,0xd6,0xfe,0xbf,0x7a,0xd6,0xff,0xff,0x7a,0xd6,
    0xff,0xff,0x7a,0xd6,0xff,0xff,0x7a,0xd6,0xfe,0xf7,0x79,0xd6,0xfe,0xdf,0x7a,0xd6,
    0xff,0xff,0x7a,0xd6,0xff,0xff,0x7a,0xd6,0xff,0xff,0x7a,0xd6,0xff,0xff,0x79,0xd6,
    0xfe,0xbf,0x00,0x00,0x00,0x00,0x00,0x00,0x00,0x00,0x00,0x00,0x00,0x00,0x00,0x00,
    0x00,0x00,0x00,0x00,0x00,0x00,0x00,0x00,0x00,0x00,0x00,0x00,0x00,0x00,0x00,0x00,
    0x00,0x00,0x00,0x00,0x00,0x00,0x00,0x00,0x00,0x00,0x00,0x00,0x00,0x00,0x00,0x00,
    0x00,0x00,0x00,0x00,0x00,0x00,0x00,0x00,0x00,0x00,0x00,0x00,0x00,0x00,0x00,0x00,
    0x00,0x00,0x00,0x00,0x00,0x00,0x00,0x00,0x00,0x00,0x00,0x00,0x00,0x00,0x51,0x9f,
    0xfe,0xa2,0x52,0xa0,0xff,0xd8,0x52,0xa0,0xff,0xd8,0x52,0xa0,0xff,0xd8,0x52,0xa0,
    0xff,0xd8,0x52,0xa0,0xff,0xd8,0x52,0xa0,0xff,0xd8,0x52,0xa0,0xff,0xd8,0x52,0xa0,
    0xff,0xd8,0x52,0xa0,0xff,0xd8,0x52,0xa0,0xff,0xd8,0x52,0xa0,0xff,0xd8,0x52,0xa0,
    0xff,0xd8,0x51,0x9f,0xfe,0xaf,0x00,0x00,0x00,0x00,0x00,0x00,0x00,0x00,0x00,0x00,
    0x00,0x00,0x00,0x00,0x00,0x00,0x00,0x00,0x00,0x00,0x00,0x00,0x00,0x00,0x00,0x00,
    0x00,0x00,0x00,0x00,0x00,0x00,0x00,0x00,0x00,0x00,0x00,0x00,0x00,0x00,0x00,0x00,
    0x00,0x00,0x00,0x00,0x00,0x00,0x00,0x00,0x00,0x00,0x00,0x00,0x00,0x00,0x00,0x00,
    0x00,0x00,0x00,0x00,0x00,0x00,0x00,0x00,0x00,0x00,0x38,0x5b,0xdb,0x6b,0x38,0x5b,
    0xdb,0x6b,0x38,0x5b,0xdb,0x72,0x38,0x5b,0xdb,0x72,0x38,0x5b,0xdb,0x72,0x38,0x5b,
    0xdb,0x72,0x38,0x5b,0xdb,0x72,0x38,0x5b,0xdb,0x72,0x38,0x5b,0xdb,0x72,0x38,0x5b,
    0xdb,0x72,0x38,0x5b,0xdb,0x72,0x38,0x5b,0xdb,0x72,0x38,0x5b,0xdb,0x72,0x38,0x5b,
    0xdb,0x72,0x38,0x5b,0xdb,0x72,0x38,0x5b,0xdb,0x72,0x00,0x00,0x00,0x00,0x00,0x00,
    0x00,0x00,0x00,0x00,0x00,0x00,0x00,0x00,0x00,0x00,0x00,0x00,0x00,0x00,0x00,0x00,
    0x00,0x00,0x00,0x00,0x00,0x00,0x00,0x00,0x00,0x00,0x00,0x00,0x00,0x00,0x00,0x00,
    0x00,0x00,0x00,0x00,0x00,0x00,0xc5,0xb9,0x9c,0x42,0xd1,0xc7,0xae,0xf5,0xe6,0xdf,
    0xd1,0xff,0xe7,0xe1,0xd3,0xff,0xe7,0xe1,0xd3,0xff,0xe7,0xe1,0xd3,0xff,0xe7,0xe1,
    0xd3,0xff,0xc2,0xdd,0xd9,0xff,0x58,0xd3,0xed,0xff,0x0b,0xcd,0xfc,0xff,0x00,0xcc,
    0xff,0xff,0x00,0xcc,0xff,0xff,0x00,0xcc,0xff,0xff,0x00,0xbc,0xeb,0xff,0x00,0xb9,
    0xe7,0xff,0x00,0xb9,0xe7,0xff,0x02,0xb9,0xe6,0xff,0x3d,0xc3,0xe1,0xff,0xa2,0xd5,
    0xd8,0xff,0xe7,0xe1,0xd3,0xff,0xe7,0xe1,0xd3,0xff,0xe7,0xe1,0xd3,0xff,0xe7,0xe1,
    0xd3,0xff,0xe7,0xe1,0xd3,0xff,0xd8,0xcf,0xbb,0xff,0xc5,0xba,0x9d,0x79,0x00,0x00,
    0x00,0x00,0x00,0x00,0x00,0x00,0x00,0x00,0x00,0x00,0x00,0x00,0x00,0x00,0x00,0x00,
    0x00,0x00,0x29,0x29,0x7f,0x40,0x2b,0x2b,0x7f,0x0f,0x00,0x00,0x00,0x00,0x00,0x00,
    0x00,0x00,0x00,0x95,0xbb,0x0e,0x00,0x98,0xbd,0x3a,0x00,0x98,0xbe,0x66,0x00,0x9a,
    0xc1,0x8b,0x00,0xa5,0xce,0xb7,0xa0,0xb6,0xa6,0xe3,0xdc,0xda,0xd3,0xff,0x77,0x77,
    0xc3,0xff,0x39,0x39,0xac,0xff,0x39,0x39,0xac,0xff,0x39,0x39,0xac,0xff,0x39,0x39,
    0xac,0xff,0x39,0x39,0xac,0xff,0xea,0xea,0xe9,0xff,0xb6,0xbb,0xa6,0xec,0x00,0xa6,
    0xcf,0xc0,0x00,0x9d,0xc5,0x9b,0x00,0x98,0xbe,0x73,0x00,0x98,0xbd,0x47,0x00,0x96,
    0xbc,0x1b,0x00,0x00,0x00,0x00,0x00,0x00,0x00,0x00,0x00,0x00,0x00,0x00,0x29,0x29,
    0x7f,0x40,0x27,0x27,0x7e,0x0a,0x00,0x00,0x00,0x00,0x00,0x00,0x00,0x00,0x00,0x00,
    0x00,0x00,0x00,0x00,0x00,0x00,0x00,0x00,0x00,0x00,0x00,0x00,0x00,0x00,0x00,0x00,
    0x00,0x00,0x00,0x00,0x00,0x00,0x00,0x00,0x00,0x00,0x00,0x00,0x00,0x00,0x00,0x00,
    0x00,0x00,0x00,0x00,0x00,0x00,0x00,0x00,0x00,0x00,0x00,0x00,0x00,0x00,0xee,0xb3,
    0x30,0x20,0xee,0xb3,0x30,0x20,0xf7,0xce,0x6f,0xff,0xf6,0xcb,0x67,0x8f,0xee,0xb3,
    0x30,0x20,0x00,0x00,0x00,0x00,0x00,0x00,0x00,0x00,0x00,0x00,0x00,0x00,0x00,0x00,
    0x00,0x00,0x00,0x00,0x00,0x00,0x00,0x00,0x00,0x00,0x00,0x00,0x00,0x00,0x00,0x00,
    0x00,0x00,0x00,0x00,0x00,0x00,0x00,0x00,0x00,0x00,0x00,0x00,0x00,0x00,0x00,0x00,
    0x00,0x00,0x00,0x00,0x00,0x00,0x00,0x00,0x00,0x00,0x00,0x00,0x00,0x00,0x00,0x00,
    0x00,0x00,0x00,0x00,0x00,0x00,0x00,0x00,0x00,0x00,0x00,0x00,0x00,0x00,0x00,0x00,
    0x00,0x00,0x00,0x00,0x00,0x00,0x00,0x00,0x00,0x00,0x00,0x00,0x00,0x00,0x00,0x00,
    0x00,0x00,0x00,0x00,0x00,0x00,0x00,0x00,0x00,0x00,0x00,0x00,0x00,0x00,0x38,0x38,
    0xaa,0xba,0x38,0x38,0xaa,0xba,0xda,0xda,0xef,0xff,0x95,0x95,0xd1,0xdc,0x38,0x38,
    0xaa,0xba,0x00,0x00,0x00,0x00,0x00,0x00,0x00,0x00,0x00,0x00,0x00,0x00,0x00,0x00,
    0x00,0x00,0x00,0x00,0x00,0x00,0x00,0x00,0x00,0x00,0x00,0x00,0x00,0x00,0x00,0x00,
    0x00,0x00,0x00,0x00,0x00,0x00,0x00,0x00,0x00,0x00,0x00,0x00,0x00,0x00,0x00,0x00,
    0x00,0x00,0x00,0x00,0x00,0x00,0x00,0x00,0x00,0x00,0x00,0x00,0x00,0x00,0x00,0x00,
    0x00,0x00,0x00,0x00,0x00,0x00,0x00,0x00,0x00,0x00,0x00,0x00,0x00,0x00,0x00,0x00,
    0x00,0x00,0x00,0x00,0x00,0x00,0x00,0x00,0x00,0x00,0x00,0x00,0x00,0x00,0x00,0x00,
    0x00,0x00,0x00,0x00,0x00,0x00,0x00,0x00,0x00,0x00,0x00,0x00,0x00,0x00,0x00,0x00,
    0x00,0x00,0x00,0x00,0x00,0x00,0x00,0x00,0x00,0x00,0x00,0x00,0x00,0x00,0x00,0x00,
    0x00,0x00,0x00,0x00,0x00,0x00,0x00,0x00,0x00,0x00,0x00,0x00,0x00,0x00,0x00,0x00,
    0x00,0x00,0x00,0x00,0x00,0x00,0x00,0x00,0x00,0x00,0x00,0x00,0x00,0x00,0x00,0x00,
    0x00,0x00,0x00,0x00,0x00,0x00,0x00,0x00,0x00,0x00,0x00,0x00,0x00,0x00,0x00,0x00,
    0x00,0x00,0x00,0x00,0x00,0x00,0x00,0x00,0x00,0x00,0x00,0x00,0x00,0x00,0x00,0x00,
    0x00,0x00,0x00,0x00,0x00,0x00,0x00,0x00,0x00,0x00,0x00,0x00,0x00,0x00,0x00,0x00,
    0x00,0x00,0x00,0x00,0x00,0x00,0x00,0x00,0x00,0x00,0x00,0x00,0x00,0x00,0x00,0x00,
    0x00,0x00,0x00,0x00,0x00,0x00,0x79,0xd6,0xfe,0xbf,0x7a,0xd6,0xff,0xff,0x7a,0xd6,
    0xff,0xff,0x7a,0xd6,0xff,0xff,0x7a,0xd6,0xff,0xff,0x7a,0xd6,0xff,0xff,0x7a,0xd6,
    0xff,0xff,0x7a,0xd6,0xff,0xff,0x7a,0xd6,0xff,0xff,0x7a,0xd6,0xff,0xff,0x79,0xd6,
    0xfe,0xcf,0x00,0x00,0x00,0x00,0x00,0x00,0x00,0x00,0x00,0x00,0x00,0x00,0x00,0x00,
    0x00,0x00,0x00,0x00,0x00,0x00,0x00,0x00,0x00,0x00,0x00,0x00,0x00,0x00,0x00,0x00,
    0x00,0x00,0x00,0x00,0x00,0x00,0x00,0x00,0x00,0x00,0x00,0x00,0x00,0x00,0x00,0x00,
    0x00,0x00,0x00,0x00,0x00,0x00,0x00,0x00,0x00,0x00,0x00,0x00,0x00,0x00,0x00,0x00,
    0x00,0x00,0x00,0x00,0x00,0x00,0x00,0x00,0x00,0x00,0x00,0x00,0x00,0x00,0x51,0xa0,
    0xfe,0xcb,0x52,0xa0,0xff,0xd8,0x52,0xa0,0xff,0xd8,0x52,0xa0,0xff,0xd8,0x52,0xa0,
    0xff,0xd8,0x52,0xa0,0xff,0xd8,0x52,0xa0,0xff,0xd8,0x52,0xa0,0xff,0xd8,0x52,0xa0,
    0xff,0xd8,0x52,0xa0,0xff,0xd8,0x52,0xa0,0xff,0xd8,0x52,0xa0,0xff,0xd8,0x52,0xa0,
    0xff,0xd8,0x52,0xa0,0xff,0xd8,0x00,0x00,0x00,0x00,0x00,0x00,0x00,0x00,0x00,0x00,
    0x00,0x00,0x00,0x00,0x00,0x00,0x00,0x00,0x00,0x00,0x00,0x00,0x00,0x00,0x00,0x00,
    0x00,0x00,0x00,0x00,0x00,0x00,0x00,0x00,0x00,0x00,0x00,0x00,0x00,0x00,0x00,0x00,
    0x00,0x00,0x00,0x00,0x00,0x00,0x00,0x00,0x00,0x00,0x00,0x00,0x00,0x00,0x00,0x00,
    0x00,0x00,0x37,0x5a,0xda,0x0d,0x38,0x5b,0xdb,0x31,0x38,0x5b,0xdb,0x72,0x38,0x5b,
    0xdb,0x72,0x38,0x5b,0xdb,0x72,0x38,0x5b,0xdb,0x72,0x38,0x5b,0xdb,0x72,0x38,0x5b,
    0xdb,0x72,0x38,0x5b,0xdb,0x72,0x38,0x5b,0xdb,0x72,0x38,0x5b,0xdb,0x72,0x38,0x5b,
    0xdb,0x72,0x38,0x5b,0xdb,0x72,0x38,0x5b,0xdb,0x72,0x38,0x5b,0xdb,0x72,0x38,0x5b,
    0xdb,0x72,0x38,0x5b,0xdb,0x72,0x38,0x5b,0xdb,0x72,0x38,0x5b,0xdb,0x31,0x38,0x5b,
    0xdb,0x31,0x37,0x5a,0xda,0x0d,0x00,0x00,0x00,0x00,0x00,0x00,0x00,0x00,0x00,0x00,
    0x00,0x00,0x00,0x00,0x00,0x00,0x00,0x00,0x00,0x00,0x00,0x00,0x00,0x00,0x00,0x00,
    0x00,0x00,0xc3,0xb7,0x99,0x15,0xcb,0xc0,0xa5,0xeb,0xe5,0xdf,0xd1,0xff,0xe7,0xe1,
    0xd3,0xff,0xe7,0xe1,0xd3,0xff,0xe7,0xe1,0xd3,0xff,0xe7,0xe1,0xd3,0xff,0x8e,0xd8,
    0xe3,0xff,0x03,0xcc,0xfe,0xff,0x00,0xcc,0xff,0xff,0x00,0xcc,0xff,0xff,0x00,0xcc,
    0xff,0xff,0x01,0xcc,0xfe,0xff,0x13,0xcd,0xfb,0xff,0x13,0xbf,0xe9,0xff,0x07,0xba,
    0xe6,0xff,0x00,0xb9,0xe7,0xff,0x00,0xb9,0xe7,0xff,0x00,0xb9,0xe7,0xff,0x00,0xb9,
    0xe7,0xff,0x59,0xc8,0xdf,0xff,0xe5,0xe0,0xd3,0xff,0xe7,0xe1,0xd3,0xff,0xe7,0xe1,
    0xd3,0xff,0xe7,0xe1,0xd3,0xff,0xe7,0xe1,0xd3,0xff,0xd3,0xc9,0xb2,0xff,0xc5,0xb9,
    0x9c,0x44,0x00,0x00,0x00,0x00,0x00,0x00,0x00,0x00,0x00,0x00,0x00,0x00,0x23,0x23,
    0x7c,0x0a,0x2d,0x2d,0x87,0xff,0x30,0x30,0x80,0x99,0xac,0xa8,0x8e,0x7f,0xa9,0xb3,
    0xa2,0xe9,0x00,0xa8,0xd1,0xff,0x00,0xb9,0xe7,0xff,0x00,0xbe,0xee,0xff,0x02,0xbd,
    0xec,0xff,0x00,0xcc,0xff,0xff,0xb6,0xd4,0xc8,0xff,0xe8,0xe6,0xdb,0xff,0x76,0x76,
    0xc3,0xff,0x39,0x39,0xac,0xff,0x39,0x39,0xac,0xff,0x39,0x39,0xac,0xff,0x39,0x39,
    0xac,0xff,0x39,0x39,0xac,0xff,0xf0,0xef,0xed,0xff,0xcd,0xd5,0xc1,0xff,0x00,0xcc,
    0xff,0xff,0x01,0xc2,0xf2,0xff,0x01,0xbc,0xeb,0xff,0x00,0xbe,0xee,0xff,0x00,0xab,
    0xd5,0xff,0x69,0xaf,0xb4,0xf2,0xb0,0xab,0x92,0xa8,0x56,0x55,0x83,0x51,0x2d,0x2d,
    0x87,0xff,0x2a,0x2a,0x7f,0x47,0x00,0x00,0x00,0x00,0x00,0x00,0x00,0x00,0x00,0x00,
    0x00,0x00,0x00,0x00,0x00,0x00,0x00,0x00,0x00,0x00,0x00,0x00,0x00,0x00,0x00,0x00,
    0x00,0x00,0x00,0x00,0x00,0x00,0x00,0x00,0x00,0x00,0x00,0x00,0x00,0x00,0x00,0x00,
    0x00,0x00,0x00,0x00,0x00,0x00,0x00,0x00,0x00,0x00,0x00,0x00,0x00,0x00,0xf0,0xb5,
    0x2e,0x2b,0xf0,0xb5,0x2e,0x2b,0xf8,0xd0,0x77,0xff,0xf6,0xcc,0x6c,0x95,0xf0,0xb5,
    0x2e,0x2b,0x00,0x00,0x00,0x00,0x00,0x00,0x00,0x00,0x00,0x00,0x00,0x00,0x00,0x00,
    0x00,0x00,0x00,0x00,0x00,0x00,0x00,0x00,0x00,0x00,0x00,0x00,0x00,0x00,0x00,0x00,
    0x00,0x00,0x00,0x00,0x00,0x00,0x00,0x00,0x00,0x00,0x00,0x00,0x00,0x00,0x00,0x00,
    0x00,0x00,0x00,0x00,0x00,0x00,0x00,0x00,0x00,0x00,0x00,0x00,0x00,0x00,0x00,0x00,
    0x00,0x00,0x00,0x00,0x00,0x00,0x00,0x00,0x00,0x00,0x00,0x00,0x00,0x00,0x00,0x00,
    0x00,0x00,0x00,0x00,0x00,0x00,0x00,0x00,0x00,0x00,0x00,0x00,0x00,0x00,0x00,0x00,
    0x00,0x00,0x00,0x00,0x00,0x00,0x00,0x00,0x00,0x00,0x00,0x00,0x00,0x00,0x37,0x37,
    0xaa,0xae,0x37,0x37,0xaa,0xae,0xd2,0xd2,0xec,0xff,0x93,0x93,0xd1,0xd6,0x37,0x37,
    0xaa,0xae,0x00,0x00,0x00,0x00,0x00,0x00,0x00,0x00,0x00,0x00,0x00,0x00,0x00,0x00,
    0x00,0x00,0x00,0x00,0x00,0x00,0x00,0x00,0x00,0x00,0x00,0x00,0x00,0x00,0x00,0x00,
    0x00,0x00,0x00,0x00,0x00,0x00,0x00,0x00,0x00,0x00,0x00,0x00,0x00,0x00,0x00,0x00,
    0x00,0x00,0x00,0x00,0x00,0x00,0x00,0x00,0x00,0x00,0x00,0x00,0x00,0x00,0x00,0x00,
    0x00,0x00,0x00,0x00,0x00,0x00,0x00,0x00,0x00,0x00,0x00,0x00,0x00,0x00,0x00,0x00,
    0x00,0x00,0x00,0x00,0x00,0x00,0x00,0x00,0x00,0x00,0x00,0x00,0x00,0x00,0x00,0x00,
    0x00,0x00,0x00,0x00,0x00,0x00,0x00,0x00,0x00,0x00,0x00,0x00,0x00,0x00,0x00,0x00,
    0x00,0x00,0x00,0x00,0x00,0x00,0x00,0x00,0x00,0x00,0x00,0x00,0x00,0x00,0x00,0x00,
    0x00,0x00,0x00,0x00,0x00,0x00,0x00,0x00,0x00,0x00,0x00,0x00,0x00,0x00,0x00,0x00,
    0x00,0x00,0x00,0x00,0x00,0x00,0x00,0x00,0x00,0x00,0x00,0x00,0x00,0x00,0x00,0x00,
    0x00,0x00,0x00,0x00,0x00,0x00,0x00,0x00,0x00,0x00,0x00,0x00,0x00,0x00,0x00,0x00,
    0x00,0x00,0x00,0x00,0x00,0x00,0x00,0x00,0x00,0x00,0x00,0x00,0x00,0x00,0x00,0x00,
    0x00,0x00,0x00,0x00,0x00,0x00,0x00,0x00,0x00,0x00,0x00,0x00,0x00,0x00,0x00,0x00,
    0x00,0x00,0x00,0x00,0x00,0x00,0x00,0x00,0x00,0x00,0x00,0x00,0x00,0x00,0x00,0x00,
    0x00,0x00,0x00,0x00,0x00,0x00,0x7a,0xd6,0xfe,0xef,0x7a,0xd6,0xff,0xff,0x7a,0xd6,
    0xff,0xff,0x7a,0xd6,0xff,0xff,0x7a,0xd6,0xff,0xff,0x7a,0xd6,0xff,0xff,0x7a,0xd6,
    0xff,0xff,0x7a,0xd6,0xff,0xff,0x7a,0xd6,0xff,0xff,0x7a,0xd6,0xff,0xff,0x7a,0xd6,
    0xff,0xff,0x00,0x00,0x00,0x00,0x00,0x00,0x00,0x00,0x00,0x00,0x00,0x00,0x00,0x00,
    0x00,0x00,0x00,0x00,0x00,0x00,0x00,0x00,0x00,0x00,0x00,0x00,0x00,0x00,0x00,0x00,
    0x00,0x00,0x00,0x00,0x00,0x00,0x00,0x00,0x00,0x00,0x00,0x00,0x00,0x00,0x00,0x00,
    0x00,0x00,0x00,0x00,0x00,0x00,0x00,0x00,0x00,0x00,0x00,0x00,0x00,0x00,0x00,0x00,
    0x00,0x00,0x50,0x9e,0xfd,0x1a,0x50,0x9e,0xfd,0x1a,0x51,0x9f,0xfe,0x5e,0x52,0xa0,
    0xff,0xd8,0x52,0xa0,0xff,0xd8,0x52,0xa0,0xff,0xd8,0x52,0xa0,0xff,0xd8,0x52,0xa0,
    0xff,0xd8,0x52,0xa0,0xff,0xd8,0x52,0xa0,0xff,0xd8,0x52,0xa0,0xff,0xd8,0x52,0xa0,
    0xff,0xd8,0x52,0xa0,0xff,0xd8,0x52,0xa0,0xff,0xd8,0x52,0xa0,0xff,0xd8,0x52,0xa0,
    0xff,0xd8,0x52,0xa0,0xff,0xd8,0x51,0x9f,0xfe,0x5e,0x50,0x9e,0xfd,0x1a,0x50,0x9e,
    0xfd,0x1a,0x00,0x00,0x00,0x00,0x00,0x00,0x00,0x00,0x00,0x00,0x00,0x00,0x00,0x00,
    0x00,0x00,0x00,0x00,0x00,0x00,0x00,0x00,0x00,0x00,0x00,0x00,0x00,0x00,0x00,0x00,
    0x00,0x00,0x37,0x5a,0xda,0x0d,0x38,0x5b,0xdb,0x31,0x38,0x5b,0xdb,0x5d,0x38,0x5b,
    0xdb,0x5d,0x38,0x5b,0xdb,0x72,0x38,0x5b,0xdb,0x72,0x38,0x5b,0xdb,0x72,0x38,0x5b,
    0xdb,0x72,0x38,0x5b,0xdb,0x72,0x38,0x5b,0xdb,0x72,0x38,0x5b,0xdb,0x72,0x38,0x5b,
    0xdb,0x72,0x38,0x5b,0xdb,0x72,0x38,0x5b,0xdb,0x72,0x38,0x5b,0xdb,0x72,0x38,0x5b,
    0xdb,0x72,0x38,0x5b,0xdb,0x72,0x38,0x5b,0xdb,0x72,0x38,0x5b,0xdb,0x72,0x38,0x5b,
    0xdb,0x72,0x38,0x5b,0xdb,0x72,0x38,0x5b,0xdb,0x72,0x38,0x5b,0xdb,0x72,0x38,0x5b,
    0xdb,0x72,0x38,0x5b,0xdb,0x72,0x38,0x5b,0xdb,0x5d,0x38,0x5b,0xdb,0x31,0x38,0x5b,
    0xdb,0x31,0x37,0x5a,0xda,0x0d,0x00,0x00,0x00,0x00,0x00,0x00,0x00,0x00,0x00,0x00,
    0x00,0x00,0xc6,0xba,0x9d,0x89,0xdc,0xd4,0xc1,0xff,0xe6,0xe0,0xd1,0xff,0xd6,0xcc,
    0xb6,0xff,0xe3,0xdc,0xcd,0xff,0xe7,0xe1,0xd3,0xff,0x83,0xcf,0xdb,0xff,0x00,0xc3,
    0xf4,0xff,0x00,0xcc,0xff,0xff,0x00,0xcc,0xff,0xff,0x21,0xce,0xf8,0xff,0x93,0xd9,
    0xe2,0xff,0xda,0xdf,0xd5,0xff,0xe7,0xe1,0xd3,0xff,0xe7,0xe1,0xd3,0xff,0xe5,0xe0,
    0xd3,0xff,0xb0,0xd7,0xd7,0xff,0x49,0xc5,0xe0,0xff,0x00,0xb9,0xe7,0xff,0x00,0xb9,
    0xe7,0xff,0x00,0xbd,0xed,0xff,0x47,0xd1,0xf0,0xff,0xe5,0xe0,0xd3,0xff,0xe7,0xe1,
    0xd3,0xff,0xd6,0xcd,0xb7,0xff,0xe2,0xdb,0xcb,0xff,0xe4,0xde,0xcf,0xff,0xc8,0xbd,
    0xa1,0xd2,0xbb,0xaa,0x88,0x01,0x00,0x00,0x00,0x00,0x00,0x00,0x00,0x00,0x27,0x27,
    0x7e,0x25,0x31,0x31,0x94,0xff,0x6e,0x6b,0x97,0xff,0xcd,0xc4,0xae,0xff,0xd1,0xda,
    0xd0,0xff,0x02,0xbd,0xec,0xff,0x00,0xc8,0xfa,0xff,0x0b,0xc5,0xf2,0xff,0x38,0xc1,
    0xde,0xff,0x6b,0xcf,0xe0,0xff,0xcc,0xd5,0xc2,0xff,0xe8,0xe6,0xdb,0xff,0x76,0x76,
    0xc3,0xff,0x39,0x39,0xac,0xff,0x39,0x39,0xac,0xff,0x39,0x39,0xac,0xff,0x39,0x39,
    0xac,0xff,0x39,0x39,0xac,0xff,0xf0,0xef,0xed,0xff,0xd5,0xd5,0xbe,0xff,0x72,0xd0,
    0xde,0xff,0x4a,0xc5,0xde,0xff,0x1a,0xc1,0xe8,0xff,0x00,0xcc,0xff,0xff,0x02,0xbd,
    0xec,0xff,0x87,0xd2,0xdd,0xff,0xd4,0xcb,0xb7,0xff,0x9d,0x98,0x99,0xff,0x34,0x34,
    0x9e,0xff,0x2a,0x2a,0x7f,0x5b,0x00,0x00,0x00,0x00,0x00,0x00,0x00,0x00,0x00,0x00,
    0x00,0x00,0x00,0x00,0x00,0x00,0x00,0x00,0x00,0x00,0x00,0x00,0x00,0x00,0x00,0x00,
    0x00,0x00,0x00,0x00,0x00,0x00,0x00,0x00,0x00,0x00,0x00,0x00,0x00,0x00,0x00,0x00,
    0x00,0x00,0x00,0x00,0x00,0x00,0x00,0x00,0x00,0x00,0x00,0x00,0x00,0x00,0xf0,0xb5,
    0x31,0x34,0xf0,0xb5,0x31,0x34,0xf8,0xd3,0x7c,0xff,0xf6,0xcd,0x6f,0x99,0xf0,0xb5,
    0x31,0x34,0x00,0x00,0x00,0x00,0x00,0x00,0x00,0x00,0x00,0x00,0x00,0x00,0x00,0x00,
    0x00,0x00,0x00,0x00,0x00,0x00,0x00,0x00,0x00,0x00,0x00,0x00,0x00,0x00,0x00,0x00,
    0x00,0x00,0x00,0x00,0x00,0x00,0x00,0x00,0x00,0x00,0x00,0x00,0x00,0x00,0x00,0x00,
    0x00,0x00,0x00,0x00,0x00,0x00,0x00,0x00,0x00,0x00,0x00,0x00,0x00,0x00,0x00,0x00,
    0x00,0x00,0x00,0x00,0x00,0x00,0x00,0x00,0x00,0x00,0x00,0x00,0x00,0x00,0x00,0x00,
    0x00,0x00,0x00,0x00,0x00,0x00,0x00,0x00,0x00,0x00,0x00,0x00,0x00,0x00,0x00,0x00,
    0x00,0x00,0x00,0x00,0x00,0x00,0x00,0x00,0x00,0x00,0x00,0x00,0x00,0x00,0x37,0x37,
    0xaa,0xa3,0x37,0x37,0xaa,0xa3,0xca,0xca,0xe8,0xff,0x90,0x90,0xd0,0xd1,0x37,0x37,
    0xaa,0xa3,0x00,0x00,0x00,0x00,0x00,0x00,0x00,0x00,0x00,0x00,0x00,0x00,0x00,0x00,
    0x00,0x00,0x00,0x00,0x00,0x00,0x00,0x00,0x00,0x00,0x00,0x00,0x00,0x00,0x00,0x00,
    0x00,0x00,0x00,0x00,0x00,0x00,0x00,0x00,0x00,0x00,0x00,0x00,0x00,0x00,0x00,0x00,
    0x00,0x00,0x00,0x00,0x00,0x00,0x00,0x00,0x00,0x00,0x00,0x00,0x00,0x00,0x00,0x00,
    0x00,0x00,0x00,0x00,0x00,0x00,0x00,0x00,0x00,0x00,0x00,0x00,0x00,0x00,0x00,0x00,
    0x00,0x00,0x00,0x00,0x00,0x00,0x00,0x00,0x00,0x00,0x00,0x00,0x00,0x00,0x00,0x00,
    0x00,0x00,0x00,0x00,0x00,0x00,0x00,0x00,0x00,0x00,0xdb,0xf8,0xfe,0x2f,0xdb,0xf9,
    0xfe,0xab,0xdb,0xf8,0xfe,0x13,0x00,0x00,0x00,0x00,0x00,0x00,0x00,0x00,0xda,0xf8,
    0xfe,0x43,0xdb,0xf9,0xfe,0xa7,0x00,0x00,0x00,0x00,0x00,0x00,0x00,0x00,0x00,0x00,
    0x00,0x00,0x00,0x00,0x00,0x00,0x00,0x00,0x00,0x00,0x00,0x00,0x00,0x00,0x00,0x00,
    0x00,0x00,0x00,0x00,0x00,0x00,0x00,0x00,0x00,0x00,0x00,0x00,0x00,0x00,0x00,0x00,
    0x00,0x00,0x00,0x00,0x00,0x00,0x00,0x00,0x00,0x00,0x00,0x00,0x00,0x00,0x00,0x00,
    0x00,0x00,0x00,0x00,0x00,0x00,0x00,0x00,0x00,0x00,0x00,0x00,0x00,0x00,0x00,0x00,
    0x00,0x00,0x00,0x00,0x00,0x00,0x00,0x00,0x00,0x00,0x00,0x00,0x00,0x00,0x78,0xd5,
    0xfd,0x1f,0x79,0xd6,0xfe,0x6f,0x7a,0xd6,0xff,0xff,0x7a,0xd6,0xff,0xff,0x7a,0xd6,
    0xff,0xff,0x7a,0xd6,0xff,0xff,0x7a,0xd6,0xff,0xff,0x7a,0xd6,0xff,0xff,0x7a,0xd6,
    0xff,0xff,0x7a,0xd6,0xff,0xff,0x7a,0xd6,0xff,0xff,0x7a,0xd6,0xff,0xff,0x7a,0xd6,
    0xff,0xff,0x79,0xd6,0xfe,0x6f,0x78,0xd5,0xfd,0x1f,0x00,0x00,0x00,0x00,0x00,0x00,
    0x00,0x00,0x00,0x00,0x00,0x00,0x00,0x00,0x00,0x00,0x00,0x00,0x00,0x00,0x00,0x00,
    0x00,0x00,0x00,0x00,0x00,0x00,0x00,0x00,0x00,0x00,0x00,0x00,0x00,0x00,0x00,0x00,
    0x00,0x00,0x00,0x00,0x00,0x00,0x50,0x9e,0xfd,0x1a,0x51,0x9f,0xfe,0x5e,0x51,0x9f,
    0xfe,0xaf,0x52,0xa0,0xff,0xd8,0x52,0xa0,0xff,0xd8,0x52,0xa0,0xff,0xd8,0x52,0xa0,
    0xff,0xd8,0x52,0xa0,0xff,0xd8,0x52,0xa0,0xff,0xd8,0x52,0xa0,0xff,0xd8,0x52,0xa0,
    0xff,0xd8,0x52,0xa0,0xff,0xd8,0x52,0xa0,0xff,0xd8,0x52,0xa0,0xff,0xd8,0x52,0xa0,
    0xff,0xd8,0x52,0xa0,0xff,0xd8,0x52,0xa0,0xff,0xd8,0x52,0xa0,0xff,0xd8,0x52,0xa0,
    0xff,0xd8,0x52,0xa0,0xff,0xd8,0x52,0xa0,0xff,0xd8,0x52,0xa0,0xff,0xd8,0x52,0xa0,
    0xff,0xd8,0x51,0x9f,0xfe,0xaf,0x51,0x9f,0xfe,0x5e,0x50,0x9e,0xfd,0x1a,0x00,0x00,
    0x00,0x00,0x00,0x00,0x00,0x00,0x00,0x00,0x00,0x00,0x38,0x5b,0xdb,0x47,0x38,0x5b,
    0xdb,0x47,0x38,0x5b,0xdb,0x72,0x38,0x5b,0xdb,0x72,0x38,0x5b,0xdb,0x72,0x38,0x5b,
    0xdb,0x72,0x38,0x5b,0xdb,0x72,0x38,0x5b,0xdb,0x72,0x38,0x5b,0xdb,0x72,0x38,0x5b,
    0xdb,0x72,0x38,0x5b,0xdb,0x72,0x38,0x5b,0xdb,0x72,0x38,0x5b,0xdb,0x72,0x38,0x5b,
    0xdb,0x72,0x38,0x5b,0xdb,0x72,0x38,0x5b,0xdb,0x72,0x38,0x5b,0xdb,0x72,0x38,0x5b,
    0xdb,0x72,0x38,0x5b,0xdb,0x72,0x38,0x5b,0xdb,0x72,0x38,0x5b,0xdb,0x72,0x38,0x5b,
    0xdb,0x72,0x38,0x5b,0xdb,0x72,0x38,0x5b,0xdb,0x72,0x38,0x5b,0xdb,0x72,0x38,0x5b,
    0xdb,0x72,0x38,0x5b,0xdb,0x72,0x38,0x5b,0xdb,0x72,0x38,0x5b,0xdb,0x72,0x38,0x5b,
    0xdb,0x72,0x38,0x5b,0xdb,0x72,0x38,0x5b,0xdb,0x47,0x00,0x00,0x00,0x00,0xc4,0xb8,
    0x9a,0x17,0xcd,0xc3,0xa9,0xf5,0xe6,0xe0,0xd2,0xff,0xe6,0xe0,0xd1,0xff,0xd6,0xcc,
    0xb6,0xff,0xe3,0xdc,0xcc,0xff,0x98,0xd3,0xd9,0xff,0x02,0xb9,0xe6,0xff,0x00,0xb9,
    0xe7,0xff,0x07,0xc1,0xf0,0xff,0x7a,0xd6,0xe7,0xff,0xd9,0xd7,0xcc,0xff,0xa6,0x97,
    0x96,0xff,0x7a,0x66,0x6d,0xff,0x67,0x50,0x5b,0xff,0x67,0x50,0x5b,0xff,0x70,0x5a,
    0x63,0xff,0x95,0x84,0x86,0xff,0xd0,0xc7,0xbd,0xff,0xab,0xd6,0xd8,0xff,0x1a,0xc4,
    0xed,0xff,0x00,0xcb,0xfe,0xff,0x00,0xcc,0xff,0xff,0x5a,0xd4,0xed,0xff,0xe7,0xe1,
    0xd3,0xff,0xd6,0xcd,0xb7,0xff,0xe3,0xdc,0xcc,0xff,0xe7,0xe1,0xd3,0xff,0xd8,0xcf,
    0xb9,0xff,0xc5,0xb9,0x9c,0x40,0x00,0x00,0x00,0x00,0x00,0x00,0x00,0x00,0x2b,0x2b,
    0x7f,0x45,0x33,0x33,0x99,0xff,0x95,0x8f,0xb3,0xff,0xd7,0xce,0xb9,0xff,0xdb,0xdb,
    0xce,0xff,0x90,0xcd,0xd3,0xff,0xbd,0xd6,0xd0,0xff,0xe2,0xdc,0xcc,0xff,0xe5,0xdf,
    0xd0,0xff,0xe7,0xe1,0xd3,0xff,0xdd,0xd7,0xc0,0xff,0xe8,0xe6,0xdb,0xff,0x76,0x76,
    0xc3,0xff,0x39,0x39,0xac,0xff,0x39,0x39,0xac,0xff,0x39,0x39,0xac,0xff,0x39,0x39,
    0xac,0xff,0x39,0x39,0xac,0xff,0xf0,0xef,0xed,0xff,0xdb,0xd6,0xbe,0xff,0xe7,0xe1,
    0xd3,0xff,0xe6,0xe0,0xd2,0xff,0xe4,0xdd,0xce,0xff,0xcc,0xd8,0xce,0xff,0x9d,0xcf,
    0xd2,0xff,0xbc,0xd7,0xd3,0xff,0xd9,0xd0,0xbc,0xff,0xc9,0xc1,0xb7,0xff,0x37,0x37,
    0xa8,0xff,0x2b,0x2b,0x7f,0x73,0x00,0x00,0x00,0x00,0x00,0x00,0x00,0x00,0x00,0x00,
    0x00,0x00,0x00,0x00,0x00,0x00,0x00,0x00,0x00,0x00,0x00,0x00,0x00,0x00,0x00,0x00,
    0x00,0x00,0x00,0x00,0x00,0x00,0x00,0x00,0x00,0x00,0x00,0x00,0x00,0x00,0x00,0x00,
    0x00,0x00,0x00,0x00,0x00,0x00,0x00,0x00,0x00,0x00,0x00,0x00,0x00,0x00,0xf2,0xb7,
    0x35,0x3c,0xf2,0xb7,0x35,0x3c,0xf8,0xd4,0x82,0xff,0xf6,0xce,0x73,0x9d,0xf2,0xb7,
    0x35,0x3c,0x00,0x00,0x00,0x00,0x00,0x00,0x00,0x00,0x00,0x00,0x00,0x00,0x00,0x00,
    0x00,0x00,0x00,0x00,0x00,0x00,0x00,0x00,0x00,0x00,0x00,0x00,0x00,0x00,0x00,0x00,
    0x00,0x00,0x00,0x00,0x00,0x00,0x00,0x00,0x00,0x00,0x00,0x00,0x00,0x00,0x00,0x00,
    0x00,0x00,0x00,0x00,0x00,0x00,0x00,0x00,0x00,0x00,0x00,0x00,0x00,0x00,0x00,0x00,
    0x00,0x00,0x00,0x00,0x00,0x00,0x00,0x00,0x00,0x00,0x00,0x00,0x00,0x00,0x00,0x00,
    0x00,0x00,0x00,0x00,0x00,0x00,0x00,0x00,0x00,0x00,0x00,0x00,0x00,0x00,0x00,0x00,
    0x00,0x00,0x00,0x00,0x00,0x00,0x00,0x00,0x00,0x00,0x00,0x00,0x00,0x00,0x37,0x37,
    0xaa,0x9a,0x37,0x37,0xaa,0x9a,0xc4,0xc4,0xe6,0xff,0x8e,0x8e,0xcf,0xcc,0x37,0x37,
    0xaa,0x9a,0x00,0x00,0x00,0x00,0x00,0x00,0x00,0x00,0x00,0x00,0x00,0x00,0x00,0x00,
    0x00,0x00,0x00,0x00,0x00,0x00,0x00,0x00,0x00,0x00,0x00,0x00,0x00,0x00,0x00,0x00,
    0x00,0x00,0x00,0x00,0x00,0x00,0x00,0x00,0x00,0x00,0x00,0x00,0x00,0x00,0x00,0x00,
    0x00,0x00,0x00,0x00,0x00,0x00,0x00,0x00,0x00,0x00,0x00,0x00,0x00,0x00,0x00,0x00,
    0x00,0x00,0x00,0x00,0x00,0x00,0x00,0x00,0x00,0x00,0x00,0x00,0x00,0x00,0x00,0x00,
    0x00,0x00,0x00,0x00,0x00,0x00,0x00,0x00,0x00,0x00,0x00,0x00,0x00,0x00,0x00,0x00,
    0x00,0x00,0x00,0x00,0x00,0x00,0x00,0x00,0x00,0x00,0xdb,0xf9,0xfe,0x4f,0xdb,0xf9,
    0xff,0xff,0xdb,0xf9,0xfe,0xeb,0xdb,0xf9,0xfe,0x7f,0xdb,0xf9,0xfe,0x9f,0xdb,0xf9,
    0xff,0xff,0xdb,0xf9,0xfe,0xdf,0x00,0x00,0x00,0x00,0x00,0x00,0x00,0x00,0x00,0x00,
    0x00,0x00,0x00,0x00,0x00,0x00,0x00,0x00,0x00,0x00,0x00,0x00,0x00,0x00,0x00,0x00,
    0x00,0x00,0x00,0x00,0x00,0x00,0x00,0x00,0x00,0x00,0x00,0x00,0x00,0x00,0x00,0x00,
    0x00,0x00,0x00,0x00,0x00,0x00,0x00,0x00,0x00,0x00,0x00,0x00,0x00,0x00,0x00,0x00,
    0x00,0x00,0x00,0x00,0x00,0x00,0x00,0x00,0x00,0x00,0x00,0x00,0x00,0x00,0x00,0x00,
    0x00,0x00,0x78,0xd5,0xfd,0x1f,0x79,0xd6,0xfe,0x6f,0x79,0xd6,0xfe,0xcf,0x7a,0xd6,
    0xff,0xff,0x7a,0xd6,0xff,0xff,0x7a,0xd6,0xff,0xff,0x7a,0xd6,0xff,0xff,0x7a,0xd6,
    0xff,0xff,0x7a,0xd6,0xff,0xff,0x7a,0xd6,0xff,0xff,0x7a,0xd6,0xff,0xff,0x7a,0xd6,
    0xff,0xff,0x7a,0xd6,0xff,0xff,0x7a,0xd6,0xff,0xff,0x7a,0xd6,0xff,0xff,0x7a,0xd6,
    0xff,0xff,0x7a,0xd6,0xff,0xff,0x7a,0xd6,0xff,0xff,0x79,0xd6,0xfe,0xcf,0x79,0xd6,
    0xfe,0x6f,0x78,0xd5,0xfd,0x0f,0x00,0x00,0x00,0x00,0x00,0x00,0x00,0x00,0x00,0x00,
    0x00,0x00,0x00,0x00,0x00,0x00,0x00,0x00,0x00,0x00,0x00,0x00,0x00,0x00,0x51,0x9f,
    0xfe,0x87,0x51,0x9f,0xfe,0x87,0x52,0xa0,0xff,0xd8,0x52,0xa0,0xff,0xd8,0x52,0xa0,
    0xff,0xd8,0x52,0xa0,0xff,0xd8,0x52,0xa0,0xff,0xd8,0x52,0xa0,0xff,0xd8,0x52,0xa0,
    0xff,0xd8,0x52,0xa0,0xff,0xd8,0x52,0xa0,0xff,0xd8,0x52,0xa0,0xff,0xd8,0x52,0xa0,
    0xff,0xd8,0x52,0xa0,0xff,0xd8,0x52,0xa0,0xff,0xd8,0x52,0xa0,0xff,0xd8,0x52,0xa0,
    0xff,0xd8,0x52,0xa0,0xff,0xd8,0x52,0xa0,0xff,0xd8,0x52,0xa0,0xff,0xd8,0x52,0xa0,
    0xff,0xd8,0x52,0xa0,0xff,0xd8,0x52,0xa0,0xff,0xd8,0x52,0xa0,0xff,0xd8,0x52,0xa0,
    0xff,0xd8,0x52,0xa0,0xff,0xd8,0x52,0xa0,0xff,0xd8,0x52,0xa0,0xff,0xd8,0x51,0x9f,
    0xfe,0x87,0x00,0x00,0x00,0x00,0x00,0x00,0x00,0x00,0x38,0x5b,0xdb,0x47,0x38,0x5b,
    0xdb,0x47,0x38,0x5b,0xdb,0x72,0x38,0x5b,0xdb,0x72,0x38,0x5b,0xdb,0x72,0x38,0x5b,
    0xdb,0x72,0x38,0x5b,0xdb,0x72,0x38,0x5b,0xdb,0x72,0x38,0x5b,0xdb,0x72,0x38,0x5b,
    0xdb,0x72,0x38,0x5b,0xdb,0x72,0x38,0x5b,0xdb,0x72,0x38,0x5b,0xdb,0x72,0x38,0x5b,
    0xdb,0x72,0x38,0x5b,0xdb,0x72,0x38,0x5b,0xdb,0x72,0x38,0x5b,0xdb,0x72,0x38,0x5b,
    0xdb,0x72,0x38,0x5b,0xdb,0x72,0x38,0x5b,0xdb,0x72,0x38,0x5b,0xdb,0x72,0x38,0x5b,
    0xdb,0x72,0x38,0x5b,0xdb,0x72,0x38,0x5b,0xdb,0x72,0x38,0x5b,0xdb,0x72,0x38,0x5b,
    0xdb,0x72,0x38,0x5b,0xdb,0x72,0x38,0x5b,0xdb,0x72,0x38,0x5b,0xdb,0x72,0x38,0x5b,
    0xdb,0x72,0x38,0x5b,0xdb,0x72,0x38,0x5b,0xdb,0x47,0x00,0x00,0x00,0x00,0xc6,0xba,
    0x9c,0x71,0xdb,0xd2,0xbe,0xff,0xe7,0xe1,0xd3,0xff,0xe7,0xe1,0xd3,0xff,0xe7,0xe1,
    0xd3,0xff,0xda,0xde,0xd4,0xff,0x0e,0xbb,0xe5,0xff,0x00,0xb9,0xe7,0xff,0x01,0xb9,
    0xe6,0xff,0xa5,0xd5,0xd8,0xff,0xcc,0xc3,0xba,0xff,0x6a,0x53,0x5d,0xff,0x55,0x3c,
    0x4a,0xff,0x55,0x3c,0x4a,0xff,0x55,0x3c,0x4a,0xff,0x55,0x3c,0x4a,0xff,0x55,0x3c,
    0x4a,0xff,0x55,0x3c,0x4a,0xff,0x58,0x3f,0x4c,0xff,0xb3,0xa6,0xa2,0xff,0xcd,0xde,
    0xd7,0xff,0x13,0xcd,0xfb,0xff,0x00,0xcc,0xff,0xff,0x00,0xcc,0xff,0xff,0xa3,0xda,
    0xdf,0xff,0xe7,0xe1,0xd3,0xff,0xe7,0xe1,0xd3,0xff,0xe7,0xe1,0xd3,0xff,0xe5,0xde,
    0xcf,0xff,0xc7,0xbb,0x9e,0x8c,0x00,0x00,0x00,0x00,0x00,0x00,0x00,0x00,0x2a,0x2a,
    0x7f,0x63,0x34,0x34,0x9f,0xff,0x95,0x8f,0xb3,0xff,0xd7,0xce,0xb9,0xff,0xe4,0xdd,
    0xce,0xff,0xe7,0xe1,0xd3,0xff,0xe7,0xe1,0xd3,0xff,0xe7,0xe1,0xd3,0xff,0xe7,0xe1,
    0xd3,0xff,0xe7,0xe1,0xd3,0xff,0xdd,0xd7,0xc0,0xff,0xe8,0xe6,0xdb,0xff,0x76,0x76,
    0xc3,0xff,0x39,0x39,0xac,0xff,0x39,0x39,0xac,0xff,0x39,0x39,0xac,0xff,0x39,0x39,
    0xac,0xff,0x39,0x39,0xac,0xff,0xf0,0xef,0xed,0xff,0xdb,0xd6,0xbe,0xff,0xe7,0xe1,
    0xd3,0xff,0xe7,0xe1,0xd3,0xff,0xe7,0xe1,0xd3,0xff,0xe7,0xe1,0xd3,0xff,0xe7,0xe1,
    0xd3,0xff,0xe7,0xe1,0xd3,0xff,0xd9,0xd0,0xbc,0xff,0xc9,0xc1,0xb7,0xff,0x39,0x39,
    0xac,0xff,0x2b,0x2b,0x82,0x8a,0x00,0x00,0x00,0x00,0x00,0x00,0x00,0x00,0x00,0x00,
    0x00,0x00,0x00,0x00,0x00,0x00,0x00,0x00,0x00,0x00,0x00,0x00,0x00,0x00,0x00,0x00,
    0x00,0x00,0x00,0x00,0x00,0x00,0x00,0x00,0x00,0x00,0x00,0x00,0x00,0x00,0x00,0x00,
    0x00,0x00,0x00,0x00,0x00,0x00,0x00,0x00,0x00,0x00,0x00,0x00,0x00,0x00,0xf0,0xb8,
    0x33,0x48,0xf0,0xb8,0x33,0x48,0xf9,0xd7,0x8a,0xff,0xf7,0xd0,0x76,0xa3,0xf0,0xb8,
    0x33,0x48,0x00,0x00,0x00,0x00,0x00,0x00,0x00,0x00,0x00,0x00,0x00,0x00,0x00,0x00,
    0x00,0x00,0x00,0x00,0x00,0x00,0x00,0x00,0x00,0x00,0x00,0x00,0x00,0x00,0x00,0x00,
    0x00,0x00,0x00,0x00,0x00,0x00,0x00,0x00,0x00,0x00,0x00,0x00,0x00,0x00,0x00,0x00,
    0x00,0x00,0x00,0x00,0x00,0x00,0x00,0x00,0x00,0x00,0x00,0x00,0x00,0x00,0x00,0x00,
    0x00,0x00,0x00,0x00,0x00,0x00,0x00,0x00,0x00,0x00,0x00,0x00,0x00,0x00,0x00,0x00,
    0x00,0x00,0x00,0x00,0x00,0x00,0x00,0x00,0x00,0x00,0x00,0x00,0x00,0x00,0x00,0x00,
    0x00,0x00,0x00,0x00,0x00,0x00,0x00,0x00,0x00,0x00,0x00,0x00,0x00,0x00,0x37,0x37,
    0xa9,0x92,0x37,0x37,0xa9,0x92,0xbe,0xbe,0xe3,0xff,0x8d,0x8d,0xce,0xc8,0x37,0x37,
    0xa9,0x92,0x00,0x00,0x00,0x00,0x00,0x00,0x00,0x00,0x00,0x00,0x00,0x00,0x00,0x00,
    0x00,0x00,0x00,0x00,0x00,0x00,0x00,0x00,0x00,0x00,0x00,0x00,0x00,0x00,0x00,0x00,
    0x00,0x00,0x00,0x00,0x00,0x00,0x00,0x00,0x00,0x00,0x00,0x00,0x00,0x00,0x00,0x00,
    0x00,0x00,0x00,0x00,0x00,0x00,0x00,0x00,0x00,0x00,0x00,0x00,0x00,0x00,0x00,0x00,
    0x00,0x00,0x00,0x00,0x00,0x00,0x00,0x00,0x00,0x00,0x00,0x00,0x00,0x00,0x00,0x00,
    0x00,0x00,0x00,0x00,0x00,0x00,0x00,0x00,0x00,0x00,0x00,0x00,0x00,0x00,0x00,0x00,
    0x00,0x00,0x00,0x00,0x00,0x00,0x00,0x00,0x00,0x00,0xdb,0xf9,0xfe,0x6b,0xdb,0xf9,
    0xff,0xff,0xdb,0xf9,0xff,0xff,0xdb,0xf9,0xff,0xff,0xdb,0xf9,0xff,0xff,0xdb,0xf9,
    0xff,0xff,0xdb,0xf9,0xfe,0xf3,0x00,0x00,0x00,0x00,0x00,0x00,0x00,0x00,0x00,0x00,
    0x00,0x00,0x00,0x00,0x00,0x00,0x00,0x00,0x00,0x00,0x00,0x00,0x00,0x00,0x00,0x00,
    0x00,0x00,0x00,0x00,0x00,0x00,0x00,0x00,0x00,0x00,0x00,0x00,0x00,0x00,0x00,0x00,
    0x00,0x00,0x00,0x00,0x00,0x00,0x00,0x00,0x00,0x00,0x00,0x00,0x00,0x00,0x00,0x00,
    0x00,0x00,0x00,0x00,0x00,0x00,0x00,0x00,0x00,0x00,0x00,0x00,0x00,0x00,0x79,0xd6,
    0xfe,0x9f,0x7a,0xd6,0xff,0xff,0x7a,0xd6,0xff,0xff,0x7a,0xd6,0xff,0xff,0x7a,0xd6,
    0xff,0xff,0x7a,0xd6,0xff,0xff,0x7a,0xd6,0xff,0xff,0x7a,0xd6,0xff,0xff,0x7a,0xd6,
    0xff,0xff,0x7a,0xd6,0xff,0xff,0x7a,0xd6,0xff,0xff,0x7a,0xd6,0xff,0xff,0x7a,0xd6,
    0xff,0xff,0x7a,0xd6,0xff,0xff,0x7a,0xd6,0xff,0xff,0x7a,0xd6,0xff,0xff,0x7a,0xd6,
    0xff,0xff,0x7a,0xd6,0xff,0xff,0x7a,0xd6,0xff,0xff,0x7a,0xd6,0xff,0xff,0x7a,0xd6,
    0xff,0xff,0x7a,0xd6,0xfe,0xcf,0x00,0x00,0x00,0x00,0x00,0x00,0x00,0x00,0x00,0x00,
    0x00,0x00,0x00,0x00,0x00,0x00,0x00,0x00,0x00,0x00,0x00,0x00,0x00,0x00,0x4f,0x9d,
    0xfc,0x0c,0x4f,0x9d,0xfc,0x0c,0x51,0x9f,0xfe,0xaf,0x52,0xa0,0xff,0xd8,0x52,0xa0,
    0xff,0xd8,0x52,0xa0,0xff,0xd8,0x52,0xa0,0xff,0xd8,0x52,0xa0,0xff,0xd8,0x52,0xa0,
    0xff,0xd8,0x52,0xa0,0xff,0xd8,0x52,0xa0,0xff,0xd8,0x52,0xa0,0xff,0xd8,0x52,0xa0,
    0xff,0xd8,0x52,0xa0,0xff,0xd8,0x52,0xa0,0xff,0xd8,0x52,0xa0,0xff,0xd8,0x52,0xa0,
    0xff,0xd8,0x52,0xa0,0xff,0xd8,0x52,0xa0,0xff,0xd8,0x52,0xa0,0xff,0xd8,0x52,0xa0,
    0xff,0xd8,0x52,0xa0,0xff,0xd8,0x52,0xa0,0xff,0xd8,0x52,0xa0,0xff,0xd8,0x52,0xa0,
    0xff,0xd8,0x52,0xa0,0xff,0xd8,0x52,0xa0,0xff,0xd8,0x51,0xa0,0xfe,0xcb,0x4f,0x9d,
    0xfc,0x0c,0x00,0x00,0x00,0x00,0x00,0x00,0x00,0x00,0x36,0x59,0xd9,0x06,0x36,0x59,
    0xd9,0x06,0x38,0x5b,0xdb,0x5d,0x38,0x5b,0xdb,0x72,0x38,0x5b,0xdb,0x72,0x38,0x5b,
    0xdb,0x72,0x38,0x5b,0xdb,0x72,0x38,0x5b,0xdb,0x72,0x38,0x5b,0xdb,0x72,0x38,0x5b,
    0xdb,0x72,0x38,0x5b,0xdb,0x72,0x38,0x5b,0xdb,0x72,0x38,0x5b,0xdb,0x72,0x38,0x5b,
    0xdb,0x72,0x38,0x5b,0xdb,0x72,0x38,0x5b,0xdb,0x72,0x38,0x5b,0xdb,0x72,0x38,0x5b,
    0xdb,0x72,0x38,0x5b,0xdb,0x72,0x38,0x5b,0xdb,0x72,0x38,0x5b,0xdb,0x72,0x38,0x5b,
    0xdb,0x72,0x38,0x5b,0xdb,0x72,0x38,0x5b,0xdb,0x72,0x38,0x5b,0xdb,0x72,0x38,0x5b,
    0xdb,0x72,0x38,0x5b,0xdb,0x72,0x38,0x5b,0xdb,0x72,0x38,0x5b,0xdb,0x72,0x38,0x5b,
    0xdb,0x72,0x38,0x5b,0xdb,0x6b,0x36,0x59,0xd9,0x06,0x00,0x00,0x00,0x00,0xc6,0xba,
    0x9d,0xb3,0xe4,0xdd,0xce,0xff,0xe7,0xe1,0xd3,0xff,0xe7,0xe1,0xd3,0xff,0xe7,0xe1,
    0xd3,0xff,0x7f,0xcf,0xdb,0xff,0x00,0xb9,0xe7,0xff,0x00,0xb9,0xe7,0xff,0x67,0xca,
    0xdd,0xff,0xd4,0xcc,0xc1,0xff,0x60,0x48,0x54,0xff,0x55,0x3c,0x4a,0xff,0x55,0x3c,
    0x4a,0xff,0x55,0x3c,0x4a,0xff,0x55,0x3c,0x4a,0xff,0x55,0x3c,0x4a,0xff,0x55,0x3c,
    0x4a,0xff,0x55,0x3c,0x4a,0xff,0x55,0x3c,0x4a,0xff,0x56,0x3d,0x4b,0xff,0xb9,0xae,
    0xa8,0xff,0xa1,0xda,0xe0,0xff,0x00,0xcc,0xff,0xff,0x00,0xcc,0xff,0xff,0x37,0xd0,
    0xf4,0xff,0xe7,0xe1,0xd3,0xff,0xe7,0xe1,0xd3,0xff,0xe7,0xe1,0xd3,0xff,0xe7,0xe1,
    0xd3,0xff,0xce,0xc4,0xaa,0xc4,0x00,0x00,0x00,0x00,0x00,0x00,0x00,0x00,0x2a,0x2a,
    0x7f,0x86,0x36,0x36,0xa5,0xff,0x95,0x8f,0xb3,0xff,0xd7,0xce,0xb9,0xff,0xe4,0xdd,
    0xce,0xff,0xe7,0xe1,0xd3,0xff,0xe7,0xe1,0xd3,0xff,0xe7,0xe1,0xd3,0xff,0xe7,0xe1,
    0xd3,0xff,0xe7,0xe1,0xd3,0xff,0xdd,0xd7,0xc0,0xff,0xe8,0xe6,0xdb,0xff,0x76,0x76,
    0xc3,0xff,0x39,0x39,0xac,0xff,0x39,0x39,0xac,0xff,0x39,0x39,0xac,0xff,0x39,0x39,
    0xac,0xff,0x39,0x39,0xac,0xff,0xf0,0xef,0xed,0xff,0xdb,0xd6,0xbe,0xff,0xe7,0xe1,
    0xd3,0xff,0xe7,0xe1,0xd3,0xff,0xe7,0xe1,0xd3,0xff,0xe7,0xe1,0xd3,0xff,0xe7,0xe1,
    0xd3,0xff,0xe7,0xe1,0xd3,0xff,0xd9,0xd0,0xbc,0xff,0xc9,0xc1,0xb7,0xff,0x39,0x39,
    0xac,0xff,0x2d,0x2d,0x89,0xa4,0x00,0x00,0x00,0x00,0x00,0x00,0x00,0x00,0x00,0x00,
    0x00,0x00,0x00,0x00,0x00,0x00,0x00,0x00,0x00,0x00,0x00,0x00,0x00,0x00,0x00,0x00,
    0x00,0x00,0x00,0x00,0x00,0x00,0x00,0x00,0x00,0x00,0x00,0x00,0x00,0x00,0x00,0x00,
    0x00,0x00,0x00,0x00,0x00,0x00,0x00,0x00,0x00,0x00,0x00,0x00,0x00,0x00,0xf2,0xb7,
    0x33,0x53,0xf2,0xb7,0x33,0x53,0xf9,0xda,0x92,0xff,0xf7,0xd1,0x7a,0xa9,0xf2,0xb7,
    0x33,0x53,0x00,0x00,0x00,0x00,0x00,0x00,0x00,0x00,0x00,0x00,0x00,0x00,0x00,0x00,
    0x00,0x00,0x00,0x00,0x00,0x00,0x00,0x00,0x00,0x00,0x00,0x00,0x00,0x00,0x00,0x00,
    0x00,0x00,0x00,0x00,0x00,0x00,0x00,0x00,0x00,0x00,0x00,0x00,0x00,0x00,0x00,0x00,
    0x00,0x00,0x00,0x00,0x00,0x00,0x00,0x00,0x00,0x00,0x00,0x00,0x00,0x00,0x00,0x00,
    0x00,0x00,0x00,0x00,0x00,0x00,0x00,0x00,0x00,0x00,0x00,0x00,0x00,0x00,0x00,0x00,
    0x00,0x00,0x00,0x00,0x00,0x00,0x00,0x00,0x00,0x00,0x00,0x00,0x00,0x00,0x00,0x00,
    0x00,0x00,0x00,0x00,0x00,0x00,0x00,0x00,0x00,0x00,0x00,0x00,0x00,0x00,0x36,0x36,
    0xa9,0x86,0x36,0x36,0xa9,0x86,0xb7,0xb7,0xe0,0xff,0x8a,0x8a,0xcd,0xc2,0x36,0x36,
    0xa9,0x86,0x00,0x00,0x00,0x00,0x00,0x00,0x00,0x00,0x00,0x00,0x00,0x00,0x00,0x00,
    0x00,0x00,0x00,0x00,0x00,0x00,0x00,0x00,0x00,0x00,0x00,0x00,0x00,0x00,0x00,0x00,
    0x00,0x00,0x00,0x00,0x00,0x00,0x00,0x00,0x00,0x00,0x00,0x00,0x00,0x00,0x00,0x00,
    0x00,0x00,0x00,0x00,0x00,0x00,0x00,0x00,0x00,0x00,0x00,0x00,0x00,0x00,0x00,0x00,
    0x00,0x00,0x00,0x00,0x00,0x00,0x00,0x00,0x00,0x00,0x00,0x00,0x00,0x00,0x00,0x00,
    0x00,0x00,0x00,0x00,0x00,0x00,0x00,0x00,0x00,0x00,0x00,0x00,0x00,0x00,0x00,0x00,
    0x00,0x00,0xda,0xf8,0xfe,0x23,0xdb,0xf9,0xfe,0x7b,0xdb,0xf9,0xfe,0xdb,0xdb,0xf9,
    0xff,0xff,0xdb,0xf9,0xff,0xff,0xdb,0xf9,0xff,0xff,0xdb,0xf9,0xff,0xff,0xdb,0xf9,
    0xff,0xff,0xdb,0xf9,0xff,0xff,0xdb,0xf9,0xfe,0xa3,0xdb,0xf8,0xfe,0x4f,0xd9,0xf7,
    0xfd,0x07,0x00,0x00,0x00,0x00,0x00,0x00,0x00,0x00,0x00,0x00,0x00,0x00,0x00,0x00,
    0x00,0x00,0x00,0x00,0x00,0x00,0x00,0x00,0x00,0x00,0x00,0x00,0x00,0x00,0x00,0x00,
    0x00,0x00,0x00,0x00,0x00,0x00,0x00,0x00,0x00,0x00,0x00,0x00,0x00,0x00,0x00,0x00,
    0x00,0x00,0x00,0x00,0x00,0x00,0x00,0x00,0x00,0x00,0x00,0x00,0x00,0x00,0x77,0xd3,
    0xfb,0x0f,0x79,0xd6,0xfe,0xcf,0x7a,0xd6,0xff,0xff,0x7a,0xd6,0xff,0xff,0x7a,0xd6,
    0xff,0xff,0x7a,0xd6,0xff,0xff,0x7a,0xd6,0xff,0xff,0x7a,0xd6,0xff,0xff,0x7a,0xd6,
    0xff,0xff,0x7a,0xd6,0xff,0xff,0x7a,0xd6,0xff,0xff,0x7a,0xd6,0xff,0xff,0x7a,0xd6,
    0xff,0xff,0x7a,0xd6,0xff,0xff,0x7a,0xd6,0xff,0xff,0x7a,0xd6,0xff,0xff,0x7a,0xd6,
    0xff,0xff,0x7a,0xd6,0xff,0xff,0x7a,0xd6,0xff,0xff,0x7a,0xd6,0xff,0xff,0x7a,0xd6,
    0xff,0xff,0x79,0xd6,0xfe,0x7f,0x00,0x00,0x00,0x00,0x00,0x00,0x00,0x00,0x00,0x00,
    0x00,0x00,0x00,0x00,0x00,0x00,0x00,0x00,0x00,0x00,0x00,0x00,0x00,0x00,0x4f,0x9d,
    0xfc,0x0c,0x4f,0x9d,0xfc,0x0c,0x51,0x9f,0xfe,0xaf,0x52,0xa0,0xff,0xd8,0x52,0xa0,
    0xff,0xd8,0x52,0xa0,0xff,0xd8,0x52,0xa0,0xff,0xd8,0x52,0xa0,0xff,0xd8,0x52,0xa0,
    0xff,0xd8,0x52,0xa0,0xff,0xd8,0x52,0xa0,0xff,0xd8,0x52,0xa0,0xff,0xd8,0x52,0xa0,
    0xff,0xd8,0x52,0xa0,0xff,0xd8,0x52,0xa0,0xff,0xd8,0x52,0xa0,0xff,0xd8,0x52,0xa0,
    0xff,0xd8,0x52,0xa0,0xff,0xd8,0x52,0xa0,0xff,0xd8,0x52,0xa0,0xff,0xd8,0x52,0xa0,
    0xff,0xd8,0x52,0xa0,0xff,0xd8,0x52,0xa0,0xff,0xd8,0x52,0xa0,0xff,0xd8,0x52,0xa0,
    0xff,0xd8,0x52,0xa0,0xff,0xd8,0x52,0xa0,0xff,0xd8,0x51,0xa0,0xfe,0xcb,0x4f,0x9d,
    0xfc,0x0c,0x00,0x00,0x00,0x00,0x00,0x00,0x00,0x00,0x00,0x00,0x00,0x00,0x00,0x00,
    0x00,0x00,0x36,0x59,0xd9,0x06,0x38,0x5b,0xdb,0x64,0x38,0x5b,0xdb,0x72,0x38,0x5b,
    0xdb,0x72,0x38,0x5b,0xdb,0x72,0x38,0x5b,0xdb,0x72,0x38,0x5b,0xdb,0x72,0x38,0x5b,
    0xdb,0x72,0x38,0x5b,0xdb,0x72,0x38,0x5b,0xdb,0x72,0x38,0x5b,0xdb,0x72,0x38,0x5b,
    0xdb,0x72,0x38,0x5b,0xdb,0x72,0x38,0x5b,0xdb,0x72,0x38,0x5b,0xdb,0x72,0x38,0x5b,
    0xdb,0x72,0x38,0x5b,0xdb,0x72,0x38,0x5b,0xdb,0x72,0x38,0x5b,0xdb,0x72,0x38,0x5b,
    0xdb,0x72,0x38,0x5b,0xdb,0x72,0x38,0x5b,0xdb,0x72,0x38,0x5b,0xdb,0x72,0x38,0x5b,
    0xdb,0x72,0x38,0x5b,0xdb,0x72,0x38,0x5b,0xdb,0x72,0x38,0x5b,0xdb,0x6b,0x38,0x5b,
    0xdb,0x6b,0x37,0x5b,0xdb,0x15,0x00,0x00,0x00,0x00,0x00,0x00,0x00,0x00,0xca,0xbf,
    0xa4,0xe0,0xe7,0xe1,0xd3,0xff,0xe7,0xe1,0xd3,0xff,0xe7,0xe1,0xd3,0xff,0xe7,0xe1,
    0xd3,0xff,0x3c,0xc3,0xe1,0xff,0x00,0xb9,0xe7,0xff,0x00,0xb9,0xe7,0xff,0xd2,0xdd,
    0xd4,0xff,0x8e,0x7d,0x80,0xff,0x55,0x3c,0x4a,0xff,0x55,0x3c,0x4a,0xff,0x55,0x3c,
    0x4a,0xff,0x55,0x3c,0x4a,0xff,0x55,0x3c,0x4a,0xff,0x55,0x3c,0x4a,0xff,0x55,0x3c,
    0x4a,0xff,0x55,0x3c,0x4a,0xff,0x55,0x3c,0x4a,0xff,0x55,0x3c,0x4a,0xff,0x6a,0x53,
    0x5d,0xff,0xe7,0xe1,0xd3,0xff,0x24,0xcf,0xf7,0xff,0x00,0xcc,0xff,0xff,0x00,0xcc,
    0xff,0xff,0xd6,0xdf,0xd6,0xff,0xe7,0xe1,0xd3,0xff,0xe7,0xe1,0xd3,0xff,0xe7,0xe1,
    0xd3,0xff,0xd2,0xc8,0xb1,0xe8,0x00,0x00,0x00,0x00,0x00,0x00,0x00,0x00,0x2b,0x2b,
    0x7f,0xa1,0x38,0x38,0xaa,0xff,0x95,0x8f,0xb3,0xff,0xd7,0xce,0xb9,0xff,0xe4,0xdd,
    0xce,0xff,0xe7,0xe1,0xd3,0xff,0xe7,0xe1,0xd3,0xff,0xe7,0xe1,0xd3,0xff,0xe7,0xe1,
    0xd3,0xff,0xe7,0xe1,0xd3,0xff,0xdd,0xd7,0xc0,0xff,0xe8,0xe6,0xdb,0xff,0x79,0x76,
    0xbb,0xff,0x42,0x3a,0x8b,0xff,0x42,0x3a,0x8b,0xff,0x42,0x3a,0x8b,0xff,0x42,0x3a,
    0x8b,0xff,0x3e,0x39,0x98,0xff,0xef,0xef,0xed,0xff,0xdb,0xd6,0xbe,0xff,0xe7,0xe1,
    0xd3,0xff,0xe7,0xe1,0xd3,0xff,0xe7,0xe1,0xd3,0xff,0xe7,0xe1,0xd3,0xff,0xe7,0xe1,
    0xd3,0xff,0xe7,0xe1,0xd3,0xff,0xd9,0xd0,0xbc,0xff,0xc9,0xc1,0xb7,0xff,0x39,0x39,
    0xac,0xff,0x2f,0x2f,0x8d,0xb8,0x00,0x00,0x00,0x00,0x00,0x00,0x00,0x00,0x00,0x00,
    0x00,0x00,0x00,0x00,0x00,0x00,0x00,0x00,0x00,0x00,0x00,0x00,0x00,0x00,0x00,0x00,
    0x00,0x00,0x00,0x00,0x00,0x00,0x00,0x00,0x00,0x00,0x00,0x00,0x00,0x00,0x00,0x00,
    0x00,0x00,0x00,0x00,0x00,0x00,0x00,0x00,0x00,0x00,0x00,0x00,0x00,0x00,0xf2,0xb8,
    0x32,0x5f,0xf2,0xb8,0x32,0x5f,0xf9,0xdc,0x9a,0xff,0xf7,0xd2,0x7e,0xaf,0xf2,0xb8,
    0x32,0x5f,0x00,0x00,0x00,0x00,0x00,0x00,0x00,0x00,0x00,0x00,0x00,0x00,0x00,0x00,
    0x00,0x00,0x00,0x00,0x00,0x00,0x00,0x00,0x00,0x00,0x00,0x00,0x00,0x00,0x00,0x00,
    0x00,0x00,0x00,0x00,0x00,0x00,0x00,0x00,0x00,0x00,0x00,0x00,0x00,0x00,0x00,0x00,
    0x00,0x00,0x00,0x00,0x00,0x00,0x00,0x00,0x00,0x00,0x00,0x00,0x00,0x00,0x00,0x00,
    0x00,0x00,0x00,0x00,0x00,0x00,0x00,0x00,0x00,0x00,0x00,0x00,0x00,0x00,0x00,0x00,
    0x00,0x00,0x00,0x00,0x00,0x00,0x00,0x00,0x00,0x00,0x00,0x00,0x00,0x00,0x00,0x00,
    0x00,0x00,0x00,0x00,0x00,0x00,0x00,0x00,0x00,0x00,0x00,0x00,0x00,0x00,0x37,0x37,
    0xaa,0x7b,0x37,0x37,0xaa,0x7b,0xaf,0xaf,0xdd,0xff,0x87,0x87,0xcc,0xbd,0x37,0x37,
    0xaa,0x7b,0x00,0x00,0x00,0x00,0x00,0x00,0x00,0x00,0x00,0x00,0x00,0x00,0x00,0x00,
    0x00,0x00,0x00,0x00,0x00,0x00,0x00,0x00,0x00,0x00,0x00,0x00,0x00,0x00,0x00,0x00,
    0x00,0x00,0x00,0x00,0x00,0x00,0x00,0x00,0x00,0x00,0x00,0x00,0x00,0x00,0x00,0x00,
    0x00,0x00,0x00,0x00,0x00,0x00,0x00,0x00,0x00,0x00,0x00,0x00,0x00,0x00,0x00,0x00,
    0x00,0x00,0x00,0x00,0x00,0x00,0x00,0x00,0x00,0x00,0x00,0x00,0x00,0x00,0x00,0x00,
    0x00,0x00,0x00,0x00,0x00,0x00,0x00,0x00,0x00,0x00,0x00,0x00,0x00,0x00,0xda,0xf8,
    0xfe,0x57,0xdb,0xf9,0xfe,0xf3,0xdb,0xf9,0xff,0xff,0xdb,0xf9,0xff,0xff,0xdb,0xf9,
    0xff,0xff,0xdb,0xf9,0xff,0xff,0xdb,0xf9,0xff,0xff,0xdb,0xf9,0xff,0xff,0xdb,0xf9,
    0xff,0xff,0xdb,0xf9,0xff,0xff,0xdb,0xf9,0xff,0xff,0xdb,0xf9,0xff,0xff,0xdb,0xf9,
    0xfe,0xa7,0x00,0x00,0x00,0x00,0x00,0x00,0x00,0x00,0x00,0x00,0x00,0x00,0x00,0x00,
    0x00,0x00,0x00,0x00,0x00,0x00,0x00,0x00,0x00,0x00,0x00,0x00,0x00,0x00,0x00,0x00,
    0x00,0x00,0x00,0x00,0x00,0x00,0x00,0x00,0x00,0x00,0x00,0x00,0x00,0x00,0x00,0x00,
    0x00,0x00,0x00,0x00,0x00,0x00,0x00,0x00,0x00,0x00,0x00,0x00,0x00,0x00,0x00,0x00,
    0x00,0x00,0x77,0xd3,0xfb,0x0f,0x79,0xd6,0xfe,0xdf,0x7a,0xd6,0xff,0xff,0x7a,0xd6,
    0xff,0xff,0x7a,0xd6,0xff,0xff,0x7a,0xd6,0xff,0xff,0x7a,0xd6,0xff,0xff,0x7a,0xd6,
    0xff,0xff,0x7a,0xd6,0xff,0xff,0x7a,0xd6,0xff,0xff,0x7a,0xd6,0xff,0xff,0x7a,0xd6,
    0xff,0xff,0x7a,0xd6,0xff,0xff,0x7a,0xd6,0xff,0xff,0x7a,0xd6,0xff,0xff,0x7a,0xd6,
    0xff,0xff,0x7a,0xd6,0xff,0xff,0x7a,0xd6,0xff,0xff,0x7a,0xd6,0xff,0xff,0x7a,0xd6,
    0xfe,0xef,0x79,0xd5,0xfd,0x17,0x00,0x00,0x00,0x00,0x00,0x00,0x00,0x00,0x00,0x00,
    0x00,0x00,0x00,0x00,0x00,0x00,0x00,0x00,0x00,0x00,0x00,0x00,0x00,0x00,0x00,0x00,
    0x00,0x00,0x00,0x00,0x00,0x00,0x4f,0x9d,0xfc,0x0c,0x51,0x9f,0xfe,0xbd,0x52,0xa0,
    0xff,0xd8,0x52,0xa0,0xff,0xd8,0x52,0xa0,0xff,0xd8,0x52,0xa0,0xff,0xd8,0x52,0xa0,
    0xff,0xd8,0x52,0xa0,0xff,0xd8,0x52,0xa0,0xff,0xd8,0x52,0xa0,0xff,0xd8,0x52,0xa0,
    0xff,0xd8,0x52,0xa0,0xff,0xd8,0x52,0xa0,0xff,0xd8,0x52,0xa0,0xff,0xd8,0x52,0xa0,
    0xff,0xd8,0x52,0xa0,0xff,0xd8,0x52,0xa0,0xff,0xd8,0x52,0xa0,0xff,0xd8,0x52,0xa0,
    0xff,0xd8,0x52,0xa0,0xff,0xd8,0x52,0xa0,0xff,0xd8,0x52,0xa0,0xff,0xd8,0x52,0xa0,
    0xff,0xd8,0x52,0xa0,0xff,0xd8,0x51,0xa0,0xfe,0xcb,0x51,0x9f,0xfd,0x27,0x00,0x00,
    0x00,0x00,0x00,0x00,0x00,0x00,0x00,0x00,0x00,0x00,0x00,0x00,0x00,0x00,0x00,0x00,
    0x00,0x00,0x00,0x00,0x00,0x00,0x37,0x5b,0xdb,0x15,0x38,0x5b,0xdb,0x6b,0x38,0x5b,
    0xdb,0x6b,0x38,0x5b,0xdb,0x72,0x38,0x5b,0xdb,0x72,0x38,0x5b,0xdb,0x72,0x38,0x5b,
    0xdb,0x72,0x38,0x5b,0xdb,0x72,0x38,0x5b,0xdb,0x72,0x38,0x5b,0xdb,0x72,0x38,0x5b,
    0xdb,0x72,0x38,0x5b,0xdb,0x72,0x38,0x5b,0xdb,0x72,0x38,0x5b,0xdb,0x72,0x38,0x5b,
    0xdb,0x72,0x38,0x5b,0xdb,0x72,0x38,0x5b,0xdb,0x72,0x38,0x5b,0xdb,0x72,0x38,0x5b,
    0xdb,0x72,0x38,0x5b,0xdb,0x72,0x38,0x5b,0xdb,0x72,0x38,0x5b,0xdb,0x72,0x38,0x5b,
    0xdb,0x72,0x38,0x5b,0xdb,0x72,0x38,0x5b,0xdb,0x6b,0x37,0x5b,0xdb,0x15,0x37,0x5b,
    0xdb,0x15,0x00,0x00,0x00,0x00,0x00,0x00,0x00,0x00,0x00,0x00,0x00,0x00,0xcd,0xc2,
    0xa8,0xf0,0xe7,0xe1,0xd3,0xff,0xe8,0xe2,0xd5,0xff,0xe7,0xe2,0xd4,0xff,0xe7,0xe1,
    0xd3,0xff,0x1c,0xbe,0xe4,0xff,0x00,0xb9,0xe7,0xff,0x17,0xbd,0xe4,0xff,0xe7,0xe1,
    0xd3,0xff,0x6b,0x55,0x5e,0xff,0x55,0x3c,0x4a,0xff,0x55,0x3c,0x4a,0xff,0x55,0x3c,
    0x4a,0xff,0x55,0x3c,0x4a,0xff,0x55,0x3c,0x4a,0xff,0x55,0x3c,0x4a,0xff,0x55,0x3c,
    0x4a,0xff,0x55,0x3c,0x4a,0xff,0x55,0x3c,0x4a,0xff,0x55,0x3c,0x4a,0xff,0x55,0x3c,
    0x4a,0xff,0xd8,0xd0,0xc5,0xff,0x51,0xd3,0xef,0xff,0x00,0xcc,0xff,0xff,0x00,0xcc,
    0xff,0xff,0xb6,0xdc,0xdc,0xff,0xe7,0xe1,0xd3,0xff,0xe8,0xe3,0xd6,0xff,0xe7,0xe1,
    0xd3,0xff,0xd4,0xca,0xb4,0xfb,0x00,0x00,0x00,0x00,0x00,0x00,0x00,0x00,0x2b,0x2b,
    0x83,0xbd,0x39,0x39,0xac,0xff,0x93,0x8e,0xb2,0xff,0xc2,0xbb,0xa4,0xff,0xbf,0xba,
    0xa4,0xf7,0xde,0xd8,0xc8,0xff,0xe7,0xe1,0xd3,0xff,0xe7,0xe1,0xd3,0xff,0xe7,0xe1,
    0xd3,0xff,0xe7,0xe1,0xd3,0xff,0xde,0xd9,0xc3,0xff,0xe5,0xe2,0xd5,0xff,0x8c,0x88,
    0xbc,0xff,0x55,0x3c,0x4a,0xff,0x55,0x3c,0x4a,0xff,0x55,0x3c,0x4a,0xff,0x55,0x3c,
    0x4a,0xff,0x59,0x4c,0x80,0xff,0xed,0xec,0xe6,0xff,0xdc,0xd7,0xc0,0xff,0xe7,0xe1,
    0xd3,0xff,0xe7,0xe1,0xd3,0xff,0xe7,0xe1,0xd3,0xff,0xe7,0xe1,0xd3,0xff,0xe4,0xde,
    0xd0,0xff,0xc9,0xc4,0xb0,0xff,0xbd,0xb6,0x9e,0xf9,0xc4,0xbd,0xb2,0xff,0x39,0x39,
    0xac,0xff,0x2f,0x2f,0x8f,0xcd,0x00,0x00,0x00,0x00,0x00,0x00,0x00,0x00,0x00,0x00,
    0x00,0x00,0x00,0x00,0x00,0x00,0x00,0x00,0x00,0x00,0x00,0x00,0x00,0x00,0x00,0x00,
    0x00,0x00,0x00,0x00,0x00,0x00,0x00,0x00,0x00,0x00,0x00,0x00,0x00,0x00,0x00,0x00,
    0x00,0x00,0x00,0x00,0x00,0x00,0x00,0x00,0x00,0x00,0x00,0x00,0x00,0x00,0xf2,0xb7,
    0x31,0x67,0xf2,0xb7,0x31,0x67,0xfa,0xdf,0xa0,0xff,0xf7,0xd3,0x80,0xb3,0xf2,0xb7,
    0x31,0x67,0x00,0x00,0x00,0x00,0x00,0x00,0x00,0x00,0x00,0x00,0x00,0x00,0x00,0x00,
    0x00,0x00,0x00,0x00,0x00,0x00,0x00,0x00,0x00,0x00,0x00,0x00,0x00,0x00,0x00,0x00,
    0x00,0x00,0x00,0x00,0x00,0x00,0x00,0x00,0x00,0x00,0x00,0x00,0x00,0x00,0x00,0x00,
    0x00,0x00,0x00,0x00,0x00,0x00,0x00,0x00,0x00,0x00,0x00,0x00,0x00,0x00,0x00,0x00,
    0x00,0x00,0x00,0x00,0x00,0x00,0x00,0x00,0x00,0x00,0x00,0x00,0x00,0x00,0x00,0x00,
    0x00,0x00,0x00,0x00,0x00,0x00,0x00,0x00,0x00,0x00,0x00,0x00,0x00,0x00,0x00,0x00,
    0x00,0x00,0x00,0x00,0x00,0x00,0x00,0x00,0x00,0x00,0x00,0x00,0x00,0x00,0x35,0x35,
    0xa8,0x70,0x35,0x35,0xa8,0x70,0xa7,0xa7,0xda,0xff,0x84,0x84,0xca,0xb7,0x35,0x35,
    0xa8,0x70,0x00,0x00,0x00,0x00,0x00,0x00,0x00,0x00,0x00,0x00,0x00,0x00,0x00,0x00,
    0x00,0x00,0x00,0x00,0x00,0x00,0x00,0x00,0x00,0x00,0x00,0x00,0x00,0x00,0x00,0x00,
    0x00,0x00,0x00,0x00,0x00,0x00,0x00,0x00,0x00,0x00,0x00,0x00,0x00,0x00,0x00,0x00,
    0x00,0x00,0x00,0x00,0x00,0x00,0x00,0x00,0x00,0x00,0x00,0x00,0x00,0x00,0x00,0x00,
    0x00,0x00,0x00,0x00,0x00,0x00,0x00,0x00,0x00,0x00,0x00,0x00,0x00,0x00,0x00,0x00,
    0x00,0x00,0x00,0x00,0x00,0x00,0x00,0x00,0x00,0x00,0x00,0x00,0x00,0x00,0x00,0x00,
    0x00,0x00,0xda,0xf8,0xfd,0x47,0xdb,0xf9,0xfe,0xfb,0xdb,0xf9,0xff,0xff,0xdb,0xf9,
    0xff,0xff,0xdb,0xf9,0xff,0xff,0xdb,0xf9,0xff,0xff,0xdb,0xf9,0xff,0xff,0xdb,0xf9,
    0xff,0xff,0xdb,0xf9,0xff,0xff,0xdb,0xf9,0xff,0xff,0xdb,0xf9,0xfe,0xc3,0xda,0xf8,
    0xfd,0x0b,0x00,0x00,0x00,0x00,0x00,0x00,0x00,0x00,0x00,0x00,0x00,0x00,0x00,0x00,
    0x00,0x00,0x00,0x00,0x00,0x00,0x00,0x00,0x00,0x00,0x00,0x00,0x00,0x00,0x00,0x00,
    0x00,0x00,0x00,0x00,0x00,0x00,0x00,0x00,0x00,0x00,0x00,0x00,0x00,0x00,0x00,0x00,
    0x00,0x00,0x00,0x00,0x00,0x00,0x00,0x00,0x00,0x00,0x00,0x00,0x00,0x00,0x00,0x00,
    0x00,0x00,0x00,0x00,0x00,0x00,0x79,0xd5,0xfd,0x2f,0x7a,0xd6,0xfe,0xef,0x7a,0xd6,
    0xff,0xff,0x7a,0xd6,0xff,0xff,0x7a,0xd6,0xff,0xff,0x7a,0xd6,0xff,0xff,0x7a,0xd6,
    0xff,0xff,0x7a,0xd6,0xff,0xff,0x7a,0xd6,0xff,0xff,0x7a,0xd6,0xff,0xff,0x7a,0xd6,
    0xff,0xff,0x7a,0xd6,0xff,0xff,0x7a,0xd6,0xff,0xff,0x7a,0xd6,0xff,0xff,0x7a,0xd6,
    0xff,0xff,0x7a,0xd6,0xff,0xff,0x7a,0xd6,0xff,0xff,0x7a,0xd6,0xfe,0xef,0x79,0xd5,
    0xfd,0x2f,0x00,0x00,0x00,0x00,0x00,0x00,0x00,0x00,0x00,0x00,0x00,0x00,0x00,0x00,
    0x00,0x00,0x00,0x00,0x00,0x00,0x00,0x00,0x00,0x00,0x00,0x00,0x00,0x00,0x00,0x00,
    0x00,0x00,0x00,0x00,0x00,0x00,0x00,0x00,0x00,0x00,0x51,0x9f,0xfd,0x27,0x51,0xa0,
    0xfe,0xcb,0x52,0xa0,0xff,0xd8,0x52,0xa0,0xff,0xd8,0x52,0xa0,0xff,0xd8,0x52,0xa0,
    0xff,0xd8,0x52,0xa0,0xff,0xd8,0x52,0xa0,0xff,0xd8,0x52,0xa0,0xff,0xd8,0x52,0xa0,
    0xff,0xd8,0x52,0xa0,0xff,0xd8,0x52,0xa0,0xff,0xd8,0x52,0xa0,0xff,0xd8,0x52,0xa0,
    0xff,0xd8,0x52,0xa0,0xff,0xd8,0x52,0xa0,0xff,0xd8,0x52,0xa0,0xff,0xd8,0x52,0xa0,
    0xff,0xd8,0x52,0xa0,0xff,0xd8,0x52,0xa0,0xff,0xd8,0x52,0xa0,0xff,0xd8,0x52,0xa0,
    0xff,0xd8,0x51,0xa0,0xfe,0xcb,0x51,0x9f,0xfd,0x27,0x00,0x00,0x00,0x00,0x00,0x00,
    0x00,0x00,0x00,0x00,0x00,0x00,0x00,0x00,0x00,0x00,0x00,0x00,0x00,0x00,0x00,0x00,
    0x00,0x00,0x00,0x00,0x00,0x00,0x37,0x5b,0xdb,0x15,0x38,0x5b,0xdb,0x6b,0x38,0x5b,
    0xdb,0x6b,0x38,0x5b,0xdb,0x72,0x38,0x5b,0xdb,0x72,0x38,0x5b,0xdb,0x72,0x38,0x5b,
    0xdb,0x72,0x38,0x5b,0xdb,0x72,0x38,0x5b,0xdb,0x72,0x38,0x5b,0xdb,0x72,0x38,0x5b,
    0xdb,0x72,0x38,0x5b,0xdb,0x72,0x38,0x5b,0xdb,0x72,0x38,0x5b,0xdb,0x72,0x38,0x5b,
    0xdb,0x72,0x38,0x5b,0xdb,0x72,0x38,0x5b,0xdb,0x72,0x38,0x5b,0xdb,0x72,0x38,0x5b,
    0xdb,0x72,0x38,0x5b,0xdb,0x72,0x38,0x5b,0xdb,0x72,0x38,0x5b,0xdb,0x72,0x38,0x5b,
    0xdb,0x72,0x38,0x5b,0xdb,0x72,0x38,0x5b,0xdb,0x6b,0x37,0x5b,0xdb,0x15,0x37,0x5b,
    0xdb,0x15,0x00,0x00,0x00,0x00,0x00,0x00,0x00,0x00,0x00,0x00,0x00,0x00,0xcf,0xc4,
    0xab,0xff,0xe7,0xe1,0xd3,0xff,0xee,0xeb,0xe2,0xff,0xed,0xea,0xe0,0xff,0xe7,0xe1,
    0xd3,0xff,0x13,0xc7,0xf3,0xff,0x00,0xc4,0xf6,0xff,0x26,0xc9,0xf0,0xff,0xe7,0xe1,
    0xd3,0xff,0x61,0x49,0x55,0xff,0x55,0x3c,0x4a,0xff,0x55,0x3c,0x4a,0xff,0x55,0x3c,
    0x4a,0xff,0x55,0x3c,0x4a,0xff,0x55,0x3c,0x4a,0xff,0x55,0x3c,0x4a,0xff,0x55,0x3c,
    0x4a,0xff,0x55,0x3c,0x4a,0xff,0x55,0x3c,0x4a,0xff,0x55,0x3c,0x4a,0xff,0x55,0x3c,
    0x4a,0xff,0xce,0xc5,0xbc,0xff,0x60,0xcd,0xe3,0xff,0x00,0xc0,0xf0,0xff,0x00,0xc0,
    0xf0,0xff,0xad,0xd8,0xda,0xff,0xea,0xe5,0xda,0xff,0xf1,0xef,0xe8,0xff,0xe7,0xe1,
    0xd3,0xff,0xd5,0xcb,0xb5,0xff,0x00,0x00,0x00,0x00,0x00,0x00,0x00,0x00,0x2d,0x2d,
    0x89,0xdf,0x38,0x38,0xa9,0xff,0x48,0x47,0x8a,0xd7,0xab,0xa6,0x8c,0x33,0xa8,0xa6,
    0x8b,0x13,0xae,0xa9,0x8f,0x78,0xc5,0xc0,0xab,0xe9,0xdf,0xda,0xca,0xff,0xe7,0xe1,
    0xd3,0xff,0xe7,0xe1,0xd3,0xff,0xe0,0xda,0xc6,0xff,0xe1,0xde,0xcd,0xff,0x9e,0x9e,
    0xd0,0xff,0x54,0x3b,0x4b,0xff,0x55,0x3c,0x4a,0xff,0x55,0x3c,0x4a,0xff,0x55,0x3c,
    0x4a,0xff,0x6b,0x61,0x94,0xff,0xe9,0xe7,0xde,0xff,0xde,0xd9,0xc3,0xff,0xe7,0xe1,
    0xd3,0xff,0xe7,0xe1,0xd3,0xff,0xe4,0xde,0xd0,0xff,0xcc,0xc7,0xb3,0xf9,0xb3,0xae,
    0x95,0x9f,0xaa,0xa7,0x8c,0x32,0xaa,0xa5,0x8a,0x1b,0x68,0x66,0x87,0xa1,0x35,0x35,
    0xa1,0xff,0x30,0x30,0x93,0xe7,0x00,0x00,0x00,0x00,0x00,0x00,0x00,0x00,0x00,0x00,
    0x00,0x00,0x00,0x00,0x00,0x00,0x00,0x00,0x00,0x00,0x00,0x00,0x00,0x00,0x00,0x00,
    0x00,0x00,0x00,0x00,0x00,0x00,0x00,0x00,0x00,0x00,0x00,0x00,0x00,0x00,0x00,0x00,
    0x00,0x00,0x00,0x00,0x00,0x00,0x00,0x00,0x00,0x00,0x00,0x00,0x00,0x00,0xf3,0xb8,
    0x33,0x70,0xf3,0xb8,0x33,0x70,0xfa,0xe0,0xa6,0xff,0xf8,0xd4,0x82,0xb7,0xf3,0xb8,
    0x33,0x70,0x00,0x00,0x00,0x00,0x00,0x00,0x00,0x00,0x00,0x00,0x00,0x00,0x00,0x00,
    0x00,0x00,0x00,0x00,0x00,0x00,0x00,0x00,0x00,0x00,0x00,0x00,0x00,0x00,0x00,0x00,
    0x00,0x00,0x00,0x00,0x00,0x00,0x00,0x00,0x00,0x00,0x00,0x00,0x00,0x00,0x00,0x00,
    0x00,0x00,0x00,0x00,0x00,0x00,0x00,0x00,0x00,0x00,0x00,0x00,0x00,0x00,0x00,0x00,
    0x00,0x00,0x00,0x00,0x00,0x00,0x00,0x00,0x00,0x00,0x00,0x00,0x00,0x00,0x00,0x00,
    0x00,0x00,0x00,0x00,0x00,0x00,0x00,0x00,0x00,0x00,0x00,0x00,0x00,0x00,0x00,0x00,
    0x00,0x00,0x00,0x00,0x00,0x00,0x00,0x00,0x00,0x00,0x00,0x00,0x00,0x00,0x36,0x36,
    0xa8,0x67,0x36,0x36,0xa8,0x67,0xa1,0xa1,0xd7,0xff,0x82,0x82,0xc9,0xb3,0x36,0x36,
    0xa8,0x67,0x00,0x00,0x00,0x00,0x00,0x00,0x00,0x00,0x00,0x00,0x00,0x00,0x00,0x00,
    0x00,0x00,0x00,0x00,0x00,0x00,0x00,0x00,0x00,0x00,0x00,0x00,0x00,0x00,0x00,0x00,
    0x00,0x00,0x00,0x00,0x00,0x00,0x00,0x00,0x00,0x00,0x00,0x00,0x00,0x00,0x00,0x00,
    0x00,0x00,0x00,0x00,0x00,0x00,0x00,0x00,0x00,0x00,0x00,0x00,0x00,0x00,0x00,0x00,
    0x00,0x00,0x00,0x00,0x00,0x00,0x00,0x00,0x00,0x00,0x00,0x00,0x00,0x00,0x00,0x00,
    0x00,0x00,0x00,0x00,0x00,0x00,0x00,0x00,0x00,0x00,0x00,0x00,0x00,0x00,0x00,0x00,
    0x00,0x00,0x00,0x00,0x00,0x00,0xdb,0xf9,0xfe,0x8f,0xdb,0xf9,0xff,0xff,0xdb,0xf9,
    0xff,0xff,0xdb,0xf9,0xff,0xff,0xdb,0xf9,0xff,0xff,0xdb,0xf9,0xff,0xff,0xdb,0xf9,
    0xff,0xff,0xdb,0xf9,0xff,0xff,0xdb,0xf9,0xff,0xff,0xdb,0xf8,0xfe,0x2f,0x00,0x00,
    0x00,0x00,0x00,0x00,0x00,0x00,0x00,0x00,0x00,0x00,0x00,0x00,0x00,0x00,0x00,0x00,
    0x00,0x00,0x00,0x00,0x00,0x00,0x00,0x00,0x00,0x00,0x00,0x00,0x00,0x00,0x00,0x00,
    0x00,0x00,0x00,0x00,0x00,0x00,0x00,0x00,0x00,0x00,0x00,0x00,0x00,0x00,0x00,0x00,
    0x00,0x00,0x00,0x00,0x00,0x00,0x00,0x00,0x00,0x00,0x00,0x00,0x00,0x00,0x00,0x00,
    0x00,0x00,0x00,0x00,0x00,0x00,0x00,0x00,0x00,0x00,0x79,0xd5,0xfd,0x17,0x79,0xd6,
    0xfe,0xc7,0x7a,0xd6,0xff,0xff,0x7a,0xd6,0xff,0xff,0x7a,0xd6,0xff,0xff,0x7a,0xd6,
    0xff,0xff,0x7a,0xd6,0xff,0xff,0x7a,0xd6,0xff,0xff,0x7a,0xd6,0xff,0xff,0x7a,0xd6,
    0xff,0xff,0x7a,0xd6,0xff,0xff,0x7a,0xd6,0xff,0xff,0x7a,0xd6,0xff,0xff,0x7a,0xd6,
    0xff,0xff,0x7a,0xd6,0xff,0xff,0x79,0xd6,0xfe,0xef,0x79,0xd6,0xfe,0x2f,0x00,0x00,
    0x00,0x00,0x00,0x00,0x00,0x00,0x00,0x00,0x00,0x00,0x00,0x00,0x00,0x00,0x00,0x00,
    0x00,0x00,0x00,0x00,0x00,0x00,0x00,0x00,0x00,0x00,0x00,0x00,0x00,0x00,0x00,0x00,
    0x00,0x00,0x00,0x00,0x00,0x00,0x00,0x00,0x00,0x00,0x00,0x00,0x00,0x00,0x51,0x9f,
    0xfd,0x27,0x51,0xa0,0xfe,0xcb,0x51,0xa0,0xfe,0xcb,0x52,0xa0,0xff,0xd8,0x52,0xa0,
    0xff,0xd8,0x52,0xa0,0xff,0xd8,0x52,0xa0,0xff,0xd8,0x52,0xa0,0xff,0xd8,0x52,0xa0,
    0xff,0xd8,0x52,0xa0,0xff,0xd8,0x52,0xa0,0xff,0xd8,0x52,0xa0,0xff,0xd8,0x52,0xa0,
    0xff,0xd8,0x52,0xa0,0xff,0xd8,0x52,0xa0,0xff,0xd8,0x52,0xa0,0xff,0xd8,0x52,0xa0,
    0xff,0xd8,0x52,0xa0,0xff,0xd8,0x52,0xa0,0xff,0xd8,0x52,0xa0,0xff,0xd8,0x52,0xa0,
    0xff,0xd8,0x51,0x9f,0xfe,0x50,0x00,0x00,0x00,0x00,0x00,0x00,0x00,0x00,0x00,0x00,
    0x00,0x00,0x00,0x00,0x00,0x00,0x00,0x00,0x00,0x00,0x00,0x00,0x00,0x00,0x00,0x00,
    0x00,0x00,0x00,0x00,0x00,0x00,0x00,0x00,0x00,0x00,0x37,0x5b,0xdb,0x15,0x37,0x5b,
    0xdb,0x15,0x38,0x5b,0xdb,0x6b,0x38,0x5b,0xdb,0x72,0x38,0x5b,0xdb,0x72,0x38,0x5b,
    0xdb,0x72,0x38,0x5b,0xdb,0x72,0x38,0x5b,0xdb,0x72,0x38,0x5b,0xdb,0x72,0x38,0x5b,
    0xdb,0x72,0x38,0x5b,0xdb,0x72,0x38,0x5b,0xdb,0x72,0x38,0x5b,0xdb,0x72,0x38,0x5b,
    0xdb,0x72,0x38,0x5b,0xdb,0x72,0x38,0x5b,0xdb,0x72,0x38,0x5b,0xdb,0x72,0x38,0x5b,
    0xdb,0x72,0x38,0x5b,0xdb,0x72,0x38,0x5b,0xdb,0x72,0x38,0x5b,0xdb,0x72,0x38,0x5b,
    0xdb,0x72,0x38,0x5b,0xdb,0x72,0x38,0x5b,0xdb,0x2a,0x00,0x00,0x00,0x00,0x00,0x00,
    0x00,0x00,0x00,0x00,0x00,0x00,0x00,0x00,0x00,0x00,0x00,0x00,0x00,0x00,0xcd,0xc3,
    0xa9,0xf6,0xe7,0xe1,0xd3,0xff,0xe7,0xe1,0xd3,0xff,0xe7,0xe1,0xd3,0xff,0xe7,0xe1,
    0xd3,0xff,0x23,0xcf,0xf8,0xff,0x00,0xcc,0xff,0xff,0x0c,0xcd,0xfc,0xff,0xe7,0xe1,
    0xd3,0xff,0x75,0x60,0x68,0xff,0x55,0x3c,0x4a,0xff,0x55,0x3c,0x4a,0xff,0x55,0x3c,
    0x4a,0xff,0x55,0x3c,0x4a,0xff,0x55,0x3c,0x4a,0xff,0x55,0x3c,0x4a,0xff,0x57,0x3d,
    0x4b,0xff,0x64,0x47,0x55,0xff,0x64,0x47,0x55,0xff,0x57,0x3d,0x4b,0xff,0x57,0x3e,
    0x4b,0xff,0xe0,0xda,0xcd,0xff,0x46,0xc5,0xe0,0xff,0x00,0xb9,0xe7,0xff,0x00,0xb9,
    0xe7,0xff,0xbb,0xd9,0xd6,0xff,0xe7,0xe1,0xd3,0xff,0xe7,0xe1,0xd3,0xff,0xe7,0xe1,
    0xd3,0xff,0xd4,0xca,0xb4,0xf8,0x00,0x00,0x00,0x00,0x00,0x00,0x00,0x00,0x2d,0x2d,
    0x88,0xf4,0x2f,0x2f,0x8e,0xfd,0x29,0x29,0x7f,0x38,0x00,0x00,0x00,0x00,0x00,0x00,
    0x00,0x00,0x00,0x00,0x00,0x00,0xa8,0xa6,0x8a,0x12,0xad,0xa8,0x8e,0x9d,0xc5,0xbf,
    0xab,0xfd,0xe3,0xdd,0xce,0xff,0xe1,0xdc,0xc9,0xff,0xdd,0xd9,0xc3,0xff,0xb6,0xb6,
    0xdb,0xff,0x42,0x40,0xad,0xff,0x43,0x41,0xad,0xff,0x43,0x41,0xad,0xff,0x43,0x41,
    0xad,0xff,0x7c,0x7b,0xc4,0xff,0xe5,0xe3,0xd5,0xff,0xdf,0xda,0xc6,0xff,0xe6,0xe0,
    0xd2,0xff,0xcf,0xca,0xb7,0xff,0xb3,0xae,0x95,0xd0,0xaa,0xa7,0x8c,0x32,0x00,0x00,
    0x00,0x00,0x00,0x00,0x00,0x00,0x00,0x00,0x00,0x00,0x24,0x24,0x7d,0x07,0x2c,0x2c,
    0x86,0xd9,0x2e,0x2e,0x8c,0xf7,0x00,0x00,0x00,0x00,0x00,0x00,0x00,0x00,0x00,0x00,
    0x00,0x00,0x00,0x00,0x00,0x00,0x00,0x00,0x00,0x00,0x00,0x00,0x00,0x00,0x00,0x00,
    0x00,0x00,0x00,0x00,0x00,0x00,0x00,0x00,0x00,0x00,0x00,0x00,0x00,0x00,0x00,0x00,
    0x00,0x00,0x00,0x00,0x00,0x00,0x00,0x00,0x00,0x00,0x00,0x00,0x00,0x00,0xf2,0xb8,
    0x34,0x7b,0xf2,0xb8,0x34,0x7b,0xfa,0xe3,0xae,0xff,0xf7,0xd5,0x86,0xbd,0xf2,0xb8,
    0x34,0x7b,0x00,0x00,0x00,0x00,0x00,0x00,0x00,0x00,0x00,0x00,0x00,0x00,0x00,0x00,
    0x00,0x00,0x00,0x00,0x00,0x00,0x00,0x00,0x00,0x00,0x00,0x00,0x00,0x00,0x00,0x00,
    0x00,0x00,0x00,0x00,0x00,0x00,0x00,0x00,0x00,0x00,0x00,0x00,0x00,0x00,0x00,0x00,
    0x00,0x00,0x00,0x00,0x00,0x00,0x00,0x00,0x00,0x00,0x00,0x00,0x00,0x00,0x00,0x00,
    0x00,0x00,0x00,0x00,0x00,0x00,0x00,0x00,0x00,0x00,0x00,0x00,0x00,0x00,0x00,0x00,
    0x00,0x00,0x00,0x00,0x00,0x00,0x00,0x00,0x00,0x00,0x00,0x00,0x00,0x00,0x00,0x00,
    0x00,0x00,0x00,0x00,0x00,0x00,0x00,0x00,0x00,0x00,0x00,0x00,0x00,0x00,0x36,0x36,
    0xa9,0x5f,0x36,0x36,0xa9,0x5f,0x9b,0x9b,0xd5,0xff,0x7f,0x7f,0xc9,0xaf,0x36,0x36,
    0xa9,0x5f,0x00,0x00,0x00,0x00,0x00,0x00,0x00,0x00,0x00,0x00,0x00,0x00,0x00,0x00,
    0x00,0x00,0x00,0x00,0x00,0x00,0x00,0x00,0x00,0x00,0x00,0x00,0x00,0x00,0x00,0x00,
    0x00,0x00,0x00,0x00,0x00,0x00,0x00,0x00,0x00,0x00,0x00,0x00,0x00,0x00,0x00,0x00,
    0x00,0x00,0x00,0x00,0x00,0x00,0x00,0x00,0x00,0x00,0x00,0x00,0x00,0x00,0x00,0x00,
    0x00,0x00,0x00,0x00,0x00,0x00,0x00,0x00,0x00,0x00,0x00,0x00,0x00,0x00,0x00,0x00,
    0x00,0x00,0x00,0x00,0x00,0x00,0x00,0x00,0x00,0x00,0x00,0x00,0x00,0x00,0x00,0x00,
    0x00,0x00,0x00,0x00,0x00,0x00,0xdb,0xf9,0xfe,0x63,0xdb,0xf9,0xff,0xff,0xdb,0xf9,
    0xff,0xff,0xdb,0xf9,0xff,0xff,0xdb,0xf9,0xff,0xff,0xdb,0xf9,0xff,0xff,0xdb,0xf9,
    0xff,0xff,0xdb,0xf9,0xff,0xff,0xdb,0xf9,0xfe,0xf7,0xda,0xf8,0xfd,0x0b,0x00,0x00,
    0x00,0x00,0x00,0x00,0x00,0x00,0x00,0x00,0x00,0x00,0x00,0x00,0x00,0x00,0x00,0x00,
    0x00,0x00,0x00,0x00,0x00,0x00,0x00,0x00,0x00,0x00,0x00,0x00,0x00,0x00,0x00,0x00,
    0x00,0x00,0x00,0x00,0x00,0x00,0x00,0x00,0x00,0x00,0x00,0x00,0x00,0x00,0x00,0x00,
    0x00,0x00,0x00,0x00,0x00,0x00,0x00,0x00,0x00,0x00,0x00,0x00,0x00,0x00,0x00,0x00,
    0x00,0x00,0x00,0x00,0x00,0x00,0x00,0x00,0x00,0x00,0x00,0x00,0x00,0x00,0x7a,0xd6,
    0xfe,0xef,0x7a,0xd6,0xff,0xff,0x7a,0xd6,0xff,0xff,0x7a,0xd6,0xff,0xff,0x7a,0xd6,
    0xff,0xff,0x7a,0xd6,0xff,0xff,0x7a,0xd6,0xff,0xff,0x7a,0xd6,0xff,0xff,0x7a,0xd6,
    0xff,0xff,0x7a,0xd6,0xff,0xff,0x7a,0xd6,0xff,0xff,0x7a,0xd6,0xff,0xff,0x7a,0xd6,
    0xff,0xff,0x7a,0xd6,0xff,0xff,0x7a,0xd6,0xff,0xff,0x79,0xd5,0xfd,0x2f,0x00,0x00,
    0x00,0x00,0x00,0x00,0x00,0x00,0x00,0x00,0x00,0x00,0x00,0x00,0x00,0x00,0x00,0x00,
    0x00,0x00,0x00,0x00,0x00,0x00,0x00,0x00,0x00,0x00,0x00,0x00,0x00,0x00,0x00,0x00,
    0x00,0x00,0x00,0x00,0x00,0x00,0x00,0x00,0x00,0x00,0x00,0x00,0x00,0x00,0x00,0x00,
    0x00,0x00,0x51,0x9f,0xfe,0x87,0x51,0x9f,0xfe,0x87,0x52,0xa0,0xff,0xd8,0x52,0xa0,
    0xff,0xd8,0x52,0xa0,0xff,0xd8,0x52,0xa0,0xff,0xd8,0x52,0xa0,0xff,0xd8,0x52,0xa0,
    0xff,0xd8,0x52,0xa0,0xff,0xd8,0x52,0xa0,0xff,0xd8,0x52,0xa0,0xff,0xd8,0x52,0xa0,
    0xff,0xd8,0x52,0xa0,0xff,0xd8,0x52,0xa0,0xff,0xd8,0x52,0xa0,0xff,0xd8,0x52,0xa0,
    0xff,0xd8,0x52,0xa0,0xff,0xd8,0x52,0xa0,0xff,0xd8,0x51,0x9f,0xfe,0xbd,0x51,0x9f,
    0xfe,0xbd,0x00,0x00,0x00,0x00,0x00,0x00,0x00,0x00,0x00,0x00,0x00,0x00,0x00,0x00,
    0x00,0x00,0x00,0x00,0x00,0x00,0x00,0x00,0x00,0x00,0x00,0x00,0x00,0x00,0x00,0x00,
    0x00,0x00,0x00,0x00,0x00,0x00,0x00,0x00,0x00,0x00,0x00,0x00,0x00,0x00,0x00,0x00,
    0x00,0x00,0x38,0x5b,0xdb,0x47,0x38,0x5b,0xdb,0x72,0x38,0x5b,0xdb,0x72,0x38,0x5b,
    0xdb,0x72,0x38,0x5b,0xdb,0x72,0x38,0x5b,0xdb,0x72,0x38,0x5b,0xdb,0x72,0x38,0x5b,
    0xdb,0x72,0x38,0x5b,0xdb,0x72,0x38,0x5b,0xdb,0x72,0x38,0x5b,0xdb,0x72,0x38,0x5b,
    0xdb,0x72,0x38,0x5b,0xdb,0x72,0x38,0x5b,0xdb,0x72,0x38,0x5b,0xdb,0x72,0x38,0x5b,
    0xdb,0x72,0x38,0x5b,0xdb,0x72,0x38,0x5b,0xdb,0x72,0x38,0x5b,0xdb,0x72,0x38,0x5b,
    0xdb,0x72,0x38,0x5b,0xdb,0x64,0x00,0x00,0x00,0x00,0x00,0x00,0x00,0x00,0x00,0x00,
    0x00,0x00,0x00,0x00,0x00,0x00,0x00,0x00,0x00,0x00,0x00,0x00,0x00,0x00,0xca,0xbe,
    0xa3,0xd9,0xe7,0xe1,0xd3,0xff,0xe7,0xe1,0xd3,0xff,0xe7,0xe1,0xd3,0xff,0xe7,0xe1,
    0xd3,0xff,0x4b,0xd2,0xf0,0xff,0x00,0xcc,0xff,0xff,0x00,0xcc,0xff,0xff,0xb6,0xdc,
    0xdc,0xff,0xa2,0x94,0x93,0xff,0x55,0x3c,0x4a,0xff,0x55,0x3c,0x4a,0xff,0x55,0x3c,
    0x4a,0xff,0x55,0x3c,0x4a,0xff,0x55,0x3c,0x4a,0xff,0x55,0x3c,0x4a,0xff,0x5d,0x42,
    0x51,0xff,0x68,0x4a,0x59,0xff,0x68,0x4a,0x59,0xff,0x5e,0x42,0x51,0xff,0x7d,0x69,
    0x6f,0xff,0xe3,0xe0,0xd3,0xff,0x11,0xbc,0xe5,0xff,0x00,0xb9,0xe7,0xff,0x04,0xb9,
    0xe6,0xff,0xe0,0xdf,0xd3,0xff,0xe7,0xe1,0xd3,0xff,0xe7,0xe1,0xd3,0xff,0xe7,0xe1,
    0xd3,0xff,0xd2,0xc8,0xb0,0xe3,0x00,0x00,0x00,0x00,0x00,0x00,0x00,0x00,0x28,0x28,
    0x7e,0x25,0x2a,0x2a,0x7e,0x2a,0x00,0x00,0x00,0x00,0x00,0x00,0x00,0x00,0x00,0x00,
    0x00,0x00,0x00,0x00,0x00,0x00,0x00,0x00,0x00,0x00,0x00,0x00,0x00,0x00,0xab,0xa6,
    0x8b,0x31,0xb5,0xb0,0x98,0xd0,0xd4,0xce,0xba,0xff,0xdb,0xd6,0xbd,0xff,0xc9,0xc9,
    0xe2,0xff,0x39,0x39,0xac,0xff,0x39,0x39,0xac,0xff,0x39,0x39,0xac,0xff,0x39,0x39,
    0xac,0xff,0x8c,0x8c,0xcb,0xff,0xe2,0xdf,0xce,0xff,0xd5,0xd0,0xbb,0xff,0xb7,0xb2,
    0x9a,0xe9,0xab,0xa7,0x8c,0x66,0xa4,0xa4,0x84,0x03,0x00,0x00,0x00,0x00,0x00,0x00,
    0x00,0x00,0x00,0x00,0x00,0x00,0x00,0x00,0x00,0x00,0x00,0x00,0x00,0x00,0x29,0x29,
    0x7d,0x15,0x29,0x29,0x7e,0x2b,0x00,0x00,0x00,0x00,0x00,0x00,0x00,0x00,0x00,0x00,
    0x00,0x00,0x00,0x00,0x00,0x00,0x00,0x00,0x00,0x00,0x00,0x00,0x00,0x00,0x00,0x00,
    0x00,0x00,0x00,0x00,0x00,0x00,0x00,0x00,0x00,0x00,0x00,0x00,0x00,0x00,0x00,0x00,
    0x00,0x00,0x00,0x00,0x00,0x00,0x00,0x00,0x00,0x00,0x00,0x00,0x00,0x00,0xf3,0xb8,
    0x34,0x86,0xf3,0xb8,0x34,0x86,0xfb,0xe6,0xb6,0xff,0xf8,0xd6,0x89,0xc2,0xf3,0xb8,
    0x34,0x86,0x00,0x00,0x00,0x00,0x00,0x00,0x00,0x00,0x00,0x00,0x00,0x00,0x00,0x00,
    0x00,0x00,0x00,0x00,0x00,0x00,0x00,0x00,0x00,0x00,0x00,0x00,0x00,0x00,0x00,0x00,
    0x00,0x00,0x00,0x00,0x00,0x00,0x00,0x00,0x00,0x00,0x00,0x00,0x00,0x00,0x00,0x00,
    0x00,0x00,0x00,0x00,0x00,0x00,0x00,0x00,0x00,0x00,0x00,0x00,0x00,0x00,0x00,0x00,
    0x00,0x00,0x00,0x00,0x00,0x00,0x00,0x00,0x00,0x00,0x00,0x00,0x00,0x00,0x00,0x00,
    0x00,0x00,0x00,0x00,0x00,0x00,0x00,0x00,0x00,0x00,0x00,0x00,0x00,0x00,0x00,0x00,
    0x00,0x00,0x00,0x00,0x00,0x00,0x00,0x00,0x00,0x00,0x00,0x00,0x00,0x00,0x36,0x36,
    0xa9,0x53,0x36,0x36,0xa9,0x53,0x94,0x94,0xd2,0xff,0x7d,0x7d,0xc8,0xa9,0x36,0x36,
    0xa9,0x53,0x00,0x00,0x00,0x00,0x00,0x00,0x00,0x00,0x00,0x00,0x00,0x00,0x00,0x00,
    0x00,0x00,0x00,0x00,0x00,0x00,0x00,0x00,0x00,0x00,0x00,0x00,0x00,0x00,0x00,0x00,
    0x00,0x00,0x00,0x00,0x00,0x00,0x00,0x00,0x00,0x00,0x00,0x00,0x00,0x00,0x00,0x00,
    0x00,0x00,0x00,0x00,0x00,0x00,0x00,0x00,0x00,0x00,0x00,0x00,0x00,0x00,0x00,0x00,
    0x00,0x00,0x00,0x00,0x00,0x00,0x00,0x00,0x00,0x00,0x00,0x00,0x00,0x00,0x00,0x00,
    0x00,0x00,0x00,0x00,0x00,0x00,0x00,0x00,0x00,0x00,0x00,0x00,0x00,0x00,0x00,0x00,
    0x00,0x00,0x00,0x00,0x00,0x00,0xdb,0xf9,0xfe,0xbb,0xdb,0xf9,0xff,0xff,0xdb,0xf9,
    0xff,0xff,0xdb,0xf9,0xff,0xff,0xdb,0xf9,0xff,0xff,0xdb,0xf9,0xff,0xff,0xdb,0xf9,
    0xff,0xff,0xdb,0xf9,0xff,0xff,0xdb,0xf9,0xff,0xff,0xdb,0xf8,0xfe,0x5b,0x00,0x00,
    0x00,0x00,0x00,0x00,0x00,0x00,0x00,0x00,0x00,0x00,0x00,0x00,0x00,0x00,0x00,0x00,
    0x00,0x00,0x00,0x00,0x00,0x00,0x00,0x00,0x00,0x00,0x00,0x00,0x00,0x00,0x00,0x00,
    0x00,0x00,0x00,0x00,0x00,0x00,0x00,0x00,0x00,0x00,0x00,0x00,0x00,0x00,0x00,0x00,
    0x00,0x00,0x00,0x00,0x00,0x00,0x00,0x00,0x00,0x00,0x00,0x00,0x00,0x00,0x00,0x00,
    0x00,0x00,0x00,0x00,0x00,0x00,0x00,0x00,0x00,0x00,0x79,0xd6,0xfe,0x4f,0x7a,0xd6,
    0xff,0xff,0x7a,0xd6,0xff,0xff,0x7a,0xd6,0xff,0xff,0x7a,0xd6,0xff,0xff,0x7a,0xd6,
    0xff,0xff,0x7a,0xd6,0xff,0xff,0x7a,0xd6,0xff,0xff,0x7a,0xd6,0xff,0xff,0x7a,0xd6,
    0xff,0xff,0x7a,0xd6,0xff,0xff,0x7a,0xd6,0xff,0xff,0x7a,0xd6,0xff,0xff,0x7a,0xd6,
    0xff,0xff,0x7a,0xd6,0xff,0xff,0x7a,0xd6,0xff,0xff,0x79,0xd6,0xfe,0x8f,0x00,0x00,
    0x00,0x00,0x00,0x00,0x00,0x00,0x00,0x00,0x00,0x00,0x00,0x00,0x00,0x00,0x00,0x00,
    0x00,0x00,0x00,0x00,0x00,0x00,0x00,0x00,0x00,0x00,0x00,0x00,0x00,0x00,0x00,0x00,
    0x00,0x00,0x00,0x00,0x00,0x00,0x00,0x00,0x00,0x00,0x00,0x00,0x00,0x00,0x00,0x00,
    0x00,0x00,0x51,0xa0,0xfe,0xcb,0x51,0xa0,0xfe,0xcb,0x52,0xa0,0xff,0xd8,0x52,0xa0,
    0xff,0xd8,0x52,0xa0,0xff,0xd8,0x52,0xa0,0xff,0xd8,0x52,0xa0,0xff,0xd8,0x52,0xa0,
    0xff,0xd8,0x52,0xa0,0xff,0xd8,0x52,0xa0,0xff,0xd8,0x52,0xa0,0xff,0xd8,0x52,0xa0,
    0xff,0xd8,0x52,0xa0,0xff,0xd8,0x52,0xa0,0xff,0xd8,0x52,0xa0,0xff,0xd8,0x52,0xa0,
    0xff,0xd8,0x52,0xa0,0xff,0xd8,0x52,0xa0,0xff,0xd8,0x52,0xa0,0xff,0xd8,0x52,0xa0,
    0xff,0xd8,0x51,0x9f,0xfd,0x27,0x00,0x00,0x00,0x00,0x00,0x00,0x00,0x00,0x00,0x00,
    0x00,0x00,0x00,0x00,0x00,0x00,0x00,0x00,0x00,0x00,0x00,0x00,0x00,0x00,0x00,0x00,
    0x00,0x00,0x00,0x00,0x00,0x00,0x00,0x00,0x00,0x00,0x00,0x00,0x00,0x00,0x00,0x00,
    0x00,0x00,0x38,0x5b,0xdb,0x6b,0x38,0x5b,0xdb,0x72,0x38,0x5b,0xdb,0x72,0x38,0x5b,
    0xdb,0x72,0x38,0x5b,0xdb,0x72,0x38,0x5b,0xdb,0x72,0x38,0x5b,0xdb,0x72,0x38,0x5b,
    0xdb,0x72,0x38,0x5b,0xdb,0x72,0x38,0x5b,0xdb,0x72,0x38,0x5b,0xdb,0x72,0x38,0x5b,
    0xdb,0x72,0x38,0x5b,0xdb,0x72,0x38,0x5b,0xdb,0x72,0x38,0x5b,0xdb,0x72,0x38,0x5b,
    0xdb,0x72,0x38,0x5b,0xdb,0x72,0x38,0x5b,0xdb,0x72,0x38,0x5b,0xdb,0x72,0x38,0x5b,
    0xdb,0x72,0x38,0x5b,0xdb,0x72,0x37,0x5b,0xdb,0x15,0x00,0x00,0x00,0x00,0x00,0x00,
    0x00,0x00,0x00,0x00,0x00,0x00,0x00,0x00,0x00,0x00,0x00,0x00,0x00,0x00,0xc6,0xba,
    0x9d,0xa1,0xe2,0xdb,0xcb,0xff,0xe7,0xe1,0xd3,0xff,0xe7,0xe1,0xd3,0xff,0xe7,0xe1,
    0xd3,0xff,0x9c,0xda,0xe1,0xff,0x00,0xcc,0xff,0xff,0x00,0xcc,0xff,0xff,0x3f,0xd1,
    0xf2,0xff,0xde,0xda,0xce,0xff,0x7a,0x66,0x6d,0xff,0x55,0x3c,0x4a,0xff,0x55,0x3c,
    0x4a,0xff,0x55,0x3c,0x4a,0xff,0x55,0x3c,0x4a,0xff,0x55,0x3c,0x4a,0xff,0x57,0x3e,
    0x4c,0xff,0x62,0x46,0x54,0xff,0x62,0x45,0x54,0xff,0x64,0x4c,0x58,0xff,0xd0,0xc7,
    0xbd,0xff,0x7b,0xce,0xdc,0xff,0x00,0xb9,0xe7,0xff,0x00,0xb9,0xe7,0xff,0x4f,0xc6,
    0xe0,0xff,0xe7,0xe1,0xd3,0xff,0xe7,0xe1,0xd3,0xff,0xe7,0xe1,0xd3,0xff,0xe7,0xe1,
    0xd3,0xff,0xcd,0xc2,0xa8,0xb8,0x00,0x00,0x00,0x00,0x00,0x00,0x00,0x00,0x00,0x00,
    0x00,0x00,0x00,0x00,0x00,0x00,0x00,0x00,0x00,0x00,0x00,0x00,0x00,0x00,0x00,0x00,
    0x00,0x00,0x00,0x00,0x00,0x00,0x00,0x00,0x00,0x00,0x00,0x00,0x00,0x00,0x00,0x00,
    0x00,0x00,0xa9,0xa6,0x8c,0x07,0xac,0xa7,0x8d,0x82,0xbc,0xb7,0x9e,0xf6,0xd8,0xd8,
    0xe2,0xff,0x39,0x39,0xac,0xff,0x39,0x39,0xac,0xff,0x39,0x39,0xac,0xff,0x39,0x39,
    0xac,0xff,0x9f,0x9f,0xd2,0xff,0xcc,0xc9,0xb6,0xff,0xae,0xa9,0x8f,0xa3,0xa9,0xa5,
    0x8a,0x0f,0x00,0x00,0x00,0x00,0x00,0x00,0x00,0x00,0x00,0x00,0x00,0x00,0x00,0x00,
    0x00,0x00,0x00,0x00,0x00,0x00,0x00,0x00,0x00,0x00,0x00,0x00,0x00,0x00,0x00,0x00,
    0x00,0x00,0x00,0x00,0x00,0x00,0x00,0x00,0x00,0x00,0x00,0x00,0x00,0x00,0x00,0x00,
    0x00,0x00,0x00,0x00,0x00,0x00,0x00,0x00,0x00,0x00,0x00,0x00,0x00,0x00,0x00,0x00,
    0x00,0x00,0x00,0x00,0x00,0x00,0x00,0x00,0x00,0x00,0x00,0x00,0x00,0x00,0x00,0x00,
    0x00,0x00,0x00,0x00,0x00,0x00,0x00,0x00,0x00,0x00,0x00,0x00,0x00,0x00,0xf2,0xb9,
    0x33,0x92,0xf2,0xb9,0x33,0x92,0xfb,0xe8,0xbd,0xff,0xf7,0xd7,0x8b,0xc8,0xf2,0xb9,
    0x33,0x92,0x00,0x00,0x00,0x00,0x00,0x00,0x00,0x00,0x00,0x00,0x00,0x00,0x00,0x00,
    0x00,0x00,0x00,0x00,0x00,0x00,0x00,0x00,0x00,0x00,0x00,0x00,0x00,0x00,0x00,0x00,
    0x00,0x00,0x00,0x00,0x00,0x00,0x00,0x00,0x00,0x00,0x00,0x00,0x00,0x00,0x00,0x00,
    0x00,0x00,0x00,0x00,0x00,0x00,0x00,0x00,0x00,0x00,0x00,0x00,0x00,0x00,0x00,0x00,
    0x00,0x00,0x00,0x00,0x00,0x00,0x00,0x00,0x00,0x00,0x00,0x00,0x00,0x00,0x00,0x00,
    0x00,0x00,0x00,0x00,0x00,0x00,0x00,0x00,0x00,0x00,0x00,0x00,0x00,0x00,0x00,0x00,
    0x00,0x00,0x00,0x00,0x00,0x00,0x00,0x00,0x00,0x00,0x00,0x00,0x00,0x00,0x33,0x33,
    0xaa,0x48,0x33,0x33,0xaa,0x48,0x8c,0x8c,0xce,0xff,0x78,0x78,0xc6,0xa3,0x33,0x33,
    0xaa,0x48,0x00,0x00,0x00,0x00,0x00,0x00,0x00,0x00,0x00,0x00,0x00,0x00,0x00,0x00,
    0x00,0x00,0x00,0x00,0x00,0x00,0x00,0x00,0x00,0x00,0x00,0x00,0x00,0x00,0x00,0x00,
    0x00,0x00,0x00,0x00,0x00,0x00,0x00,0x00,0x00,0x00,0x00,0x00,0x00,0x00,0x00,0x00,
    0x00,0x00,0x00,0x00,0x00,0x00,0x00,0x00,0x00,0x00,0x00,0x00,0x00,0x00,0x00,0x00,
    0x00,0x00,0x00,0x00,0x00,0x00,0x00,0x00,0x00,0x00,0x00,0x00,0x00,0x00,0x00,0x00,
    0x00,0x00,0x00,0x00,0x00,0x00,0x00,0x00,0x00,0x00,0x00,0x00,0x00,0x00,0x00,0x00,
    0x00,0x00,0xdb,0xf8,0xfe,0x13,0xdb,0xf9,0xfe,0xf3,0xdb,0xf9,0xfe,0xdb,0xdb,0xf9,
    0xfe,0xbf,0xdb,0xf9,0xff,0xff,0xdb,0xf9,0xff,0xff,0xdb,0xf9,0xff,0xff,0xdb,0xf9,
    0xfe,0xe7,0xdb,0xf9,0xfe,0xc7,0xdb,0xf9,0xfe,0xe3,0xdb,0xf9,0xfe,0xaf,0x00,0x00,
    0x00,0x00,0x00,0x00,0x00,0x00,0x00,0x00,0x00,0x00,0x00,0x00,0x00,0x00,0x00,0x00,
    0x00,0x00,0x00,0x00,0x00,0x00,0x00,0x00,0x00,0x00,0x00,0x00,0x00,0x00,0x00,0x00,
    0x00,0x00,0x00,0x00,0x00,0x00,0x00,0x00,0x00,0x00,0x00,0x00,0x00,0x00,0x00,0x00,
    0x00,0x00,0x00,0x00,0x00,0x00,0x00,0x00,0x00,0x00,0x00,0x00,0x00,0x00,0x00,0x00,
    0x00,0x00,0x00,0x00,0x00,0x00,0x00,0x00,0x00,0x00,0x79,0xd6,0xfe,0x9f,0x7a,0xd6,
    0xff,0xff,0x7a,0xd6,0xff,0xff,0x7a,0xd6,0xff,0xff,0x7a,0xd6,0xff,0xff,0x7a,0xd6,
    0xff,0xff,0x7a,0xd6,0xff,0xff,0x7a,0xd6,0xff,0xff,0x7a,0xd6,0xff,0xff,0x7a,0xd6,
    0xff,0xff,0x7a,0xd6,0xff,0xff,0x7a,0xd6,0xff,0xff,0x7a,0xd6,0xff,0xff,0x7a,0xd6,
    0xff,0xff,0x7a,0xd6,0xff,0xff,0x7a,0xd6,0xff,0xff,0x79,0xd6,0xfe,0xdf,0x00,0x00,
    0x00,0x00,0x00,0x00,0x00,0x00,0x00,0x00,0x00,0x00,0x00,0x00,0x00,0x00,0x00,0x00,
    0x00,0x00,0x00,0x00,0x00,0x00,0x00,0x00,0x00,0x00,0x00,0x00,0x00,0x00,0x00,0x00,
    0x00,0x00,0x00,0x00,0x00,0x00,0x00,0x00,0x00,0x00,0x00,0x00,0x00,0x00,0x00,0x00,
    0x00,0x00,0x51,0xa0,0xfe,0xcb,0x51,0xa0,0xfe,0xcb,0x52,0xa0,0xff,0xd8,0x52,0xa0,
    0xff,0xd8,0x52,0xa0,0xff,0xd8,0x52,0xa0,0xff,0xd8,0x52,0xa0,0xff,0xd8,0x52,0xa0,
    0xff,0xd8,0x52,0xa0,0xff,0xd8,0x52,0xa0,0xff,0xd8,0x52,0xa0,0xff,0xd8,0x52,0xa0,
    0xff,0xd8,0x52,0xa0,0xff,0xd8,0x52,0xa0,0xff,0xd8,0x52,0xa0,0xff,0xd8,0x52,0xa0,
    0xff,0xd8,0x52,0xa0,0xff,0xd8,0x52,0xa0,0xff,0xd8,0x52,0xa0,0xff,0xd8,0x52,0xa0,
    0xff,0xd8,0x51,0x9f,0xfd,0x27,0x00,0x00,0x00,0x00,0x00,0x00,0x00,0x00,0x00,0x00,
    0x00,0x00,0x00,0x00,0x00,0x00,0x00,0x00,0x00,0x00,0x00,0x00,0x00,0x00,0x00,0x00,
    0x00,0x00,0x00,0x00,0x00,0x00,0x00,0x00,0x00,0x00,0x00,0x00,0x00,0x00,0x00,0x00,
    0x00,0x00,0x38,0x5b,0xdb,0x6b,0x38,0x5b,0xdb,0x72,0x38,0x5b,0xdb,0x72,0x38,0x5b,
    0xdb,0x72,0x38,0x5b,0xdb,0x72,0x38,0x5b,0xdb,0x72,0x38,0x5b,0xdb,0x72,0x38,0x5b,
    0xdb,0x72,0x38,0x5b,0xdb,0x72,0x38,0x5b,0xdb,0x72,0x38,0x5b,0xdb,0x72,0x38,0x5b,
    0xdb,0x72,0x38,0x5b,0xdb,0x72,0x38,0x5b,0xdb,0x72,0x38,0x5b,0xdb,0x72,0x38,0x5b,
    0xdb,0x72,0x38,0x5b,0xdb,0x72,0x38,0x5b,0xdb,0x72,0x38,0x5b,0xdb,0x72,0x38,0x5b,
    0xdb,0x72,0x38,0x5b,0xdb,0x72,0x37,0x5b,0xdb,0x15,0x00,0x00,0x00,0x00,0x00,0x00,
    0x00,0x00,0x00,0x00,0x00,0x00,0x00,0x00,0x00,0x00,0x00,0x00,0x00,0x00,0xc6,0xba,
    0x9d,0x53,0xd8,0xcf,0xba,0xff,0xe7,0xe1,0xd3,0xff,0xe7,0xe1,0xd3,0xff,0xe7,0xe1,
    0xd3,0xff,0xe7,0xe1,0xd3,0xff,0x2c,0xcf,0xf6,0xff,0x00,0xcc,0xff,0xff,0x00,0xcc,
    0xff,0xff,0x63,0xd4,0xeb,0xff,0xdf,0xd8,0xcc,0xff,0x79,0x65,0x6c,0xff,0x55,0x3c,
    0x4a,0xff,0x55,0x3c,0x4a,0xff,0x55,0x3c,0x4a,0xff,0x55,0x3c,0x4a,0xff,0x55,0x3c,
    0x4a,0xff,0x55,0x3c,0x4a,0xff,0x64,0x4d,0x58,0xff,0xcc,0xc3,0xba,0xff,0xa9,0xd6,
    0xd8,0xff,0x03,0xb9,0xe6,0xff,0x00,0xb9,0xe7,0xff,0x03,0xb9,0xe6,0xff,0xc5,0xdb,
    0xd5,0xff,0xe7,0xe1,0xd3,0xff,0xe7,0xe1,0xd3,0xff,0xe7,0xe1,0xd3,0xff,0xe2,0xdb,
    0xcb,0xff,0xc6,0xba,0x9d,0x7a,0x00,0x00,0x00,0x00,0x00,0x00,0x00,0x00,0x00,0x00,
    0x00,0x00,0x00,0x00,0x00,0x00,0x00,0x00,0x00,0x00,0x00,0x00,0x00,0x00,0x00,0x00,
    0x00,0x00,0x00,0x00,0x00,0x00,0x00,0x00,0x00,0x00,0x00,0x00,0x00,0x00,0x00,0x00,
    0x00,0x00,0x00,0x00,0x00,0x00,0x00,0x00,0x00,0x00,0xc8,0xc8,0xc7,0x58,0xe3,0xe3,
    0xe5,0xff,0x3c,0x3c,0xad,0xff,0x39,0x39,0xac,0xff,0x39,0x39,0xac,0xff,0x39,0x39,
    0xac,0xff,0xb6,0xb6,0xdb,0xff,0xcb,0xcb,0xca,0xc3,0x00,0x00,0x00,0x00,0x00,0x00,
    0x00,0x00,0x00,0x00,0x00,0x00,0x00,0x00,0x00,0x00,0x00,0x00,0x00,0x00,0x00,0x00,
    0x00,0x00,0x00,0x00,0x00,0x00,0x00,0x00,0x00,0x00,0x00,0x00,0x00,0x00,0x00,0x00,
    0x00,0x00,0x00,0x00,0x00,0x00,0x00,0x00,0x00,0x00,0x00,0x00,0x00,0x00,0x00,0x00,
    0x00,0x00,0x00,0x00,0x00,0x00,0x00,0x00,0x00,0x00,0x00,0x00,0x00,0x00,0x00,0x00,
    0x00,0x00,0x00,0x00,0x00,0x00,0x00,0x00,0x00,0x00,0x00,0x00,0x00,0x00,0x00,0x00,
    0x00,0x00,0x00,0x00,0x00,0x00,0x00,0x00,0x00,0x00,0x00,0x00,0x00,0x00,0xf3,0xb9,
    0x33,0x9a,0xf3,0xb9,0x33,0x9a,0xfc,0xeb,0xc3,0xff,0xf8,0xd8,0x8c,0xcc,0xf3,0xb9,
    0x33,0x9a,0x00,0x00,0x00,0x00,0x00,0x00,0x00,0x00,0x00,0x00,0x00,0x00,0x00,0x00,
    0x00,0x00,0x00,0x00,0x00,0x00,0x00,0x00,0x00,0x00,0x00,0x00,0x00,0x00,0x00,0x00,
    0x00,0x00,0x00,0x00,0x00,0x00,0x00,0x00,0x00,0x00,0x00,0x00,0x00,0x00,0x00,0x00,
    0x00,0x00,0x00,0x00,0x00,0x00,0x00,0x00,0x00,0x00,0x00,0x00,0x00,0x00,0x00,0x00,
    0x00,0x00,0x00,0x00,0x00,0x00,0x00,0x00,0x00,0x00,0x00,0x00,0x00,0x00,0x00,0x00,
    0x00,0x00,0x00,0x00,0x00,0x00,0x00,0x00,0x00,0x00,0x00,0x00,0x00,0x00,0x00,0x00,
    0x00,0x00,0x00,0x00,0x00,0x00,0x00,0x00,0x00,0x00,0x00,0x00,0x00,0x00,0x37,0x37,
    0xa8,0x3c,0x37,0x37,0xa8,0x3c,0x84,0x84,0xcb,0xff,0x75,0x75,0xc4,0x9d,0x37,0x37,
    0xa8,0x3c,0x00,0x00,0x00,0x00,0x00,0x00,0x00,0x00,0x00,0x00,0x00,0x00,0x00,0x00,
    0x00,0x00,0x00,0x00,0x00,0x00,0x00,0x00,0x00,0x00,0x00,0x00,0x00,0x00,0x00,0x00,
    0x00,0x00,0x00,0x00,0x00,0x00,0x00,0x00,0x00,0x00,0x00,0x00,0x00,0x00,0x00,0x00,
    0x00,0x00,0x00,0x00,0x00,0x00,0x00,0x00,0x00,0x00,0x00,0x00,0x00,0x00,0x00,0x00,
    0x00,0x00,0x00,0x00,0x00,0x00,0x00,0x00,0x00,0x00,0x00,0x00,0x00,0x00,0x00,0x00,
    0x00,0x00,0x00,0x00,0x00,0x00,0x00,0x00,0x00,0x00,0x00,0x00,0x00,0x00,0x00,0x00,
    0x00,0x00,0x00,0x00,0x00,0x00,0x00,0x00,0x00,0x00,0x00,0x00,0x00,0x00,0x00,0x00,
    0x00,0x00,0xdb,0xf9,0xfe,0xa3,0xdb,0xf9,0xff,0xff,0xdb,0xf9,0xff,0xff,0xdb,0xf8,
    0xfe,0x3b,0x00,0x00,0x00,0x00,0x00,0x00,0x00,0x00,0x00,0x00,0x00,0x00,0x00,0x00,
    0x00,0x00,0x00,0x00,0x00,0x00,0x00,0x00,0x00,0x00,0x00,0x00,0x00,0x00,0x00,0x00,
    0x00,0x00,0x00,0x00,0x00,0x00,0x00,0x00,0x00,0x00,0x00,0x00,0x00,0x00,0x00,0x00,
    0x00,0x00,0x00,0x00,0x00,0x00,0x00,0x00,0x00,0x00,0x00,0x00,0x00,0x00,0x00,0x00,
    0x00,0x00,0x00,0x00,0x00,0x00,0x00,0x00,0x00,0x00,0x00,0x00,0x00,0x00,0x00,0x00,
    0x00,0x00,0x00,0x00,0x00,0x00,0x00,0x00,0x00,0x00,0x7a,0xd6,0xfe,0xef,0x7a,0xd6,
    0xff,0xff,0x7a,0xd6,0xff,0xff,0x7a,0xd6,0xff,0xff,0x7a,0xd6,0xff,0xff,0x7a,0xd6,
    0xff,0xff,0x7a,0xd6,0xff,0xff,0x7a,0xd6,0xff,0xff,0x7a,0xd6,0xff,0xff,0x7a,0xd6,
    0xff,0xff,0x7a,0xd6,0xff,0xff,0x7a,0xd6,0xff,0xff,0x7a,0xd6,0xff,0xff,0x7a,0xd6,
    0xff,0xff,0x7a,0xd6,0xff,0xff,0x7a,0xd6,0xff,0xff,0x7a,0xd6,0xff,0xff,0x79,0xd5,
    0xfd,0x2f,0x00,0x00,0x00,0x00,0x00,0x00,0x00,0x00,0x00,0x00,0x00,0x00,0x00,0x00,
    0x00,0x00,0x00,0x00,0x00,0x00,0x00,0x00,0x00,0x00,0x00,0x00,0x00,0x00,0x00,0x00,
    0x00,0x00,0x00,0x00,0x00,0x00,0x00,0x00,0x00,0x00,0x00,0x00,0x00,0x00,0x51,0x9f,
    0xfe,0x43,0x52,0xa0,0xff,0xd8,0x52,0xa0,0xff,0xd8,0x52,0xa0,0xff,0xd8,0x52,0xa0,
    0xff,0xd8,0x52,0xa0,0xff,0xd8,0x52,0xa0,0xff,0xd8,0x52,0xa0,0xff,0xd8,0x52,0xa0,
    0xff,0xd8,0x52,0xa0,0xff,0xd8,0x52,0xa0,0xff,0xd8,0x52,0xa0,0xff,0xd8,0x52,0xa0,
    0xff,0xd8,0x52,0xa0,0xff,0xd8,0x52,0xa0,0xff,0xd8,0x52,0xa0,0xff,0xd8,0x52,0xa0,
    0xff,0xd8,0x52,0xa0,0xff,0xd8,0x52,0xa0,0xff,0xd8,0x52,0xa0,0xff,0xd8,0x52,0xa0,
    0xff,0xd8,0x51,0x9f,0xfe,0x79,0x00,0x00,0x00,0x00,0x00,0x00,0x00,0x00,0x00,0x00,
    0x00,0x00,0x00,0x00,0x00,0x00,0x00,0x00,0x00,0x00,0x00,0x00,0x00,0x00,0x00,0x00,
    0x00,0x00,0x00,0x00,0x00,0x00,0x00,0x00,0x00,0x00,0x38,0x5b,0xdb,0x23,0x38,0x5b,
    0xdb,0x23,0x38,0x5b,0xdb,0x72,0x38,0x5b,0xdb,0x72,0x38,0x5b,0xdb,0x72,0x38,0x5b,
    0xdb,0x72,0x38,0x5b,0xdb,0x72,0x38,0x5b,0xdb,0x72,0x38,0x5b,0xdb,0x72,0x38,0x5b,
    0xdb,0x72,0x38,0x5b,0xdb,0x72,0x38,0x5b,0xdb,0x72,0x38,0x5b,0xdb,0x72,0x38,0x5b,
    0xdb,0x72,0x38,0x5b,0xdb,0x72,0x38,0x5b,0xdb,0x72,0x38,0x5b,0xdb,0x72,0x38,0x5b,
    0xdb,0x72,0x38,0x5b,0xdb,0x72,0x38,0x5b,0xdb,0x72,0x38,0x5b,0xdb,0x72,0x38,0x5b,
    0xdb,0x72,0x38,0x5b,0xdb,0x72,0x38,0x5b,0xdb,0x40,0x00,0x00,0x00,0x00,0x00,0x00,
    0x00,0x00,0x00,0x00,0x00,0x00,0x00,0x00,0x00,0x00,0x00,0x00,0x00,0x00,0xc5,0xb8,
    0x9b,0x06,0xca,0xbf,0xa4,0xdd,0xe6,0xdf,0xd1,0xff,0xe6,0xdf,0xd1,0xff,0xce,0xc3,
    0xa9,0xff,0xe1,0xd9,0xc9,0xff,0xc1,0xdd,0xda,0xff,0x11,0xcd,0xfb,0xff,0x00,0xcb,
    0xfd,0xff,0x00,0xbf,0xef,0xff,0x55,0xc7,0xdf,0xff,0xca,0xdb,0xd4,0xff,0xc2,0xb7,
    0xb0,0xff,0x9c,0x8c,0x8c,0xff,0x8b,0x79,0x7d,0xff,0x8b,0x79,0x7d,0xff,0x94,0x83,
    0x85,0xff,0xb4,0xa8,0xa3,0xff,0xd7,0xd9,0xcf,0xff,0x79,0xd6,0xe7,0xff,0x07,0xc9,
    0xfa,0xff,0x00,0xbc,0xeb,0xff,0x01,0xb9,0xe6,0xff,0x8c,0xd1,0xda,0xff,0xe7,0xe1,
    0xd3,0xff,0xce,0xc4,0xaa,0xff,0xe0,0xd8,0xc7,0xff,0xe7,0xe1,0xd3,0xff,0xd3,0xca,
    0xb3,0xfd,0xc5,0xb8,0x9b,0x29,0x00,0x00,0x00,0x00,0x00,0x00,0x00,0x00,0x00,0x00,
    0x00,0x00,0x00,0x00,0x00,0x00,0x00,0x00,0x00,0x00,0x00,0x00,0x00,0x00,0x00,0x00,
    0x00,0x00,0x00,0x00,0x00,0x00,0x00,0x00,0x00,0x00,0x00,0x00,0x00,0x00,0x00,0x00,
    0x00,0x00,0x00,0x00,0x00,0x00,0x00,0x00,0x00,0x00,0xc8,0xc8,0xc8,0x2f,0xdf,0xdf,
    0xdf,0xff,0x4b,0x4b,0xb2,0xff,0x39,0x39,0xac,0xff,0x39,0x39,0xac,0xff,0x39,0x39,
    0xac,0xff,0xc7,0xc7,0xde,0xff,0xc9,0xc9,0xc9,0x92,0x00,0x00,0x00,0x00,0x00,0x00,
    0x00,0x00,0x00,0x00,0x00,0x00,0x00,0x00,0x00,0x00,0x00,0x00,0x00,0x00,0x00,0x00,
    0x00,0x00,0x00,0x00,0x00,0x00,0x00,0x00,0x00,0x00,0x00,0x00,0x00,0x00,0x00,0x00,
    0x00,0x00,0x00,0x00,0x00,0x00,0x00,0x00,0x00,0x00,0x00,0x00,0x00,0x00,0x00,0x00,
    0x00,0x00,0x00,0x00,0x00,0x00,0x00,0x00,0x00,0x00,0x00,0x00,0x00,0x00,0x00,0x00,
    0x00,0x00,0x00,0x00,0x00,0x00,0x00,0x00,0x00,0x00,0x00,0x00,0x00,0x00,0x00,0x00,
    0x00,0x00,0x00,0x00,0x00,0x00,0x00,0x00,0x00,0x00,0x00,0x00,0x00,0x00,0xf3,0xb8,
    0x35,0xa3,0xf3,0xb8,0x35,0xa3,0xfc,0xec,0xc9,0xff,0xf8,0xd8,0x8f,0xd1,0xf3,0xb8,
    0x35,0xa3,0x00,0x00,0x00,0x00,0x00,0x00,0x00,0x00,0x00,0x00,0x00,0x00,0x00,0x00,
    0x00,0x00,0x00,0x00,0x00,0x00,0x00,0x00,0x00,0x00,0x00,0x00,0x00,0x00,0x00,0x00,
    0x00,0x00,0x00,0x00,0x00,0x00,0x00,0x00,0x00,0x00,0x00,0x00,0x00,0x00,0x00,0x00,
    0x00,0x00,0x00,0x00,0x00,0x00,0x00,0x00,0x00,0x00,0x00,0x00,0x00,0x00,0x00,0x00,
    0x00,0x00,0x00,0x00,0x00,0x00,0x00,0x00,0x00,0x00,0x00,0x00,0x00,0x00,0x00,0x00,
    0x00,0x00,0x00,0x00,0x00,0x00,0x00,0x00,0x00,0x00,0x00,0x00,0x00,0x00,0x00,0x00,
    0x00,0x00,0x00,0x00,0x00,0x00,0x00,0x00,0x00,0x00,0x00,0x00,0x00,0x00,0x31,0x31,
    0xa7,0x34,0x31,0x31,0xa7,0x34,0x7e,0x7e,0xc9,0xff,0x70,0x70,0xc3,0x99,0x31,0x31,
    0xa7,0x34,0x00,0x00,0x00,0x00,0x00,0x00,0x00,0x00,0x00,0x00,0x00,0x00,0x00,0x00,
    0x00,0x00,0x00,0x00,0x00,0x00,0x00,0x00,0x00,0x00,0x00,0x00,0x00,0x00,0x00,0x00,
    0x00,0x00,0x00,0x00,0x00,0x00,0x00,0x00,0x00,0x00,0x00,0x00,0x00,0x00,0x00,0x00,
    0x00,0x00,0x00,0x00,0x00,0x00,0x00,0x00,0x00,0x00,0x00,0x00,0x00,0x00,0x00,0x00,
    0x00,0x00,0x00,0x00,0x00,0x00,0x00,0x00,0x00,0x00,0x00,0x00,0x00,0x00,0x00,0x00,
    0x00,0x00,0x00,0x00,0x00,0x00,0x00,0x00,0x00,0x00,0x00,0x00,0x00,0x00,0x00,0x00,
    0x00,0x00,0x00,0x00,0x00,0x00,0x00,0x00,0x00,0x00,0x00,0x00,0x00,0x00,0x00,0x00,
    0x00,0x00,0xdb,0xf8,0xfe,0x17,0xdb,0xf9,0xfe,0xe7,0xdb,0xf9,0xfe,0x97,0x00,0x00,
    0x00,0x00,0x00,0x00,0x00,0x00,0x00,0x00,0x00,0x00,0x00,0x00,0x00,0x00,0x00,0x00,
    0x00,0x00,0x00,0x00,0x00,0x00,0x00,0x00,0x00,0x00,0x00,0x00,0x00,0x00,0x00,0x00,
    0x00,0x00,0x00,0x00,0x00,0x00,0x00,0x00,0x00,0x00,0x00,0x00,0x00,0x00,0x00,0x00,
    0x00,0x00,0x00,0x00,0x00,0x00,0x00,0x00,0x00,0x00,0x00,0x00,0x00,0x00,0x00,0x00,
    0x00,0x00,0x00,0x00,0x00,0x00,0x00,0x00,0x00,0x00,0x00,0x00,0x00,0x00,0x00,0x00,
    0x00,0x00,0x00,0x00,0x00,0x00,0x79,0xd6,0xfe,0x4f,0x7a,0xd6,0xff,0xff,0x79,0xd6,
    0xfe,0xdf,0x79,0xd6,0xfe,0xbf,0x7a,0xd6,0xfe,0xaf,0x79,0xd6,0xfe,0x7f,0x79,0xd6,
    0xfe,0x7f,0x7a,0xd6,0xff,0xff,0x7a,0xd6,0xff,0xff,0x7a,0xd6,0xff,0xff,0x7a,0xd6,
    0xff,0xff,0x7a,0xd6,0xff,0xff,0x79,0xd6,0xfe,0x9f,0x79,0xd6,0xfe,0x7f,0x79,0xd6,
    0xfe,0x9f,0x79,0xd6,0xfe,0xbf,0x79,0xd6,0xfe,0xcf,0x7a,0xd6,0xff,0xff,0x79,0xd6,
    0xfe,0x8f,0x00,0x00,0x00,0x00,0x00,0x00,0x00,0x00,0x00,0x00,0x00,0x00,0x00,0x00,
    0x00,0x00,0x00,0x00,0x00,0x00,0x00,0x00,0x00,0x00,0x00,0x00,0x00,0x00,0x00,0x00,
    0x00,0x00,0x00,0x00,0x00,0x00,0x00,0x00,0x00,0x00,0x00,0x00,0x00,0x00,0x51,0x9f,
    0xfe,0x87,0x52,0xa0,0xff,0xd8,0x52,0xa0,0xff,0xd8,0x52,0xa0,0xff,0xd8,0x52,0xa0,
    0xff,0xd8,0x52,0xa0,0xff,0xd8,0x52,0xa0,0xff,0xd8,0x52,0xa0,0xff,0xd8,0x52,0xa0,
    0xff,0xd8,0x52,0xa0,0xff,0xd8,0x52,0xa0,0xff,0xd8,0x52,0xa0,0xff,0xd8,0x52,0xa0,
    0xff,0xd8,0x52,0xa0,0xff,0xd8,0x52,0xa0,0xff,0xd8,0x52,0xa0,0xff,0xd8,0x52,0xa0,
    0xff,0xd8,0x52,0xa0,0xff,0xd8,0x52,0xa0,0xff,0xd8,0x52,0xa0,0xff,0xd8,0x52,0xa0,
    0xff,0xd8,0x51,0x9f,0xfe,0xbd,0x00,0x00,0x00,0x00,0x00,0x00,0x00,0x00,0x00,0x00,
    0x00,0x00,0x00,0x00,0x00,0x00,0x00,0x00,0x00,0x00,0x00,0x00,0x00,0x00,0x00,0x00,
    0x00,0x00,0x00,0x00,0x00,0x00,0x00,0x00,0x00,0x00,0x38,0x5b,0xdb,0x47,0x38,0x5b,
    0xdb,0x47,0x38,0x5b,0xdb,0x72,0x38,0x5b,0xdb,0x72,0x38,0x5b,0xdb,0x72,0x38,0x5b,
    0xdb,0x72,0x38,0x5b,0xdb,0x72,0x38,0x5b,0xdb,0x72,0x38,0x5b,0xdb,0x72,0x38,0x5b,
    0xdb,0x72,0x38,0x5b,0xdb,0x72,0x38,0x5b,0xdb,0x72,0x38,0x5b,0xdb,0x72,0x38,0x5b,
    0xdb,0x72,0x38,0x5b,0xdb,0x72,0x38,0x5b,0xdb,0x72,0x38,0x5b,0xdb,0x72,0x38,0x5b,
    0xdb,0x72,0x38,0x5b,0xdb,0x72,0x38,0x5b,0xdb,0x72,0x38,0x5b,0xdb,0x72,0x38,0x5b,
    0xdb,0x72,0x38,0x5b,0xdb,0x72,0x38,0x5b,0xdb,0x64,0x00,0x00,0x00,0x00,0x00,0x00,
    0x00,0x00,0x00,0x00,0x00,0x00,0x00,0x00,0x00,0x00,0x00,0x00,0x00,0x00,0x00,0x00,
    0x00,0x00,0xc5,0xb9,0x9c,0x5a,0xd7,0xce,0xb8,0xff,0xe7,0xe1,0xd3,0xff,0xe0,0xd9,
    0xc8,0xff,0xe6,0xdf,0xd1,0xff,0xe7,0xe1,0xd3,0xff,0xba,0xdc,0xdb,0xff,0x09,0xbe,
    0xea,0xff,0x00,0xb9,0xe7,0xff,0x00,0xb9,0xe7,0xff,0x04,0xb9,0xe6,0xff,0x4e,0xc6,
    0xe0,0xff,0x90,0xd1,0xda,0xff,0xad,0xd7,0xd8,0xff,0xad,0xda,0xdd,0xff,0x9e,0xda,
    0xe0,0xff,0x66,0xd5,0xeb,0xff,0x13,0xcd,0xfb,0xff,0x00,0xcc,0xff,0xff,0x00,0xcc,
    0xff,0xff,0x00,0xca,0xfd,0xff,0x89,0xd2,0xdc,0xff,0xe7,0xe1,0xd3,0xff,0xe7,0xe1,
    0xd3,0xff,0xe1,0xd9,0xc9,0xff,0xe5,0xdf,0xd0,0xff,0xe0,0xd9,0xc8,0xff,0xc6,0xba,
    0x9d,0xa8,0x00,0x00,0x00,0x00,0x00,0x00,0x00,0x00,0x00,0x00,0x00,0x00,0x00,0x00,
    0x00,0x00,0x00,0x00,0x00,0x00,0x00,0x00,0x00,0x00,0x00,0x00,0x00,0x00,0x00,0x00,
    0x00,0x00,0x00,0x00,0x00,0x00,0x00,0x00,0x00,0x00,0x00,0x00,0x00,0x00,0x00,0x00,
    0x00,0x00,0x00,0x00,0x00,0x00,0x00,0x00,0x00,0x00,0xc5,0xc5,0xc5,0x0a,0xd9,0xd9,
    0xd9,0xff,0x5a,0x5a,0xb8,0xff,0x39,0x39,0xac,0xff,0x39,0x39,0xac,0xff,0x39,0x39,
    0xac,0xff,0xd5,0xd5,0xe0,0xff,0xca,0xca,0xca,0x6f,0x00,0x00,0x00,0x00,0x00,0x00,
    0x00,0x00,0x00,0x00,0x00,0x00,0x00,0x00,0x00,0x00,0x00,0x00,0x00,0x00,0x00,0x00,
    0x00,0x00,0x00,0x00,0x00,0x00,0x00,0x00,0x00,0x00,0x00,0x00,0x00,0x00,0x00,0x00,
    0x00,0x00,0x00,0x00,0x00,0x00,0x00,0x00,0x00,0x00,0x00,0x00,0x00,0x00,0x00,0x00,
    0x00,0x00,0x00,0x00,0x00,0x00,0x00,0x00,0x00,0x00,0x00,0x00,0x00,0x00,0x00,0x00,
    0x00,0x00,0x00,0x00,0x00,0x00,0x00,0x00,0x00,0x00,0x00,0x00,0x00,0x00,0x00,0x00,
    0x00,0x00,0x00,0x00,0x00,0x00,0x00,0x00,0x00,0x00,0x00,0x00,0x00,0x00,0xf3,0xb8,
    0x34,0xae,0xf3,0xb8,0x34,0xae,0xfc,0xef,0xd1,0xff,0xf8,0xd9,0x91,0xd6,0xf3,0xb8,
    0x34,0xae,0x00,0x00,0x00,0x00,0x00,0x00,0x00,0x00,0x00,0x00,0x00,0x00,0x00,0x00,
    0x00,0x00,0x00,0x00,0x00,0x00,0x00,0x00,0x00,0x00,0x00,0x00,0x00,0x00,0x00,0x00,
    0x00,0x00,0x00,0x00,0x00,0x00,0x00,0x00,0x00,0x00,0x00,0x00,0x00,0x00,0x00,0x00,
    0x00,0x00,0x00,0x00,0x00,0x00,0x00,0x00,0x00,0x00,0x00,0x00,0x00,0x00,0x00,0x00,
    0x00,0x00,0x00,0x00,0x00,0x00,0x00,0x00,0x00,0x00,0x00,0x00,0x00,0x00,0x00,0x00,
    0x00,0x00,0x00,0x00,0x00,0x00,0x00,0x00,0x00,0x00,0x00,0x00,0x00,0x00,0x00,0x00,
    0x00,0x00,0x00,0x00,0x00,0x00,0x00,0x00,0x00,0x00,0x00,0x00,0x00,0x00,0x32,0x32,
    0xa6,0x2b,0x32,0x32,0xa6,0x2b,0x79,0x79,0xc6,0xff,0x6e,0x6e,0xc1,0x95,0x32,0x32,
    0xa6,0x2b,0x00,0x00,0x00,0x00,0x00,0x00,0x00,0x00,0x00,0x00,0x00,0x00,0x00,0x00,
    0x00,0x00,0x00,0x00,0x00,0x00,0x00,0x00,0x00,0x00,0x00,0x00,0x00,0x00,0x00,0x00,
    0x00,0x00,0x00,0x00,0x00,0x00,0x00,0x00,0x00,0x00,0x00,0x00,0x00,0x00,0x00,0x00,
    0x00,0x00,0x00,0x00,0x00,0x00,0x00,0x00,0x00,0x00,0x00,0x00,0x00,0x00,0x00,0x00,
    0x00,0x00,0x00,0x00,0x00,0x00,0x00,0x00,0x00,0x00,0x00,0x00,0x00,0x00,0x00,0x00,
    0x00,0x00,0x00,0x00,0x00,0x00,0x00,0x00,0x00,0x00,0x00,0x00,0x00,0x00,0x00,0x00,
    0x00,0x00,0x00,0x00,0x00,0x00,0x00,0x00,0x00,0x00,0x00,0x00,0x00,0x00,0x00,0x00,
    0x00,0x00,0x00,0x00,0x00,0x00,0xda,0xf8,0xfe,0x3f,0xda,0xf8,0xfe,0x1f,0x00,0x00,
    0x00,0x00,0x00,0x00,0x00,0x00,0x00,0x00,0x00,0x00,0x00,0x00,0x00,0x00,0x00,0x00,
    0x00,0x00,0x00,0x00,0x00,0x00,0x00,0x00,0x00,0x00,0x00,0x00,0x00,0x00,0x00,0x00,
    0x00,0x00,0x00,0x00,0x00,0x00,0x00,0x00,0x00,0x00,0x00,0x00,0x00,0x00,0x00,0x00,
    0x00,0x00,0x00,0x00,0x00,0x00,0x00,0x00,0x00,0x00,0x00,0x00,0x00,0x00,0x00,0x00,
    0x00,0x00,0x00,0x00,0x00,0x00,0x00,0x00,0x00,0x00,0x00,0x00,0x00,0x00,0x00,0x00,
    0x00,0x00,0x00,0x00,0x00,0x00,0x00,0x00,0x00,0x00,0x00,0x00,0x00,0x00,0x00,0x00,
    0x00,0x00,0x00,0x00,0x00,0x00,0x00,0x00,0x00,0x00,0x00,0x00,0x00,0x00,0x00,0x00,
    0x00,0x00,0x79,0xd6,0xfe,0x8f,0x7a,0xd6,0xff,0xff,0x7a,0xd6,0xff,0xff,0x7a,0xd6,
    0xff,0xff,0x79,0xd6,0xfe,0xbf,0x00,0x00,0x00,0x00,0x00,0x00,0x00,0x00,0x00,0x00,
    0x00,0x00,0x00,0x00,0x00,0x00,0x00,0x00,0x00,0x00,0x00,0x00,0x00,0x00,0x00,0x00,
    0x00,0x00,0x00,0x00,0x00,0x00,0x00,0x00,0x00,0x00,0x00,0x00,0x00,0x00,0x00,0x00,
    0x00,0x00,0x00,0x00,0x00,0x00,0x00,0x00,0x00,0x00,0x00,0x00,0x00,0x00,0x00,0x00,
    0x00,0x00,0x00,0x00,0x00,0x00,0x00,0x00,0x00,0x00,0x00,0x00,0x00,0x00,0x51,0xa0,
    0xfe,0xcb,0x52,0xa0,0xff,0xd8,0x52,0xa0,0xff,0xd8,0x52,0xa0,0xff,0xd8,0x52,0xa0,
    0xff,0xd8,0x52,0xa0,0xff,0xd8,0x52,0xa0,0xff,0xd8,0x52,0xa0,0xff,0xd8,0x52,0xa0,
    0xff,0xd8,0x52,0xa0,0xff,0xd8,0x52,0xa0,0xff,0xd8,0x52,0xa0,0xff,0xd8,0x52,0xa0,
    0xff,0xd8,0x52,0xa0,0xff,0xd8,0x52,0xa0,0xff,0xd8,0x52,0xa0,0xff,0xd8,0x52,0xa0,
    0xff,0xd8,0x52,0xa0,0xff,0xd8,0x52,0xa0,0xff,0xd8,0x52,0xa0,0xff,0xd8,0x52,0xa0,
    0xff,0xd8,0x52,0xa0,0xff,0xd8,0x51,0x9f,0xfd,0x27,0x00,0x00,0x00,0x00,0x00,0x00,
    0x00,0x00,0x00,0x00,0x00,0x00,0x00,0x00,0x00,0x00,0x00,0x00,0x00,0x00,0x00,0x00,
    0x00,0x00,0x00,0x00,0x00,0x00,0x00,0x00,0x00,0x00,0x38,0x5b,0xdb,0x6b,0x38,0x5b,
    0xdb,0x6b,0x38,0x5b,0xdb,0x72,0x38,0x5b,0xdb,0x72,0x38,0x5b,0xdb,0x72,0x38,0x5b,
    0xdb,0x72,0x38,0x5b,0xdb,0x72,0x38,0x5b,0xdb,0x72,0x38,0x5b,0xdb,0x72,0x38,0x5b,
    0xdb,0x72,0x38,0x5b,0xdb,0x72,0x38,0x5b,0xdb,0x72,0x38,0x5b,0xdb,0x72,0x38,0x5b,
    0xdb,0x72,0x38,0x5b,0xdb,0x72,0x38,0x5b,0xdb,0x72,0x38,0x5b,0xdb,0x72,0x38,0x5b,
    0xdb,0x72,0x38,0x5b,0xdb,0x72,0x38,0x5b,0xdb,0x72,0x38,0x5b,0xdb,0x72,0x38,0x5b,
    0xdb,0x72,0x38,0x5b,0xdb,0x72,0x38,0x5b,0xdb,0x72,0x37,0x5b,0xdb,0x15,0x37,0x5b,
    0xdb,0x15,0x00,0x00,0x00,0x00,0x00,0x00,0x00,0x00,0x00,0x00,0x00,0x00,0x00,0x00,
    0x00,0x00,0xbb,0xaa,0x88,0x01,0xc7,0xbc,0xa0,0xc6,0xe2,0xdb,0xcb,0xff,0xe7,0xe1,
    0xd3,0xff,0xe7,0xe1,0xd3,0xff,0xe7,0xe1,0xd3,0xff,0xe7,0xe1,0xd3,0xff,0xb5,0xd8,
    0xd7,0xff,0x1e,0xbe,0xe4,0xff,0x00,0xb9,0xe7,0xff,0x00,0xb9,0xe7,0xff,0x00,0xb9,
    0xe7,0xff,0x00,0xb9,0xe7,0xff,0x00,0xb9,0xe7,0xff,0x00,0xc8,0xfb,0xff,0x00,0xcc,
    0xff,0xff,0x00,0xcc,0xff,0xff,0x00,0xcc,0xff,0xff,0x00,0xcc,0xff,0xff,0x09,0xcc,
    0xfd,0xff,0x8c,0xd8,0xe3,0xff,0xe7,0xe1,0xd3,0xff,0xe7,0xe1,0xd3,0xff,0xe7,0xe1,
    0xd3,0xff,0xe7,0xe1,0xd3,0xff,0xe6,0xe0,0xd1,0xff,0xcd,0xc3,0xa9,0xf0,0xc4,0xb8,
    0x9b,0x1e,0x00,0x00,0x00,0x00,0x00,0x00,0x00,0x00,0x00,0x00,0x00,0x00,0x00,0x00,
    0x00,0x00,0x00,0x00,0x00,0x00,0x00,0x00,0x00,0x00,0x00,0x00,0x00,0x00,0x00,0x00,
    0x00,0x00,0x00,0x00,0x00,0x00,0x00,0x00,0x00,0x00,0x00,0x00,0x00,0x00,0x00,0x00,
    0x00,0x00,0x00,0x00,0x00,0x00,0x00,0x00,0x00,0x00,0x00,0x00,0x00,0x00,0xd4,0xd4,
    0xd4,0xe7,0x6a,0x6a,0xbe,0xff,0x39,0x39,0xac,0xff,0x39,0x39,0xac,0xff,0x3b,0x3b,
    0xad,0xff,0xe1,0xe1,0xe1,0xff,0xc9,0xc9,0xc9,0x4a,0x00,0x00,0x00,0x00,0x00,0x00,
    0x00,0x00,0x00,0x00,0x00,0x00,0x00,0x00,0x00,0x00,0x00,0x00,0x00,0x00,0x00,0x00,
    0x00,0x00,0x00,0x00,0x00,0x00,0x00,0x00,0x00,0x00,0x00,0x00,0x00,0x00,0x00,0x00,
    0x00,0x00,0x00,0x00,0x00,0x00,0x00,0x00,0x00,0x00,0x00,0x00,0x00,0x00,0x00,0x00,
    0x00,0x00,0x00,0x00,0x00,0x00,0x00,0x00,0x00,0x00,0x00,0x00,0x00,0x00,0x00,0x00,
    0x00,0x00,0x00,0x00,0x00,0x00,0x00,0x00,0x00,0x00,0x00,0x00,0x00,0x00,0x00,0x00,
    0x00,0x00,0x00,0x00,0x00,0x00,0x00,0x00,0x00,0x00,0x00,0x00,0x00,0x00,0xf2,0xb9,
    0x34,0xba,0xf2,0xb9,0x34,0xba,0xfd,0xf2,0xd9,0xff,0xf8,0xd9,0x93,0xdc,0xf2,0xb9,
    0x34,0xba,0x00,0x00,0x00,0x00,0x00,0x00,0x00,0x00,0x00,0x00,0x00,0x00,0x00,0x00,
    0x00,0x00,0x00,0x00,0x00,0x00,0x00,0x00,0x00,0x00,0x00,0x00,0x00,0x00,0x00,0x00,
    0x00,0x00,0x00,0x00,0x00,0x00,0x00,0x00,0x00,0x00,0x00,0x00,0x00,0x00,0x00,0x00,
    0x00,0x00,0x00,0x00,0x00,0x00,0x00,0x00,0x00,0x00,0x00,0x00,0x00,0x00,0x00,0x00,
    0x00,0x00,0x00,0x00,0x00,0x00,0x00,0x00,0x00,0x00,0x00,0x00,0x00,0x00,0x00,0x00,
    0x00,0x00,0x00,0x00,0x00,0x00,0x00,0x00,0x00,0x00,0x00,0x00,0x00,0x00,0x00,0x00,
    0x00,0x00,0x00,0x00,0x00,0x00,0x00,0x00,0x00,0x00,0x00,0x00,0x00,0x00,0x33,0x33,
    0xa7,0x20,0x33,0x33,0xa7,0x20,0x71,0x71,0xc3,0xff,0x6a,0x6a,0xbf,0x8f,0x33,0x33,
    0xa7,0x20,0x00,0x00,0x00,0x00,0x00,0x00,0x00,0x00,0x00,0x00,0x00,0x00,0x00,0x00,
    0x00,0x00,0x00,0x00,0x00,0x00,0x00,0x00,0x00,0x00,0x00,0x00,0x00,0x00,0x00,0x00,
    0x00,0x00,0x00,0x00,0x00,0x00,0x00,0x00,0x00,0x00,0x00,0x00,0x00,0x00,0x00,0x00,
    0x00,0x00,0x00,0x00,0x00,0x00,0x00,0x00,0x00,0x00,0x00,0x00,0x00,0x00,0x00,0x00,
    0x00,0x00,0x00,0x00,0x00,0x00,0x00,0x00,0x00,0x00,0x00,0x00,0x00,0x00,0x00,0x00,
    0x00,0x00,0x00,0x00,0x00,0x00,0x00,0x00,0x00,0x00,0x00,0x00,0x00,0x00,0x00,0x00,
    0x00,0x00,0x00,0x00,0x00,0x00,0x00,0x00,0x00,0x00,0x00,0x00,0x00,0x00,0x00,0x00,
    0x00,0x00,0x00,0x00,0x00,0x00,0x00,0x00,0x00,0x00,0x00,0x00,0x00,0x00,0x00,0x00,
    0x00,0x00,0x00,0x00,0x00,0x00,0x00,0x00,0x00,0x00,0x00,0x00,0x00,0x00,0x00,0x00,
    0x00,0x00,0x00,0x00,0x00,0x00,0x00,0x00,0x00,0x00,0x00,0x00,0x00,0x00,0x00,0x00,
    0x00,0x00,0x00,0x00,0x00,0x00,0x00,0x00,0x00,0x00,0x00,0x00,0x00,0x00,0x00,0x00,
    0x00,0x00,0x00,0x00,0x00,0x00,0x00,0x00,0x00,0x00,0x00,0x00,0x00,0x00,0x00,0x00,
    0x00,0x00,0x00,0x00,0x00,0x00,0x00,0x00,0x00,0x00,0x00,0x00,0x00,0x00,0x00,0x00,
    0x00,0x00,0x00,0x00,0x00,0x00,0x00,0x00,0x00,0x00,0x00,0x00,0x00,0x00,0x00,0x00,
    0x00,0x00,0x00,0x00,0x00,0x00,0x00,0x00,0x00,0x00,0x00,0x00,0x00,0x00,0x00,0x00,
    0x00,0x00,0x77,0xd3,0xfb,0x0f,0x7a,0xd6,0xfe,0xf7,0x7a,0xd6,0xff,0xff,0x7a,0xd6,
    0xff,0xff,0x79,0xd5,0xfd,0x2f,0x00,0x00,0x00,0x00,0x00,0x00,0x00,0x00,0x00,0x00,
    0x00,0x00,0x00,0x00,0x00,0x00,0x00,0x00,0x00,0x00,0x00,0x00,0x00,0x00,0x00,0x00,
    0x00,0x00,0x00,0x00,0x00,0x00,0x00,0x00,0x00,0x00,0x00,0x00,0x00,0x00,0x00,0x00,
    0x00,0x00,0x00,0x00,0x00,0x00,0x00,0x00,0x00,0x00,0x00,0x00,0x00,0x00,0x00,0x00,
    0x00,0x00,0x00,0x00,0x00,0x00,0x00,0x00,0x00,0x00,0x51,0x9f,0xfe,0x43,0x52,0xa0,
    0xff,0xd8,0x51,0x9f,0xfe,0xbd,0x51,0x9f,0xfe,0xbd,0x51,0x9f,0xfe,0xa2,0x51,0xa0,
    0xfe,0x94,0x51,0x9f,0xfe,0x6b,0x51,0x9f,0xfe,0x6b,0x52,0xa0,0xff,0xd8,0x52,0xa0,
    0xff,0xd8,0x52,0xa0,0xff,0xd8,0x52,0xa0,0xff,0xd8,0x52,0xa0,0xff,0xd8,0x52,0xa0,
    0xff,0xd8,0x52,0xa0,0xff,0xd8,0x52,0xa0,0xff,0xd8,0x51,0x9f,0xfe,0x87,0x51,0x9f,
    0xfe,0x6b,0x51,0x9f,0xfe,0x87,0x51,0x9f,0xfe,0xa2,0x51,0x9f,0xfe,0xaf,0x51,0x9f,
    0xfe,0xaf,0x52,0xa0,0xff,0xd8,0x51,0x9f,0xfe,0x79,0x00,0x00,0x00,0x00,0x00,0x00,
    0x00,0x00,0x00,0x00,0x00,0x00,0x00,0x00,0x00,0x00,0x00,0x00,0x00,0x00,0x00,0x00,
    0x00,0x00,0x00,0x00,0x00,0x00,0x00,0x00,0x00,0x00,0x38,0x5b,0xdb,0x6b,0x38,0x5b,
    0xdb,0x6b,0x38,0x5b,0xdb,0x72,0x38,0x5b,0xdb,0x72,0x38,0x5b,0xdb,0x72,0x38,0x5b,
    0xdb,0x72,0x38,0x5b,0xdb,0x72,0x38,0x5b,0xdb,0x72,0x38,0x5b,0xdb,0x72,0x38,0x5b,
    0xdb,0x72,0x38,0x5b,0xdb,0x72,0x38,0x5b,0xdb,0x72,0x38,0x5b,0xdb,0x72,0x38,0x5b,
    0xdb,0x72,0x38,0x5b,0xdb,0x72,0x38,0x5b,0xdb,0x72,0x38,0x5b,0xdb,0x72,0x38,0x5b,
    0xdb,0x72,0x38,0x5b,0xdb,0x72,0x38,0x5b,0xdb,0x72,0x38,0x5b,0xdb,0x72,0x38,0x5b,
    0xdb,0x72,0x38,0x5b,0xdb,0x72,0x38,0x5b,0xdb,0x72,0x37,0x5b,0xdb,0x15,0x37,0x5b,
    0xdb,0x15,0x00,0x00,0x00,0x00,0x00,0x00,0x00,0x00,0x00,0x00,0x00,0x00,0x00,0x00,
    0x00,0x00,0x00,0x00,0x00,0x00,0xc3,0xb9,0x9b,0x1d,0xcc,0xc1,0xa7,0xd8,0xe3,0xdc,
    0xcc,0xff,0xe7,0xe1,0xd3,0xff,0xe7,0xe1,0xd3,0xff,0xe7,0xe1,0xd3,0xff,0xe7,0xe1,
    0xd3,0xff,0xdf,0xdf,0xd3,0xff,0x91,0xd2,0xda,0xff,0x48,0xc5,0xe0,0xff,0x0f,0xbb,
    0xe5,0xff,0x00,0xb9,0xe7,0xff,0x00,0xb9,0xe7,0xff,0x00,0xc8,0xfb,0xff,0x00,0xcc,
    0xff,0xff,0x04,0xcc,0xfe,0xff,0x34,0xd0,0xf4,0xff,0x78,0xd6,0xe8,0xff,0xce,0xde,
    0xd7,0xff,0xe7,0xe1,0xd3,0xff,0xe7,0xe1,0xd3,0xff,0xe7,0xe1,0xd3,0xff,0xe7,0xe1,
    0xd3,0xff,0xe6,0xdf,0xd1,0xff,0xd1,0xc7,0xaf,0xf3,0xc4,0xb9,0x9c,0x47,0x00,0x00,
    0x00,0x00,0x00,0x00,0x00,0x00,0x00,0x00,0x00,0x00,0x00,0x00,0x00,0x00,0x00,0x00,
    0x00,0x00,0x00,0x00,0x00,0x00,0x00,0x00,0x00,0x00,0x00,0x00,0x00,0x00,0x00,0x00,
    0x00,0x00,0x00,0x00,0x00,0x00,0x00,0x00,0x00,0x00,0x00,0x00,0x00,0x00,0x00,0x00,
    0x00,0x00,0x00,0x00,0x00,0x00,0x00,0x00,0x00,0x00,0x00,0x00,0x00,0x00,0xcf,0xcf,
    0xcf,0xbf,0x7a,0x7a,0xc4,0xff,0x39,0x39,0xac,0xff,0x39,0x39,0xac,0xff,0x4c,0x4c,
    0xb3,0xff,0xdb,0xdb,0xdb,0xff,0xc7,0xc7,0xc7,0x1b,0x00,0x00,0x00,0x00,0x00,0x00,
    0x00,0x00,0x00,0x00,0x00,0x00,0x00,0x00,0x00,0x00,0x00,0x00,0x00,0x00,0x00,0x00,
    0x00,0x00,0x00,0x00,0x00,0x00,0x00,0x00,0x00,0x00,0x00,0x00,0x00,0x00,0x00,0x00,
    0x00,0x00,0x00,0x00,0x00,0x00,0x00,0x00,0x00,0x00,0x00,0x00,0x00,0x00,0x00,0x00,
    0x00,0x00,0x00,0x00,0x00,0x00,0x00,0x00,0x00,0x00,0x00,0x00,0x00,0x00,0x00,0x00,
    0x00,0x00,0x00,0x00,0x00,0x00,0x00,0x00,0x00,0x00,0x00,0x00,0x00,0x00,0x00,0x00,
    0x00,0x00,0x00,0x00,0x00,0x00,0x00,0x00,0x00,0x00,0x00,0x00,0x00,0x00,0xf1,0xb9,
    0x34,0xc5,0xf1,0xb9,0x34,0xc5,0xfd,0xf4,0xe1,0xff,0xf7,0xda,0x95,0xe2,0xf1,0xb9,
    0x34,0xc5,0x00,0x00,0x00,0x00,0x00,0x00,0x00,0x00,0x00,0x00,0x00,0x00,0x00,0x00,
    0x00,0x00,0x00,0x00,0x00,0x00,0x00,0x00,0x00,0x00,0x00,0x00,0x00,0x00,0x00,0x00,
    0x00,0x00,0x00,0x00,0x00,0x00,0x00,0x00,0x00,0x00,0x00,0x00,0x00,0x00,0x00,0x00,
    0x00,0x00,0x00,0x00,0x00,0x00,0x00,0x00,0x00,0x00,0x00,0x00,0x00,0x00,0x00,0x00,
    0x00,0x00,0x00,0x00,0x00,0x00,0x00,0x00,0x00,0x00,0x00,0x00,0x00,0x00,0x00,0x00,
    0x00,0x00,0x00,0x00,0x00,0x00,0x00,0x00,0x00,0x00,0x00,0x00,0x00,0x00,0x00,0x00,
    0x00,0x00,0x00,0x00,0x00,0x00,0x00,0x00,0x00,0x00,0x00,0x00,0x00,0x00,0x30,0x30,
    0x9d,0x15,0x30,0x30,0x9d,0x15,0x69,0x69,0xc0,0xff,0x64,0x64,0xbd,0x8a,0x30,0x30,
    0x9d,0x15,0x00,0x00,0x00,0x00,0x00,0x00,0x00,0x00,0x00,0x00,0x00,0x00,0x00,0x00,
    0x00,0x00,0x00,0x00,0x00,0x00,0x00,0x00,0x00,0x00,0x00,0x00,0x00,0x00,0x00,0x00,
    0x00,0x00,0x00,0x00,0x00,0x00,0x00,0x00,0x00,0x00,0x00,0x00,0x00,0x00,0x00,0x00,
    0x00,0x00,0x00,0x00,0x00,0x00,0x00,0x00,0x00,0x00,0x00,0x00,0x00,0x00,0x00,0x00,
    0x00,0x00,0x00,0x00,0x00,0x00,0x00,0x00,0x00,0x00,0x00,0x00,0x00,0x00,0x00,0x00,
    0x00,0x00,0x00,0x00,0x00,0x00,0x00,0x00,0x00,0x00,0x00,0x00,0x00,0x00,0x00,0x00,
    0x00,0x00,0x00,0x00,0x00,0x00,0x00,0x00,0x00,0x00,0x00,0x00,0x00,0x00,0x00,0x00,
    0x00,0x00,0x00,0x00,0x00,0x00,0x00,0x00,0x00,0x00,0x00,0x00,0x00,0x00,0x00,0x00,
    0x00,0x00,0x00,0x00,0x00,0x00,0x00,0x00,0x00,0x00,0x00,0x00,0x00,0x00,0x00,0x00,
    0x00,0x00,0x00,0x00,0x00,0x00,0x00,0x00,0x00,0x00,0x00,0x00,0x00,0x00,0x00,0x00,
    0x00,0x00,0x00,0x00,0x00,0x00,0x00,0x00,0x00,0x00,0x00,0x00,0x00,0x00,0x00,0x00,
    0x00,0x00,0x00,0x00,0x00,0x00,0x00,0x00,0x00,0x00,0x00,0x00,0x00,0x00,0x00,0x00,
    0x00,0x00,0x00,0x00,0x00,0x00,0x00,0x00,0x00,0x00,0x00,0x00,0x00,0x00,0x00,0x00,
    0x00,0x00,0x00,0x00,0x00,0x00,0x00,0x00,0x00,0x00,0x00,0x00,0x00,0x00,0x00,0x00,
    0x00,0x00,0x00,0x00,0x00,0x00,0x00,0x00,0x00,0x00,0x00,0x00,0x00,0x00,0x00,0x00,
    0x00,0x00,0x00,0x00,0x00,0x00,0x7a,0xd6,0xfe,0xaf,0x7a,0xd6,0xff,0xff,0x79,0xd6,
    0xfe,0x7f,0x00,0x00,0x00,0x00,0x00,0x00,0x00,0x00,0x00,0x00,0x00,0x00,0x00,0x00,
    0x00,0x00,0x00,0x00,0x00,0x00,0x00,0x00,0x00,0x00,0x00,0x00,0x00,0x00,0x00,0x00,
    0x00,0x00,0x00,0x00,0x00,0x00,0x00,0x00,0x00,0x00,0x00,0x00,0x00,0x00,0x00,0x00,
    0x00,0x00,0x00,0x00,0x00,0x00,0x00,0x00,0x00,0x00,0x00,0x00,0x00,0x00,0x00,0x00,
    0x00,0x00,0x00,0x00,0x00,0x00,0x00,0x00,0x00,0x00,0x00,0x00,0x00,0x00,0x00,0x00,
    0x00,0x00,0x00,0x00,0x00,0x00,0x00,0x00,0x00,0x00,0x00,0x00,0x00,0x00,0x00,0x00,
    0x00,0x00,0x00,0x00,0x00,0x00,0x00,0x00,0x00,0x00,0x51,0x9f,0xfe,0x79,0x51,0x9f,
    0xfe,0x79,0x52,0xa0,0xff,0xd8,0x52,0xa0,0xff,0xd8,0x52,0xa0,0xff,0xd8,0x52,0xa0,
    0xff,0xd8,0x51,0x9f,0xfe,0xa2,0x51,0x9f,0xfe,0xa2,0x00,0x00,0x00,0x00,0x00,0x00,
    0x00,0x00,0x00,0x00,0x00,0x00,0x00,0x00,0x00,0x00,0x00,0x00,0x00,0x00,0x00,0x00,
    0x00,0x00,0x00,0x00,0x00,0x00,0x00,0x00,0x00,0x00,0x00,0x00,0x00,0x00,0x00,0x00,
    0x00,0x00,0x00,0x00,0x00,0x00,0x00,0x00,0x00,0x00,0x00,0x00,0x00,0x00,0x00,0x00,
    0x00,0x00,0x00,0x00,0x00,0x00,0x38,0x5b,0xdb,0x23,0x38,0x5b,0xdb,0x72,0x38,0x5b,
    0xdb,0x72,0x38,0x5b,0xdb,0x64,0x38,0x5b,0xdb,0x55,0x38,0x5b,0xdb,0x4e,0x38,0x5b,
    0xdb,0x4e,0x38,0x5b,0xdb,0x39,0x38,0x5b,0xdb,0x39,0x38,0x5b,0xdb,0x72,0x38,0x5b,
    0xdb,0x72,0x38,0x5b,0xdb,0x72,0x38,0x5b,0xdb,0x72,0x38,0x5b,0xdb,0x72,0x38,0x5b,
    0xdb,0x72,0x38,0x5b,0xdb,0x72,0x38,0x5b,0xdb,0x72,0x38,0x5b,0xdb,0x47,0x38,0x5b,
    0xdb,0x47,0x38,0x5b,0xdb,0x39,0x38,0x5b,0xdb,0x47,0x38,0x5b,0xdb,0x55,0x38,0x5b,
    0xdb,0x55,0x38,0x5b,0xdb,0x5d,0x38,0x5b,0xdb,0x72,0x38,0x5b,0xdb,0x40,0x38,0x5b,
    0xdb,0x40,0x00,0x00,0x00,0x00,0x00,0x00,0x00,0x00,0x00,0x00,0x00,0x00,0x00,0x00,
    0x00,0x00,0x00,0x00,0x00,0x00,0x00,0x00,0x00,0x00,0xc4,0xb7,0x9a,0x18,0xca,0xbf,
    0xa3,0xdb,0xe3,0xdc,0xcd,0xff,0xe7,0xe1,0xd3,0xff,0xe7,0xe1,0xd3,0xff,0xee,0xeb,
    0xe2,0xff,0xef,0xec,0xe4,0xff,0xe7,0xe1,0xd3,0xff,0xe7,0xe1,0xd3,0xff,0xe7,0xe1,
    0xd3,0xff,0xce,0xdc,0xd5,0xff,0xc0,0xda,0xd6,0xff,0xc0,0xdc,0xd9,0xff,0xc6,0xdd,
    0xd9,0xff,0xe2,0xe0,0xd3,0xff,0xe7,0xe1,0xd3,0xff,0xe7,0xe1,0xd3,0xff,0xec,0xe8,
    0xdd,0xff,0xf1,0xef,0xe9,0xff,0xe7,0xe1,0xd3,0xff,0xe7,0xe1,0xd3,0xff,0xe6,0xe0,
    0xd1,0xff,0xd0,0xc5,0xad,0xf6,0xc5,0xb9,0x9c,0x3f,0x00,0x00,0x00,0x00,0x00,0x00,
    0x00,0x00,0x00,0x00,0x00,0x00,0x00,0x00,0x00,0x00,0x00,0x00,0x00,0x00,0x00,0x00,
    0x00,0x00,0x00,0x00,0x00,0x00,0x00,0x00,0x00,0x00,0x00,0x00,0x00,0x00,0x00,0x00,
    0x00,0x00,0x00,0x00,0x00,0x00,0x00,0x00,0x00,0x00,0x00,0x00,0x00,0x00,0x00,0x00,
    0x00,0x00,0x00,0x00,0x00,0x00,0x00,0x00,0x00,0x00,0x00,0x00,0x00,0x00,0xca,0xca,
    0xca,0x96,0x8a,0x8a,0xc9,0xff,0x39,0x39,0xac,0xff,0x39,0x39,0xac,0xff,0x5e,0x5e,
    0xba,0xff,0xd5,0xd5,0xd5,0xf2,0x00,0x00,0x00,0x00,0x00,0x00,0x00,0x00,0x00,0x00,
    0x00,0x00,0x00,0x00,0x00,0x00,0x00,0x00,0x00,0x00,0x00,0x00,0x00,0x00,0x00,0x00,
    0x00,0x00,0x00,0x00,0x00,0x00,0x00,0x00,0x00,0x00,0x00,0x00,0x00,0x00,0x00,0x00,
    0x00,0x00,0x00,0x00,0x00,0x00,0x00,0x00,0x00,0x00,0x00,0x00,0x00,0x00,0x00,0x00,
    0x00,0x00,0x00,0x00,0x00,0x00,0x00,0x00,0x00,0x00,0x00,0x00,0x00,0x00,0x00,0x00,
    0x00,0x00,0x00,0x00,0x00,0x00,0x00,0x00,0x00,0x00,0x00,0x00,0x00,0x00,0x00,0x00,
    0x00,0x00,0x00,0x00,0x00,0x00,0x00,0x00,0x00,0x00,0x00,0x00,0x00,0x00,0xf2,0xb8,
    0x34,0xce,0xf2,0xb8,0x34,0xce,0xfd,0xf7,0xe7,0xff,0xf8,0xda,0x97,0xe6,0xf2,0xb8,
    0x34,0xce,0x00,0x00,0x00,0x00,0x00,0x00,0x00,0x00,0x00,0x00,0x00,0x00,0x00,0x00,
    0x00,0x00,0x00,0x00,0x00,0x00,0x00,0x00,0x00,0x00,0x00,0x00,0x00,0x00,0x00,0x00,
    0x00,0x00,0x00,0x00,0x00,0x00,0x00,0x00,0x00,0x00,0x00,0x00,0x00,0x00,0x00,0x00,
    0x00,0x00,0x00,0x00,0x00,0x00,0x00,0x00,0x00,0x00,0x00,0x00,0x00,0x00,0x00,0x00,
    0x00,0x00,0x00,0x00,0x00,0x00,0x00,0x00,0x00,0x00,0x00,0x00,0x00,0x00,0x00,0x00,
    0x00,0x00,0x00,0x00,0x00,0x00,0x00,0x00,0x00,0x00,0x00,0x00,0x00,0x00,0x00,0x00,
    0x00,0x00,0x00,0x00,0x00,0x00,0x00,0x00,0x00,0x00,0x00,0x00,0x00,0x00,0x1a,0x1a,
    0x93,0x09,0x1a,0x1a,0x93,0x09,0x61,0x61,0xbc,0xff,0x5e,0x5e,0xbb,0x84,0x1a,0x1a,
    0x93,0x09,0x00,0x00,0x00,0x00,0x00,0x00,0x00,0x00,0x00,0x00,0x00,0x00,0x00,0x00,
    0x00,0x00,0x00,0x00,0x00,0x00,0x00,0x00,0x00,0x00,0x00,0x00,0x00,0x00,0x00,0x00,
    0x00,0x00,0x00,0x00,0x00,0x00,0x00,0x00,0x00,0x00,0x00,0x00,0x00,0x00,0x00,0x00,
    0x00,0x00,0x00,0x00,0x00,0x00,0x00,0x00,0x00,0x00,0x00,0x00,0x00,0x00,0x00,0x00,
    0x00,0x00,0x00,0x00,0x00,0x00,0x00,0x00,0x00,0x00,0x00,0x00,0x00,0x00,0x00,0x00,
    0x00,0x00,0x00,0x00,0x00,0x00,0x00,0x00,0x00,0x00,0x00,0x00,0x00,0x00,0x00,0x00,
    0x00,0x00,0x00,0x00,0x00,0x00,0x00,0x00,0x00,0x00,0x00,0x00,0x00,0x00,0x00,0x00,
    0x00,0x00,0x00,0x00,0x00,0x00,0x00,0x00,0x00,0x00,0x00,0x00,0x00,0x00,0x00,0x00,
    0x00,0x00,0x00,0x00,0x00,0x00,0x00,0x00,0x00,0x00,0x00,0x00,0x00,0x00,0x00,0x00,
    0x00,0x00,0x00,0x00,0x00,0x00,0x00,0x00,0x00,0x00,0x00,0x00,0x00,0x00,0x00,0x00,
    0x00,0x00,0x00,0x00,0x00,0x00,0x00,0x00,0x00,0x00,0x00,0x00,0x00,0x00,0x00,0x00,
    0x00,0x00,0x00,0x00,0x00,0x00,0x00,0x00,0x00,0x00,0x00,0x00,0x00,0x00,0x00,0x00,
    0x00,0x00,0x00,0x00,0x00,0x00,0x00,0x00,0x00,0x00,0x00,0x00,0x00,0x00,0x00,0x00,
    0x00,0x00,0x00,0x00,0x00,0x00,0x00,0x00,0x00,0x00,0x00,0x00,0x00,0x00,0x00,0x00,
    0x00,0x00,0x00,0x00,0x00,0x00,0x00,0x00,0x00,0x00,0x00,0x00,0x00,0x00,0x00,0x00,
    0x00,0x00,0x00,0x00,0x00,0x00,0x79,0xd6,0xfe,0x67,0x79,0xd6,0xfe,0xdf,0x00,0x00,
    0x00,0x00,0x00,0x00,0x00,0x00,0x00,0x00,0x00,0x00,0x00,0x00,0x00,0x00,0x00,0x00,
    0x00,0x00,0x00,0x00,0x00,0x00,0x00,0x00,0x00,0x00,0x00,0x00,0x00,0x00,0x00,0x00,
    0x00,0x00,0x00,0x00,0x00,0x00,0x00,0x00,0x00,0x00,0x00,0x00,0x00,0x00,0x00,0x00,
    0x00,0x00,0x00,0x00,0x00,0x00,0x00,0x00,0x00,0x00,0x00,0x00,0x00,0x00,0x00,0x00,
    0x00,0x00,0x00,0x00,0x00,0x00,0x00,0x00,0x00,0x00,0x00,0x00,0x00,0x00,0x00,0x00,
    0x00,0x00,0x00,0x00,0x00,0x00,0x00,0x00,0x00,0x00,0x00,0x00,0x00,0x00,0x00,0x00,
    0x00,0x00,0x00,0x00,0x00,0x00,0x00,0x00,0x00,0x00,0x51,0x9f,0xfe,0x79,0x51,0x9f,
    0xfe,0x79,0x52,0xa0,0xff,0xd8,0x52,0xa0,0xff,0xd8,0x52,0xa0,0xff,0xd8,0x52,0xa0,
    0xff,0xd8,0x51,0x9f,0xfe,0xa2,0x51,0x9f,0xfe,0xa2,0x00,0x00,0x00,0x00,0x00,0x00,
    0x00,0x00,0x00,0x00,0x00,0x00,0x00,0x00,0x00,0x00,0x00,0x00,0x00,0x00,0x00,0x00,
    0x00,0x00,0x00,0x00,0x00,0x00,0x00,0x00,0x00,0x00,0x00,0x00,0x00,0x00,0x00,0x00,
    0x00,0x00,0x00,0x00,0x00,0x00,0x00,0x00,0x00,0x00,0x00,0x00,0x00,0x00,0x00,0x00,
    0x00,0x00,0x00,0x00,0x00,0x00,0x00,0x00,0x00,0x00,0x00,0x00,0x00,0x00,0x00,0x00,
    0x00,0x00,0x00,0x00,0x00,0x00,0x00,0x00,0x00,0x00,0x00,0x00,0x00,0x00,0x00,0x00,
    0x00,0x00,0x00,0x00,0x00,0x00,0x00,0x00,0x00,0x00,0x38,0x5b,0xdb,0x40,0x38,0x5b,
    0xdb,0x40,0x38,0x5b,0xdb,0x72,0x38,0x5b,0xdb,0x72,0x38,0x5b,0xdb,0x72,0x38,0x5b,
    0xdb,0x72,0x38,0x5b,0xdb,0x72,0x38,0x5b,0xdb,0x55,0x00,0x00,0x00,0x00,0x00,0x00,
    0x00,0x00,0x00,0x00,0x00,0x00,0x00,0x00,0x00,0x00,0x00,0x00,0x00,0x00,0x00,0x00,
    0x00,0x00,0x00,0x00,0x00,0x00,0x00,0x00,0x00,0x00,0x00,0x00,0x00,0x00,0x00,0x00,
    0x00,0x00,0x00,0x00,0x00,0x00,0x00,0x00,0x00,0x00,0x00,0x00,0x00,0x00,0x00,0x00,
    0x00,0x00,0x00,0x00,0x00,0x00,0x00,0x00,0x00,0x00,0x00,0x00,0x00,0x00,0xc3,0xb9,
    0x9b,0x25,0xca,0xbf,0xa4,0xdd,0xe0,0xd8,0xc7,0xff,0xe7,0xe1,0xd3,0xff,0xe9,0xe3,
    0xd7,0xff,0xe9,0xe4,0xd8,0xff,0xe7,0xe1,0xd3,0xff,0xe7,0xe1,0xd3,0xff,0xe7,0xe1,
    0xd3,0xff,0xe7,0xe1,0xd3,0xff,0xe3,0xdc,0xcd,0xff,0xe0,0xd9,0xc7,0xff,0xe7,0xe1,
    0xd3,0xff,0xe7,0xe1,0xd3,0xff,0xe7,0xe1,0xd3,0xff,0xe7,0xe1,0xd3,0xff,0xe8,0xe2,
    0xd5,0xff,0xea,0xe5,0xd9,0xff,0xe7,0xe1,0xd3,0xff,0xe3,0xdd,0xcd,0xff,0xcf,0xc4,
    0xab,0xf4,0xc5,0xb9,0x9b,0x4d,0x00,0x00,0x00,0x00,0x00,0x00,0x00,0x00,0x00,0x00,
    0x00,0x00,0x00,0x00,0x00,0x00,0x00,0x00,0x00,0x00,0x00,0x00,0x00,0x00,0x00,0x00,
    0x00,0x00,0x00,0x00,0x00,0x00,0x00,0x00,0x00,0x00,0x00,0x00,0x00,0x00,0x00,0x00,
    0x00,0x00,0x00,0x00,0x00,0x00,0x00,0x00,0x00,0x00,0x00,0x00,0x00,0x00,0x00,0x00,
    0x00,0x00,0x00,0x00,0x00,0x00,0x00,0x00,0x00,0x00,0x00,0x00,0x00,0x00,0xca,0xca,
    0xca,0x74,0xdc,0xdc,0xe5,0xff,0xd3,0xd3,0xe6,0xff,0xd3,0xd3,0xe6,0xff,0xda,0xda,
    0xe9,0xff,0xd0,0xd0,0xd0,0xc9,0x00,0x00,0x00,0x00,0x00,0x00,0x00,0x00,0x00,0x00,
    0x00,0x00,0x00,0x00,0x00,0x00,0x00,0x00,0x00,0x00,0x00,0x00,0x00,0x00,0x00,0x00,
    0x00,0x00,0x00,0x00,0x00,0x00,0x00,0x00,0x00,0x00,0x00,0x00,0x00,0x00,0x00,0x00,
    0x00,0x00,0x00,0x00,0x00,0x00,0x00,0x00,0x00,0x00,0x00,0x00,0x00,0x00,0x00,0x00,
    0x00,0x00,0x00,0x00,0x00,0x00,0x00,0x00,0x00,0x00,0x00,0x00,0x00,0x00,0x00,0x00,
    0x00,0x00,0x00,0x00,0x00,0x00,0x00,0x00,0x00,0x00,0x00,0x00,0x00,0x00,0x00,0x00,
    0x00,0x00,0x00,0x00,0x00,0x00,0x00,0x00,0x00,0x00,0x00,0x00,0x00,0x00,0xf1,0xb8,
    0x34,0xd6,0xf1,0xb8,0x34,0xd6,0xfe,0xf8,0xed,0xff,0xf8,0xdb,0x98,0xea,0xf1,0xb8,
    0x34,0xd6,0x00,0x00,0x00,0x00,0x00,0x00,0x00,0x00,0x00,0x00,0x00,0x00,0x00,0x00,
    0x00,0x00,0x00,0x00,0x00,0x00,0x00,0x00,0x00,0x00,0x00,0x00,0x00,0x00,0x00,0x00,
    0x00,0x00,0x00,0x00,0x00,0x00,0x00,0x00,0x00,0x00,0x00,0x00,0x00,0x00,0x00,0x00,
    0x00,0x00,0x00,0x00,0x00,0x00,0x00,0x00,0x00,0x00,0x00,0x00,0x00,0x00,0x00,0x00,
    0x00,0x00,0x00,0x00,0x00,0x00,0x00,0x00,0x00,0x00,0x00,0x00,0x00,0x00,0x00,0x00,
    0x00,0x00,0x00,0x00,0x00,0x00,0x00,0x00,0x00,0x00,0x00,0x00,0x00,0x00,0x00,0x00,
    0x00,0x00,0x00,0x00,0x00,0x00,0x00,0x00,0x00,0x00,0x00,0x00,0x00,0x00,0x00,0x00,
    0x00,0x01,0x00,0x00,0x00,0x01,0x5b,0x5b,0xba,0xff,0x5a,0x5a,0xb9,0x80,0x00,0x00,
    0x00,0x01,0x00,0x00,0x00,0x00,0x00,0x00,0x00,0x00,0x00,0x00,0x00,0x00,0x00,0x00,
    0x00,0x00,0x00,0x00,0x00,0x00,0x00,0x00,0x00,0x00,0x00,0x00,0x00,0x00,0x00,0x00,
    0x00,0x00,0x00,0x00,0x00,0x00,0x00,0x00,0x00,0x00,0x00,0x00,0x00,0x00,0x00,0x00,
    0x00,0x00,0x00,0x00,0x00,0x00,0x00,0x00,0x00,0x00,0x00,0x00,0x00,0x00,0x00,0x00,
    0x00,0x00,0x00,0x00,0x00,0x00,0x00,0x00,0x00,0x00,0x00,0x00,0x00,0x00,0x00,0x00,
    0x00,0x00,0x00,0x00,0x00,0x00,0x00,0x00,0x00,0x00,0x00,0x00,0x00,0x00,0x00,0x00,
    0x00,0x00,0x00,0x00,0x00,0x00,0x00,0x00,0x00,0x00,0x00,0x00,0x00,0x00,0x00,0x00,
    0x00,0x00,0x00,0x00,0x00,0x00,0x00,0x00,0x00,0x00,0x00,0x00,0x00,0x00,0x00,0x00,
    0x00,0x00,0x00,0x00,0x00,0x00,0x00,0x00,0x00,0x00,0x00,0x00,0x00,0x00,0x00,0x00,
    0x00,0x00,0x00,0x00,0x00,0x00,0x00,0x00,0x00,0x00,0x00,0x00,0x00,0x00,0x00,0x00,
    0x00,0x00,0x00,0x00,0x00,0x00,0x00,0x00,0x00,0x00,0x00,0x00,0x00,0x00,0x00,0x00,
    0x00,0x00,0x00,0x00,0x00,0x00,0x00,0x00,0x00,0x00,0x00,0x00,0x00,0x00,0x00,0x00,
    0x00,0x00,0x00,0x00,0x00,0x00,0x00,0x00,0x00,0x00,0x00,0x00,0x00,0x00,0x00,0x00,
    0x00,0x00,0x00,0x00,0x00,0x00,0x00,0x00,0x00,0x00,0x00,0x00,0x00,0x00,0x00,0x00,
    0x00,0x00,0x00,0x00,0x00,0x00,0x00,0x00,0x00,0x00,0x00,0x00,0x00,0x00,0x00,0x00,
    0x00,0x00,0x00,0x00,0x00,0x00,0x79,0xd6,0xfe,0x1f,0x79,0xd6,0xfe,0x3f,0x00,0x00,
    0x00,0x00,0x00,0x00,0x00,0x00,0x00,0x00,0x00,0x00,0x00,0x00,0x00,0x00,0x00,0x00,
    0x00,0x00,0x00,0x00,0x00,0x00,0x00,0x00,0x00,0x00,0x00,0x00,0x00,0x00,0x00,0x00,
    0x00,0x00,0x00,0x00,0x00,0x00,0x00,0x00,0x00,0x00,0x00,0x00,0x00,0x00,0x00,0x00,
    0x00,0x00,0x00,0x00,0x00,0x00,0x00,0x00,0x00,0x00,0x00,0x00,0x00,0x00,0x00,0x00,
    0x00,0x00,0x00,0x00,0x00,0x00,0x00,0x00,0x00,0x00,0x00,0x00,0x00,0x00,0x00,0x00,
    0x00,0x00,0x00,0x00,0x00,0x00,0x00,0x00,0x00,0x00,0x00,0x00,0x00,0x00,0x00,0x00,
    0x00,0x00,0x00,0x00,0x00,0x00,0x00,0x00,0x00,0x00,0x4f,0x9d,0xfc,0x0c,0x4f,0x9d,
    0xfc,0x0c,0x51,0xa0,0xfe,0xcb,0x52,0xa0,0xff,0xd8,0x52,0xa0,0xff,0xd8,0x52,0xa0,
    0xff,0xd8,0x51,0x9f,0xfd,0x27,0x51,0x9f,0xfd,0x27,0x00,0x00,0x00,0x00,0x00,0x00,
    0x00,0x00,0x00,0x00,0x00,0x00,0x00,0x00,0x00,0x00,0x00,0x00,0x00,0x00,0x00,0x00,
    0x00,0x00,0x00,0x00,0x00,0x00,0x00,0x00,0x00,0x00,0x00,0x00,0x00,0x00,0x00,0x00,
    0x00,0x00,0x00,0x00,0x00,0x00,0x00,0x00,0x00,0x00,0x00,0x00,0x00,0x00,0x00,0x00,
    0x00,0x00,0x00,0x00,0x00,0x00,0x00,0x00,0x00,0x00,0x00,0x00,0x00,0x00,0x00,0x00,
    0x00,0x00,0x00,0x00,0x00,0x00,0x00,0x00,0x00,0x00,0x00,0x00,0x00,0x00,0x00,0x00,
    0x00,0x00,0x00,0x00,0x00,0x00,0x00,0x00,0x00,0x00,0x36,0x59,0xd9,0x06,0x36,0x59,
    0xd9,0x06,0x38,0x5b,0xdb,0x6b,0x38,0x5b,0xdb,0x72,0x38,0x5b,0xdb,0x72,0x38,0x5b,
    0xdb,0x72,0x38,0x5b,0xdb,0x72,0x37,0x5b,0xdb,0x15,0x00,0x00,0x00,0x00,0x00,0x00,
    0x00,0x00,0x00,0x00,0x00,0x00,0x00,0x00,0x00,0x00,0x00,0x00,0x00,0x00,0x00,0x00,
    0x00,0x00,0x00,0x00,0x00,0x00,0x00,0x00,0x00,0x00,0x00,0x00,0x00,0x00,0x00,0x00,
    0x00,0x00,0x00,0x00,0x00,0x00,0x00,0x00,0x00,0x00,0x00,0x00,0x00,0x00,0x00,0x00,
    0x00,0x00,0x00,0x00,0x00,0x00,0x00,0x00,0x00,0x00,0x00,0x00,0x00,0x00,0x00,0x00,
    0x00,0x00,0xc4,0xb7,0x9a,0x11,0xc6,0xbb,0x9e,0x86,0xd2,0xc9,0xb1,0xf1,0xe0,0xd9,
    0xc7,0xff,0xe7,0xe1,0xd3,0xff,0xe7,0xe1,0xd3,0xff,0xe7,0xe1,0xd3,0xff,0xe7,0xe1,
    0xd3,0xff,0xe7,0xe1,0xd3,0xff,0xdb,0xd3,0xc0,0xff,0xd5,0xcc,0xb5,0xff,0xe7,0xe1,
    0xd3,0xff,0xe7,0xe1,0xd3,0xff,0xe7,0xe1,0xd3,0xff,0xe7,0xe1,0xd3,0xff,0xe7,0xe1,
    0xd3,0xff,0xe3,0xdc,0xcc,0xff,0xd6,0xcd,0xb7,0xfc,0xc9,0xbd,0xa2,0xa8,0xc5,0xba,
    0x9c,0x25,0x00,0x00,0x00,0x00,0x00,0x00,0x00,0x00,0x00,0x00,0x00,0x00,0x00,0x00,
    0x00,0x00,0x00,0x00,0x00,0x00,0x00,0x00,0x00,0x00,0x00,0x00,0x00,0x00,0x00,0x00,
    0x00,0x00,0x00,0x00,0x00,0x00,0x00,0x00,0x00,0x00,0x00,0x00,0x00,0x00,0x00,0x00,
    0x00,0x00,0x00,0x00,0x00,0x00,0x00,0x00,0x00,0x00,0x00,0x00,0x00,0x00,0x00,0x00,
    0x00,0x00,0x00,0x00,0x00,0x00,0x00,0x00,0x00,0x00,0x00,0x00,0x00,0x00,0xc9,0xc9,
    0xc9,0x38,0xd4,0xd4,0xd4,0xf7,0xd8,0xd8,0xd8,0xff,0xd8,0xd8,0xd8,0xff,0xd8,0xd8,
    0xd8,0xff,0xc9,0xc9,0xc9,0x88,0x00,0x00,0x00,0x00,0x00,0x00,0x00,0x00,0x00,0x00,
    0x00,0x00,0x00,0x00,0x00,0x00,0x00,0x00,0x00,0x00,0x00,0x00,0x00,0x00,0x00,0x00,
    0x00,0x00,0x00,0x00,0x00,0x00,0x00,0x00,0x00,0x00,0x00,0x00,0x00,0x00,0x00,0x00,
    0x00,0x00,0x00,0x00,0x00,0x00,0x00,0x00,0x00,0x00,0x00,0x00,0x00,0x00,0x00,0x00,
    0x00,0x00,0x00,0x00,0x00,0x00,0x00,0x00,0x00,0x00,0x00,0x00,0x00,0x00,0x00,0x00,
    0x00,0x00,0x00,0x00,0x00,0x00,0x00,0x00,0x00,0x00,0x00,0x00,0x00,0x00,0x00,0x00,
    0x00,0x00,0x00,0x00,0x00,0x00,0x00,0x00,0x00,0x00,0x00,0x00,0x00,0x00,0xf3,0xb8,
    0x36,0xe1,0xf3,0xb8,0x36,0xe1,0xfe,0xfb,0xf5,0xff,0xf9,0xdc,0x9b,0xf0,0xf3,0xb8,
    0x36,0xe1,0x00,0x00,0x00,0x00,0x00,0x00,0x00,0x00,0x00,0x00,0x00,0x00,0x00,0x00,
    0x00,0x00,0x00,0x00,0x00,0x00,0x00,0x00,0x00,0x00,0x00,0x00,0x00,0x00,0x00,0x00,
    0x00,0x00,0x00,0x00,0x00,0x00,0x00,0x00,0x00,0x00,0x00,0x00,0x00,0x00,0x00,0x00,
    0x00,0x00,0x00,0x00,0x00,0x00,0x00,0x00,0x00,0x00,0x00,0x00,0x00,0x00,0x00,0x00,
    0x00,0x00,0x00,0x00,0x00,0x00,0x00,0x00,0x00,0x00,0x00,0x00,0x00,0x00,0x00,0x00,
    0x00,0x00,0x00,0x00,0x00,0x00,0x00,0x00,0x00,0x00,0x00,0x00,0x00,0x00,0x00,0x00,
    0x00,0x00,0x00,0x00,0x00,0x00,0x00,0x00,0x00,0x00,0x00,0x00,0x00,0x00,0x00,0x00,
    0x00,0x00,0x00,0x00,0x00,0x00,0x56,0x56,0xb8,0xff,0x56,0x56,0xb8,0x7f,0x00,0x00,
    0x00,0x00,0x00,0x00,0x00,0x00,0x00,0x00,0x00,0x00,0x00,0x00,0x00,0x00,0x00,0x00,
    0x00,0x00,0x00,0x00,0x00,0x00,0x00,0x00,0x00,0x00,0x00,0x00,0x00,0x00,0x00,0x00,
    0x00,0x00,0x00,0x00,0x00,0x00,0x00,0x00,0x00,0x00,0x00,0x00,0x00,0x00,0x00,0x00,
    0x00,0x00,0x00,0x00,0x00,0x00,0x00,0x00,0x00,0x00,0x00,0x00,0x00,0x00,0x00,0x00,
    0x00,0x00,0x00,0x00,0x00,0x00,0x00,0x00,0x00,0x00,0x00,0x00,0x00,0x00,0x00,0x00,
    0x00,0x00,0x00,0x00,0x00,0x00,0x00,0x00,0x00,0x00,0x00,0x00,0x00,0x00,0x00,0x00,
    0x00,0x00,0x00,0x00,0x00,0x00,0x00,0x00,0x00,0x00,0x00,0x00,0x00,0x00,0x00,0x00,
    0x00,0x00,0x00,0x00,0x00,0x00,0x00,0x00,0x00,0x00,0x00,0x00,0x00,0x00,0x00,0x00,
    0x00,0x00,0x00,0x00,0x00,0x00,0x00,0x00,0x00,0x00,0x00,0x00,0x00,0x00,0x00,0x00,
    0x00,0x00,0x00,0x00,0x00,0x00,0x00,0x00,0x00,0x00,0x00,0x00,0x00,0x00,0x00,0x00,
    0x00,0x00,0x00,0x00,0x00,0x00,0x00,0x00,0x00,0x00,0x00,0x00,0x00,0x00,0x00,0x00,
    0x00,0x00,0x00,0x00,0x00,0x00,0x00,0x00,0x00,0x00,0x00,0x00,0x00,0x00,0x00,0x00,
    0x00,0x00,0x00,0x00,0x00,0x00,0x00,0x00,0x00,0x00,0x00,0x00,0x00,0x00,0x00,0x00,
    0x00,0x00,0x00,0x00,0x00,0x00,0x00,0x00,0x00,0x00,0x00,0x00,0x00,0x00,0x00,0x00,
    0x00,0x00,0x00,0x00,0x00,0x00,0x00,0x00,0x00,0x00,0x00,0x00,0x00,0x00,0x00,0x00,
    0x00,0x00,0x00,0x00,0x00,0x00,0x00,0x00,0x00,0x00,0x00,0x00,0x00,0x00,0x00,0x00,
    0x00,0x00,0x00,0x00,0x00,0x00,0x00,0x00,0x00,0x00,0x00,0x00,0x00,0x00,0x00,0x00,
    0x00,0x00,0x00,0x00,0x00,0x00,0x00,0x00,0x00,0x00,0x00,0x00,0x00,0x00,0x00,0x00,
    0x00,0x00,0x00,0x00,0x00,0x00,0x00,0x00,0x00,0x00,0x00,0x00,0x00,0x00,0x00,0x00,
    0x00,0x00,0x00,0x00,0x00,0x00,0x00,0x00,0x00,0x00,0x00,0x00,0x00,0x00,0x00,0x00,
    0x00,0x00,0x00,0x00,0x00,0x00,0x00,0x00,0x00,0x00,0x00,0x00,0x00,0x00,0x00,0x00,
    0x00,0x00,0x00,0x00,0x00,0x00,0x00,0x00,0x00,0x00,0x00,0x00,0x00,0x00,0x00,0x00,
    0x00,0x00,0x00,0x00,0x00,0x00,0x00,0x00,0x00,0x00,0x00,0x00,0x00,0x00,0x00,0x00,
    0x00,0x00,0x51,0x9f,0xfe,0x50,0x52,0xa0,0xff,0xd8,0x52,0xa0,0xff,0xd8,0x51,0x9f,
    0xfe,0x6b,0x00,0x00,0x00,0x00,0x00,0x00,0x00,0x00,0x00,0x00,0x00,0x00,0x00,0x00,
    0x00,0x00,0x00,0x00,0x00,0x00,0x00,0x00,0x00,0x00,0x00,0x00,0x00,0x00,0x00,0x00,
    0x00,0x00,0x00,0x00,0x00,0x00,0x00,0x00,0x00,0x00,0x00,0x00,0x00,0x00,0x00,0x00,
    0x00,0x00,0x00,0x00,0x00,0x00,0x00,0x00,0x00,0x00,0x00,0x00,0x00,0x00,0x00,0x00,
    0x00,0x00,0x00,0x00,0x00,0x00,0x00,0x00,0x00,0x00,0x00,0x00,0x00,0x00,0x00,0x00,
    0x00,0x00,0x00,0x00,0x00,0x00,0x00,0x00,0x00,0x00,0x00,0x00,0x00,0x00,0x00,0x00,
    0x00,0x00,0x00,0x00,0x00,0x00,0x00,0x00,0x00,0x00,0x36,0x59,0xd9,0x06,0x36,0x59,
    0xd9,0x06,0x38,0x5b,0xdb,0x6b,0x38,0x5b,0xdb,0x72,0x38,0x5b,0xdb,0x72,0x38,0x5b,
    0xdb,0x72,0x38,0x5b,0xdb,0x72,0x37,0x5b,0xdb,0x15,0x00,0x00,0x00,0x00,0x00,0x00,
    0x00,0x00,0x00,0x00,0x00,0x00,0x00,0x00,0x00,0x00,0x00,0x00,0x00,0x00,0x00,0x00,
    0x00,0x00,0x00,0x00,0x00,0x00,0x00,0x00,0x00,0x00,0x00,0x00,0x00,0x00,0x00,0x00,
    0x00,0x00,0x00,0x00,0x00,0x00,0x00,0x00,0x00,0x00,0x00,0x00,0x00,0x00,0x00,0x00,
    0x00,0x00,0x00,0x00,0x00,0x00,0x00,0x00,0x00,0x00,0x00,0x00,0x00,0x00,0x00,0x00,
    0x00,0x00,0x00,0x00,0x00,0x00,0x00,0x00,0x00,0x00,0xc2,0xb8,0x99,0x13,0xc6,0xba,
    0x9d,0x88,0xcc,0xc1,0xa6,0xef,0xd7,0xce,0xb9,0xff,0xe0,0xd9,0xc8,0xff,0xe6,0xe0,
    0xd1,0xff,0xe7,0xe1,0xd3,0xff,0xe7,0xe1,0xd3,0xff,0xe7,0xe1,0xd3,0xff,0xe7,0xe1,
    0xd3,0xff,0xe7,0xe1,0xd3,0xff,0xe2,0xdb,0xcb,0xff,0xda,0xd2,0xbe,0xff,0xcf,0xc5,
    0xac,0xf9,0xc6,0xba,0x9d,0xa8,0xc3,0xb8,0x9b,0x2a,0x00,0x00,0x00,0x00,0x00,0x00,
    0x00,0x00,0x00,0x00,0x00,0x00,0x00,0x00,0x00,0x00,0x00,0x00,0x00,0x00,0x00,0x00,
    0x00,0x00,0x00,0x00,0x00,0x00,0x00,0x00,0x00,0x00,0x00,0x00,0x00,0x00,0x00,0x00,
    0x00,0x00,0x00,0x00,0x00,0x00,0x00,0x00,0x00,0x00,0x00,0x00,0x00,0x00,0x00,0x00,
    0x00,0x00,0x00,0x00,0x00,0x00,0x00,0x00,0x00,0x00,0x00,0x00,0x00,0x00,0x00,0x00,
    0x00,0x00,0x00,0x00,0x00,0x00,0x00,0x00,0x00,0x00,0x00,0x00,0x00,0x00,0x00,0x00,
    0x00,0x00,0x00,0x00,0x00,0x00,0x00,0x00,0x00,0x00,0x00,0x00,0x00,0x00,0x00,0x00,
    0x00,0x00,0x00,0x00,0x00,0x00,0x00,0x00,0x00,0x00,0x00,0x00,0x00,0x00,0x00,0x00,
    0x00,0x00,0x00,0x00,0x00,0x00,0x00,0x00,0x00,0x00,0x00,0x00,0x00,0x00,0x00,0x00,
    0x00,0x00,0x00,0x00,0x00,0x00,0x00,0x00,0x00,0x00,0x00,0x00,0x00,0x00,0x00,0x00,
    0x00,0x00,0x00,0x00,0x00,0x00,0x00,0x00,0x00,0x00,0x00,0x00,0x00,0x00,0x00,0x00,
    0x00,0x00,0x00,0x00,0x00,0x00,0x00,0x00,0x00,0x00,0x00,0x00,0x00,0x00,0x00,0x00,
    0x00,0x00,0x00,0x00,0x00,0x00,0x00,0x00,0x00,0x00,0x00,0x00,0x00,0x00,0x00,0x00,
    0x00,0x00,0x00,0x00,0x00,0x00,0x00,0x00,0x00,0x00,0x00,0x00,0x00,0x00,0xf1,0xb9,
    0x33,0xe5,0xf1,0xb9,0x34,0xed,0xfa,0xec,0xcb,0xfa,0xf5,0xcf,0x75,0xf2,0xf1,0xb9,
    0x33,0xe9,0x00,0x00,0x00,0x00,0x00,0x00,0x00,0x00,0x00,0x00,0x00,0x00,0x00,0x00,
    0x00,0x00,0x00,0x00,0x00,0x00,0x00,0x00,0x00,0x00,0x00,0x00,0x00,0x00,0x00,0x00,
    0x00,0x00,0x00,0x00,0x00,0x00,0x00,0x00,0x00,0x00,0x00,0x00,0x00,0x00,0x00,0x00,
    0x00,0x00,0x00,0x00,0x00,0x00,0x00,0x00,0x00,0x00,0x00,0x00,0x00,0x00,0x00,0x00,
    0x00,0x00,0x00,0x00,0x00,0x00,0x00,0x00,0x00,0x00,0x00,0x00,0x00,0x00,0x00,0x00,
    0x00,0x00,0x00,0x00,0x00,0x00,0x00,0x00,0x00,0x00,0x00,0x00,0x00,0x00,0x00,0x00,
    0x00,0x00,0x00,0x00,0x00,0x00,0x00,0x00,0x00,0x00,0x00,0x00,0x00,0x00,0x00,0x00,
    0x00,0x00,0x00,0x00,0x00,0x00,0x4e,0x4e,0xb4,0xff,0x4e,0x4e,0xb4,0x7f,0x00,0x00,
    0x00,0x00,0x00,0x00,0x00,0x00,0x00,0x00,0x00,0x00,0x00,0x00,0x00,0x00,0x00,0x00,
    0x00,0x00,0x00,0x00,0x00,0x00,0x00,0x00,0x00,0x00,0x00,0x00,0x00,0x00,0x00,0x00,
    0x00,0x00,0x00,0x00,0x00,0x00,0x00,0x00,0x00,0x00,0x00,0x00,0x00,0x00,0x00,0x00,
    0x00,0x00,0x00,0x00,0x00,0x00,0x00,0x00,0x00,0x00,0x00,0x00,0x00,0x00,0x00,0x00,
    0x00,0x00,0x00,0x00,0x00,0x00,0x00,0x00,0x00,0x00,0x00,0x00,0x00,0x00,0x00,0x00,
    0x00,0x00,0x00,0x00,0x00,0x00,0x00,0x00,0x00,0x00,0x00,0x00,0x00,0x00,0x00,0x00,
    0x00,0x00,0x00,0x00,0x00,0x00,0x00,0x00,0x00,0x00,0x00,0x00,0x00,0x00,0x00,0x00,
    0x00,0x00,0x00,0x00,0x00,0x00,0x00,0x00,0x00,0x00,0x00,0x00,0x00,0x00,0x00,0x00,
    0x00,0x00,0x00,0x00,0x00,0x00,0x00,0x00,0x00,0x00,0x00,0x00,0x00,0x00,0x00,0x00,
    0x00,0x00,0x00,0x00,0x00,0x00,0x00,0x00,0x00,0x00,0x00,0x00,0x00,0x00,0x00,0x00,
    0x00,0x00,0x00,0x00,0x00,0x00,0x00,0x00,0x00,0x00,0x00,0x00,0x00,0x00,0x00,0x00,
    0x00,0x00,0x00,0x00,0x00,0x00,0x00,0x00,0x00,0x00,0x00,0x00,0x00,0x00,0x00,0x00,
    0x00,0x00,0x00,0x00,0x00,0x00,0x00,0x00,0x00,0x00,0x00,0x00,0x00,0x00,0x00,0x00,
    0x00,0x00,0x00,0x00,0x00,0x00,0x00,0x00,0x00,0x00,0x00,0x00,0x00,0x00,0x00,0x00,
    0x00,0x00,0x00,0x00,0x00,0x00,0x00,0x00,0x00,0x00,0x00,0x00,0x00,0x00,0x00,0x00,
    0x00,0x00,0x00,0x00,0x00,0x00,0x00,0x00,0x00,0x00,0x00,0x00,0x00,0x00,0x00,0x00,
    0x00,0x00,0x00,0x00,0x00,0x00,0x00,0x00,0x00,0x00,0x00,0x00,0x00,0x00,0x00,0x00,
    0x00,0x00,0x00,0x00,0x00,0x00,0x00,0x00,0x00,0x00,0x00,0x00,0x00,0x00,0x00,0x00,
    0x00,0x00,0x00,0x00,0x00,0x00,0x00,0x00,0x00,0x00,0x00,0x00,0x00,0x00,0x00,0x00,
    0x00,0x00,0x00,0x00,0x00,0x00,0x00,0x00,0x00,0x00,0x00,0x00,0x00,0x00,0x00,0x00,
    0x00,0x00,0x00,0x00,0x00,0x00,0x00,0x00,0x00,0x00,0x00,0x00,0x00,0x00,0x00,0x00,
    0x00,0x00,0x00,0x00,0x00,0x00,0x00,0x00,0x00,0x00,0x00,0x00,0x00,0x00,0x00,0x00,
    0x00,0x00,0x00,0x00,0x00,0x00,0x00,0x00,0x00,0x00,0x00,0x00,0x00,0x00,0x00,0x00,
    0x00,0x00,0x00,0x00,0x00,0x00,0x51,0x9f,0xfe,0xaf,0x51,0x9f,0xfe,0xbd,0x00,0x00,
    0x00,0x00,0x00,0x00,0x00,0x00,0x00,0x00,0x00,0x00,0x00,0x00,0x00,0x00,0x00,0x00,
    0x00,0x00,0x00,0x00,0x00,0x00,0x00,0x00,0x00,0x00,0x00,0x00,0x00,0x00,0x00,0x00,
    0x00,0x00,0x00,0x00,0x00,0x00,0x00,0x00,0x00,0x00,0x00,0x00,0x00,0x00,0x00,0x00,
    0x00,0x00,0x00,0x00,0x00,0x00,0x00,0x00,0x00,0x00,0x00,0x00,0x00,0x00,0x00,0x00,
    0x00,0x00,0x00,0x00,0x00,0x00,0x00,0x00,0x00,0x00,0x00,0x00,0x00,0x00,0x00,0x00,
    0x00,0x00,0x00,0x00,0x00,0x00,0x00,0x00,0x00,0x00,0x00,0x00,0x00,0x00,0x00,0x00,
    0x00,0x00,0x00,0x00,0x00,0x00,0x00,0x00,0x00,0x00,0x00,0x00,0x00,0x00,0x00,0x00,
    0x00,0x00,0x38,0x5b,0xdb,0x2a,0x38,0x5b,0xdb,0x72,0x38,0x5b,0xdb,0x72,0x38,0x5b,
    0xdb,0x72,0x38,0x5b,0xdb,0x39,0x00,0x00,0x00,0x00,0x00,0x00,0x00,0x00,0x00,0x00,
    0x00,0x00,0x00,0x00,0x00,0x00,0x00,0x00,0x00,0x00,0x00,0x00,0x00,0x00,0x00,0x00,
    0x00,0x00,0x00,0x00,0x00,0x00,0x00,0x00,0x00,0x00,0x00,0x00,0x00,0x00,0x00,0x00,
    0x00,0x00,0x00,0x00,0x00,0x00,0x00,0x00,0x00,0x00,0x00,0x00,0x00,0x00,0x00,0x00,
    0x00,0x00,0x00,0x00,0x00,0x00,0x00,0x00,0x00,0x00,0x00,0x00,0x00,0x00,0x00,0x00,
    0x00,0x00,0x00,0x00,0x00,0x00,0x00,0x00,0x00,0x00,0x00,0x00,0x00,0x00,0x00,0x00,
    0x00,0x00,0xc2,0xb6,0x9a,0x07,0xc5,0xb9,0x9c,0x4f,0xc5,0xba,0x9d,0x92,0xc7,0xbb,
    0x9e,0xc4,0xcb,0xc0,0xa5,0xe2,0xcc,0xc1,0xa6,0xe9,0xcc,0xc1,0xa6,0xe9,0xcc,0xc1,
    0xa6,0xe9,0xc8,0xbc,0xa0,0xcd,0xc6,0xba,0x9d,0xa4,0xc5,0xb9,0x9c,0x66,0xc4,0xb8,
    0x9a,0x16,0x00,0x00,0x00,0x00,0x00,0x00,0x00,0x00,0x00,0x00,0x00,0x00,0x00,0x00,
    0x00,0x00,0x00,0x00,0x00,0x00,0x00,0x00,0x00,0x00,0x00,0x00,0x00,0x00,0x00,0x00,
    0x00,0x00,0x00,0x00,0x00,0x00,0x00,0x00,0x00,0x00,0x00,0x00,0x00,0x00,0x00,0x00,
    0x00,0x00,0x00,0x00,0x00,0x00,0x00,0x00,0x00,0x00,0x00,0x00,0x00,0x00,0x00,0x00,
    0x00,0x00,0x00,0x00,0x00,0x00,0x00,0x00,0x00,0x00,0x00,0x00,0x00,0x00,0x00,0x00,
    0x00,0x00,0x00,0x00,0x00,0x00,0x00,0x00,0x00,0x00,0x00,0x00,0x00,0x00,0x00,0x00,
    0x00,0x00,0x00,0x00,0x00,0x00,0x00,0x00,0x00,0x00,0x00,0x00,0x00,0x00,0x00,0x00,
    0x00,0x00,0x00,0x00,0x00,0x00,0x00,0x00,0x00,0x00,0x00,0x00,0x00,0x00,0x00,0x00,
    0x00,0x00,0x00,0x00,0x00,0x00,0x00,0x00,0x00,0x00,0x00,0x00,0x00,0x00,0x00,0x00,
    0x00,0x00,0x00,0x00,0x00,0x00,0x00,0x00,0x00,0x00,0x00,0x00,0x00,0x00,0x00,0x00,
    0x00,0x00,0x00,0x00,0x00,0x00,0x00,0x00,0x00,0x00,0x00,0x00,0x00,0x00,0x00,0x00,
    0x00,0x00,0x00,0x00,0x00,0x00,0x00,0x00,0x00,0x00,0x00,0x00,0x00,0x00,0x00,0x00,
    0x00,0x00,0x00,0x00,0x00,0x00,0x00,0x00,0x00,0x00,0x00,0x00,0x00,0x00,0x00,0x00,
    0x00,0x00,0x00,0x00,0x00,0x00,0x00,0x00,0x00,0x00,0x00,0x00,0x00,0x00,0xf1,0xb6,
    0x32,0x45,0xf2,0xb8,0x35,0xf0,0xf3,0xb9,0x35,0xf8,0xf3,0xb9,0x35,0xf8,0xf2,0xb8,
    0x34,0x96,0x00,0x00,0x00,0x00,0x00,0x00,0x00,0x00,0x00,0x00,0x00,0x00,0x00,0x00,
    0x00,0x00,0x00,0x00,0x00,0x00,0x00,0x00,0x00,0x00,0x00,0x00,0x00,0x00,0x00,0x00,
    0x00,0x00,0x00,0x00,0x00,0x00,0x00,0x00,0x00,0x00,0x00,0x00,0x00,0x00,0x00,0x00,
    0x00,0x00,0x00,0x00,0x00,0x00,0x00,0x00,0x00,0x00,0x00,0x00,0x00,0x00,0x00,0x00,
    0x00,0x00,0x00,0x00,0x00,0x00,0x00,0x00,0x00,0x00,0x00,0x00,0x00,0x00,0x00,0x00,
    0x00,0x00,0x00,0x00,0x00,0x00,0x00,0x00,0x00,0x00,0x00,0x00,0x00,0x00,0x00,0x00,
    0x00,0x00,0x00,0x00,0x00,0x00,0x00,0x00,0x00,0x00,0x00,0x00,0x00,0x00,0x00,0x00,
    0x00,0x00,0x00,0x00,0x00,0x00,0x46,0x46,0xb1,0xff,0x46,0x46,0xb1,0x7f,0x00,0x00,
    0x00,0x00,0x00,0x00,0x00,0x00,0x00,0x00,0x00,0x00,0x00,0x00,0x00,0x00,0x00,0x00,
    0x00,0x00,0x00,0x00,0x00,0x00,0x00,0x00,0x00,0x00,0x00,0x00,0x00,0x00,0x00,0x00,
    0x00,0x00,0x00,0x00,0x00,0x00,0x00,0x00,0x00,0x00,0x00,0x00,0x00,0x00,0x00,0x00,
    0x00,0x00,0x00,0x00,0x00,0x00,0x00,0x00,0x00,0x00,0x00,0x00,0x00,0x00,0x00,0x00,
    0x00,0x00,0x00,0x00,0x00,0x00,0x00,0x00,0x00,0x00,0x00,0x00,0x00,0x00,0x00,0x00,
    0x00,0x00,0x00,0x00,0x00,0x00,0x00,0x00,0x00,0x00,0x00,0x00,0x00,0x00,0x00,0x00,
    0x00,0x00,0x00,0x00,0x00,0x00,0x00,0x00,0x00,0x00,0x00,0x00,0x00,0x00,0x00,0x00,
    0x00,0x00,0x00,0x00,0x00,0x00,0x00,0x00,0x00,0x00,0x00,0x00,0x00,0x00,0x00,0x00,
    0x00,0x00,0x00,0x00,0x00,0x00,0x00,0x00,0x00,0x00,0x00,0x00,0x00,0x00,0x00,0x00,
    0x00,0x00,0x00,0x00,0x00,0x00,0x00,0x00,0x00,0x00,0x00,0x00,0x00,0x00,0x00,0x00,
    0x00,0x00,0x00,0x00,0x00,0x00,0x00,0x00,0x00,0x00,0x00,0x00,0x00,0x00,0x00,0x00,
    0x00,0x00,0x00,0x00,0x00,0x00,0x00,0x00,0x00,0x00,0x00,0x00,0x00,0x00,0x00,0x00,
    0x00,0x00,0x00,0x00,0x00,0x00,0x00,0x00,0x00,0x00,0x00,0x00,0x00,0x00,0x00,0x00,
    0x00,0x00,0x00,0x00,0x00,0x00,0x00,0x00,0x00,0x00,0x00,0x00,0x00,0x00,0x00,0x00,
    0x00,0x00,0x00,0x00,0x00,0x00,0x00,0x00,0x00,0x00,0x00,0x00,0x00,0x00,0x00,0x00,
    0x00,0x00,0x00,0x00,0x00,0x00,0x00,0x00,0x00,0x00,0x00,0x00,0x00,0x00,0x00,0x00,
    0x00,0x00,0x00,0x00,0x00,0x00,0x00,0x00,0x00,0x00,0x00,0x00,0x00,0x00,0x00,0x00,
    0x00,0x00,0x00,0x00,0x00,0x00,0x00,0x00,0x00,0x00,0x00,0x00,0x00,0x00,0x00,0x00,
    0x00,0x00,0x00,0x00,0x00,0x00,0x00,0x00,0x00,0x00,0x00,0x00,0x00,0x00,0x00,0x00,
    0x00,0x00,0x00,0x00,0x00,0x00,0x00,0x00,0x00,0x00,0x00,0x00,0x00,0x00,0x00,0x00,
    0x00,0x00,0x00,0x00,0x00,0x00,0x00,0x00,0x00,0x00,0x00,0x00,0x00,0x00,0x00,0x00,
    0x00,0x00,0x00,0x00,0x00,0x00,0x00,0x00,0x00,0x00,0x00,0x00,0x00,0x00,0x00,0x00,
    0x00,0x00,0x00,0x00,0x00,0x00,0x00,0x00,0x00,0x00,0x00,0x00,0x00,0x00,0x00,0x00,
    0x00,0x00,0x00,0x00,0x00,0x00,0x51,0x9f,0xfe,0x35,0x51,0x9f,0xfe,0x35,0x00,0x00,
    0x00,0x00,0x00,0x00,0x00,0x00,0x00,0x00,0x00,0x00,0x00,0x00,0x00,0x00,0x00,0x00,
    0x00,0x00,0x00,0x00,0x00,0x00,0x00,0x00,0x00,0x00,0x00,0x00,0x00,0x00,0x00,0x00,
    0x00,0x00,0x00,0x00,0x00,0x00,0x00,0x00,0x00,0x00,0x00,0x00,0x00,0x00,0x00,0x00,
    0x00,0x00,0x00,0x00,0x00,0x00,0x00,0x00,0x00,0x00,0x00,0x00,0x00,0x00,0x00,0x00,
    0x00,0x00,0x00,0x00,0x00,0x00,0x00,0x00,0x00,0x00,0x00,0x00,0x00,0x00,0x00,0x00,
    0x00,0x00,0x00,0x00,0x00,0x00,0x00,0x00,0x00,0x00,0x00,0x00,0x00,0x00,0x00,0x00,
    0x00,0x00,0x00,0x00,0x00,0x00,0x00,0x00,0x00,0x00,0x00,0x00,0x00,0x00,0x00,0x00,
    0x00,0x00,0x00,0x00,0x00,0x00,0x38,0x5b,0xdb,0x5d,0x38,0x5b,0xdb,0x64,0x38,0x5b,
    0xdb,0x64,0x00,0x00,0x00,0x00,0x00,0x00,0x00,0x00,0x00,0x00,0x00,0x00,0x00,0x00,
    0x00,0x00,0x00,0x00,0x00,0x00,0x00,0x00,0x00,0x00,0x00,0x00,0x00,0x00,0x00,0x00,
    0x00,0x00,0x00,0x00,0x00,0x00,0x00,0x00,0x00,0x00,0x00,0x00,0x00,0x00,0x00,0x00,
    0x00,0x00,0x00,0x00,0x00,0x00,0x00,0x00,0x00,0x00,0x00,0x00,0x00,0x00,0x00,0x00,
    0x00,0x00,0x00,0x00,0x00,0x00,0x00,0x00,0x00,0x00,0x00,0x00,0x00,0x00,0x00,0x00,
    0x00,0x00,0x00,0x00,0x00,0x00,0x00,0x00,0x00,0x00,0x00,0x00,0x00,0x00,0x00,0x00,
    0x00,0x00,0x00,0x00,0x00,0x00,0x00,0x00,0x00,0x00,0x00,0x00,0x00,0x00,0x00,0x00,
    0x00,0x00,0x00,0x00,0x00,0x00,0x00,0x00,0x00,0x00,0x00,0x00,0x00,0x00,0x00,0x00,
    0x00,0x00,0x00,0x00,0x00,0x00,0x00,0x00,0x00,0x00,0x00,0x00,0x00,0x00,0x00,0x00,
    0x00,0x00,0x00,0x00,0x00,0x00,0x00,0x00,0x00,0x00,0x00,0x00,0x00,0x00,0x00,0x00,
    0x00,0x00,0x00,0x00,0x00,0x00,0x00,0x00,0x00,0x00,0x00,0x00,0x00,0x00,0x00,0x00,
    0x00,0x00,0x00,0x00,0x00,0x00,0x00,0x00,0x00,0x00,0x00,0x00,0x00,0x00,0x00,0x00,
    0x00,0x00,0x00,0x00,0x00,0x00,0x00,0x00,0x00,0x00,0x00,0x00,0x00,0x00,0x00,0x00,
    0x00,0x00,0x00,0x00,0x00,0x00,0x00,0x00,0x00,0x00,0x00,0x00,0x00,0x00,0x00,0x00,
    0x00,0x00,0x00,0x00,0x00,0x00,0x00,0x00,0x00,0x00,0x00,0x00,0x00,0x00,0x00,0x00,
    0x00,0x00,0x00,0x00,0x00,0x00,0x00,0x00,0x00,0x00,0x00,0x00,0x00,0x00,0x00,0x00,
    0x00,0x00,0x00,0x00,0x00,0x00,0x00,0x00,0x00,0x00,0x00,0x00,0x00,0x00,0x00,0x00,
    0x00,0x00,0x00,0x00,0x00,0x00,0x00,0x00,0x00,0x00,0x00,0x00,0x00,0x00,0x00,0x00,
    0x00,0x00,0x00,0x00,0x00,0x00,0x00,0x00,0x00,0x00,0x00,0x00,0x00,0x00,0x00,0x00,
    0x00,0x00,0x00,0x00,0x00,0x00,0x00,0x00,0x00,0x00,0x00,0x00,0x00,0x00,0x00,0x00,
    0x00,0x00,0x00,0x00,0x00,0x00,0x00,0x00,0x00,0x00,0x00,0x00,0x00,0x00,0x00,0x00,
    0x00,0x00,0x00,0x00,0x00,0x00,0x00,0x00,0x00,0x00,0x00,0x00,0x00,0x00,0x00,0x00,
    0x00,0x00,0x00,0x00,0x00,0x00,0x00,0x00,0x00,0x00,0x00,0x00,0x00,0x00,0x00,0x00,
    0x00,0x00,0xf1,0xb8,0x32,0x57,0xf1,0xb9,0x34,0xbf,0xf1,0xb9,0x34,0xa7,0xee,0xb5,
    0x29,0x0f,0x00,0x00,0x00,0x00,0x00,0x00,0x00,0x00,0x00,0x00,0x00,0x00,0x00,0x00,
    0x00,0x00,0x00,0x00,0x00,0x00,0x00,0x00,0x00,0x00,0x00,0x00,0x00,0x00,0x00,0x00,
    0x00,0x00,0x00,0x00,0x00,0x00,0x00,0x00,0x00,0x00,0x00,0x00,0x00,0x00,0x00,0x00,
    0x00,0x00,0x00,0x00,0x00,0x00,0x00,0x00,0x00,0x00,0x00,0x00,0x00,0x00,0x00,0x00,
    0x00,0x00,0x00,0x00,0x00,0x00,0x00,0x00,0x00,0x00,0x00,0x00,0x00,0x00,0x00,0x00,
    0x00,0x00,0x00,0x00,0x00,0x00,0x00,0x00,0x00,0x00,0x00,0x00,0x00,0x00,0x00,0x00,
    0x00,0x00,0x00,0x00,0x00,0x00,0x00,0x00,0x00,0x00,0x00,0x00,0x00,0x00,0x00,0x00,
    0x00,0x00,0x00,0x00,0x00,0x00,0x3d,0x3d,0xad,0xdb,0x3d,0x3d,0xad,0x5f,0x00,0x00,
    0x00,0x00,0x00,0x00,0x00,0x00,0x00,0x00,0x00,0x00,0x00,0x00,0x00,0x00,0x00,0x00,
    0x00,0x00,0x00,0x00,0x00,0x00,0x00,0x00,0x00,0x00,0x00,0x00,0x00,0x00,0x00,0x00,
    0x00,0x00,0x00,0x00,0x00,0x00,0x00,0x00,0x00,0x00,0x00,0x00,0x00,0x00,0x00,0x00,
    0x00,0x00,0x00,0x00,0x00,0x00,0x00,0x00,0x00,0x00,0x00,0x00,0x00,0x00,0x00,0x00,
    0x00,0x00,0x00,0x00,0x00,0x00,0x00,0x00,0x00,0x00,0x00,0x00,0x00,0x00,0x00,0x00,
    0x00,0x00,0x00,0x00,0x00,0x00,0x00,0x00,0x00,0x00,0x00,0x00,0x00,0x00,0x00,0x00,
    0x00,0x00,0x00,0x00,0x00,0x00,0x00,0x00,0x00,0x00,0x00,0x00,0x00,0x00,0x00,0x00,
    0x00,0x00,0x00,0x00,0x00,0x00,0x00,0x00,0x00,0x00,0x00,0x00,0x00,0x00,0x00,0x00,
    0x00,0x00,0x00,0x00,0x00,0x00,0x00,0x00,0x00,0x00,0x00,0x00,0x00,0x00,0x00,0x00,
    0x00,0x00,0x00,0x00,0x00,0x00,0x00,0x00,0x00,0x00,0x00,0x00,0x00,0x00,0x00,0x00,
    0x00,0x00,0x00,0x00,0x00,0x00,0x00,0x00,0x00,0x00,0x00,0x00,0x00,0x00,0x00,0x00,
    0x00,0x00,0x00,0x00,0x00,0x00,0x00,0x00,0x00,0x00,0x00,0x00,0x00,0x00,0x00,0x00,
    0x00,0x00,0x00,0x00,0x00,0x00,0x00,0x00,0x00,0x00,0x00,0x00,0x00,0x00,0x00,0x00,
    0x00,0x00,0x00,0x00,0x00,0x00,0x00,0x00,0x00,0x00,0x00,0x00,0x00,0x00,0x00,0x00,
    0x00,0x00,0x00,0x00,0x00,0x00,0x00,0x00,0x00,0x00,0x00,0x00,0x00,0x00,0x00,0x00,
    0x00,0x00,0x00,0x00,0x00,0x00,0x00,0x00,0x00,0x00,0x00,0x00,0x00,0x00,0x00,0x00,
    0x00,0x00,0x00,0x00,0x00,0x00,0x00,0x00,0x00,0x00,0x00,0x00,0x00,0x00,0x00,0x00,
    0x00,0x00,0x00,0x00,0x00,0x00,0x00,0x00,0x00,0x00,0x00,0x00,0x00,0x00,0x00,0x00,
    0x00,0x00,0x00,0x00,0x00,0x00,0x00,0x00,0x00,0x00,0x00,0x00,0x00,0x00,0x00,0x00,
    0x00,0x00,0x00,0x00,0x00,0x00,0x00,0x00,0x00,0x00,0x00,0x00,0x00,0x00,0x00,0x00,
    0x00,0x00,0x00,0x00,0x00,0x00,0x00,0x00,0x00,0x00,0x00,0x00,0x00,0x00,0x00,0x00,
    0x00,0x00,0x00,0x00,0x00,0x00,0x00,0x00,0x00,0x00,0x00,0x00,0x00,0x00,0x00,0x00,
    0x00,0x00,0x00,0x00,0x00,0x00,0x00,0x00,0x00,0x00,0x00,0x00,0x00,0x00,0x00,0x00,
    0x00,0x00,0x00,0x00,0x00,0x00,0x51,0x9f,0xfe,0x35,0x51,0x9f,0xfe,0x35,0x00,0x00,
    0x00,0x00,0x00,0x00,0x00,0x00,0x00,0x00,0x00,0x00,0x00,0x00,0x00,0x00,0x00,0x00,
    0x00,0x00,0x00,0x00,0x00,0x00,0x00,0x00,0x00,0x00,0x00,0x00,0x00,0x00,0x00,0x00,
    0x00,0x00,0x00,0x00,0x00,0x00,0x00,0x00,0x00,0x00,0x00,0x00,0x00,0x00,0x00,0x00,
    0x00,0x00,0x00,0x00,0x00,0x00,0x00,0x00,0x00,0x00,0x00,0x00,0x00,0x00,0x00,0x00,
    0x00,0x00,0x00,0x00,0x00,0x00,0x00,0x00,0x00,0x00,0x00,0x00,0x00,0x00,0x00,0x00,
    0x00,0x00,0x00,0x00,0x00,0x00,0x00,0x00,0x00,0x00,0x00,0x00,0x00,0x00,0x00,0x00,
    0x00,0x00,0x00,0x00,0x00,0x00,0x00,0x00,0x00,0x00,0x00,0x00,0x00,0x00,0x00,0x00,
    0x00,0x00,0x00,0x00,0x00,0x00,0x38,0x5b,0xdb,0x1c,0x38,0x5b,0xdb,0x1c,0x38,0x5b,
    0xdb,0x1c,0x00,0x00,0x00,0x00,0x00,0x00,0x00,0x00,0x00,0x00,0x00,0x00,0x00,0x00,
    0x00,0x00,0x00,0x00,0x00,0x00,0x00,0x00,0x00,0x00,0x00,0x00,0x00,0x00,0x00,0x00,
    0x00,0x00,0x00,0x00,0x00,0x00,0x00,0x00,0x00,0x00,0x00,0x00,0x00,0x00,0x00,0x00,
    0x00,0x00,0x00,0x00,0x00,0x00,0x00,0x00,0x00,0x00,0x00,0x00,0x00,0x00,0x00,0x00,
    0x00,0x00,0x00,0x00,0x00,0x00,0x00,0x00,0x00,0x00,0x00,0x00,0x00,0x00,0x00,0x00,
    0x00,0x00,0x00,0x00,0x00,0x00,0x00,0x00,0x00,0x00,0x00,0x00,0x00,0x00,0x00,0x00,
    0x00,0x00,0x00,0x00,0x00,0x00,0x00,0x00,0x00,0x00,0x00,0x00,0x00,0x00,0x00,0x00,
    0x00,0x00,0x00,0x00,0x00,0x00,0x00,0x00,0x00,0x00,0x00,0x00,0x00,0x00,0x00,0x00,
    0x00,0x00,0x00,0x00,0x00,0x00,0x00,0x00,0x00,0x00,0x00,0x00,0x00,0x00,0x00,0x00,
    0x00,0x00,0x00,0x00,0x00,0x00,0x00,0x00,0x00,0x00,0x00,0x00,0x00,0x00,0x00,0x00,
    0x00,0x00,0x00,0x00,0x00,0x00,0x00,0x00,0x00,0x00,0x00,0x00,0x00,0x00,0x00,0x00,
    0x00,0x00,0x00,0x00,0x00,0x00,0x00,0x00,0x00,0x00,0x00,0x00,0x00,0x00,0x00,0x00,
    0x00,0x00,0x00,0x00,0x00,0x00,0x00,0x00,0x00,0x00,0x00,0x00,0x00,0x00,0x00,0x00,
    0x00,0x00,0x00,0x00,0x00,0x00,0x00,0x00,0x00,0x00,0x00,0x00,0x00,0x00,0x00,0x00,
    0x00,0x00,0x00,0x00,0x00,0x00,0x00,0x00,0x00,0x00,0x00,0x00,0x00,0x00,0x00,0x00,
    0x00,0x00,0x00,0x00,0x00,0x00,0x00,0x00,0x00,0x00,0x00,0x00,0x00,0x00,0x00,0x00,
    0x00,0x00,0x00,0x00,0x00,0x00,0x00,0x00,0x00,0x00,0x00,0x00,0x00,0x00,0x00,0x00,
    0x00,0x00,0x00,0x00,0x00,0x00,0x00,0x00,0x00,0x00,0x00,0x00,0x00,0x00,0x00,0x00,
    0x00,0x00,0x00,0x00,0x00,0x00,0x00,0x00,0x00,0x00,0x00,0x00,0x00,0x00,0x00,0x00,
    0x00,0x00,0x00,0x00,0x00,0x00,0x00,0x00,0x00,0x00,0x00,0x00,0x00,0x00,0x00,0x00,
    0x00,0x00,0x00,0x00,0x00,0x00,0x00,0x00,0x00,0x00,0x00,0x00,0x00,0x00,0x00,0x00,
    0x00,0x00,0x00,0x00,0x00,0x00,0x00,0x00,0x00,0x00,0x00,0x00,0x00,0x00,0x00,0x00,
    0x00,0x00,0x00,0x00,0x00,0x00,0x00,0x00,0x00,0x00,0x00,0x00,0x00,0x00,0x00,0x00,
    0x00,0x00,0x00,0x00,0x00,0x00,0x00,0x00,0x00,0x00,0x00,0x00,0x00,0x00,0x00,0x00,
    0x00,0x00,0x00,0x00,0x00,0x00,0x00,0x00,0x00,0x00,0x00,0x00,0x00,0x00,0x00,0x00,
    0x00,0x00,0x00,0x00,0x00,0x00,0x00,0x00,0x00,0x00,0x00,0x00,0x00,0x00,0x00,0x00,
    0x00,0x00,0x00,0x00,0x00,0x00,0x00,0x00,0x00,0x00,0x00,0x00,0x00,0x00,0x00,0x00,
    0x00,0x00,0x00,0x00,0x00,0x00,0x00,0x00,0x00,0x00,0x00,0x00,0x00,0x00,0x00,0x00,
    0x00,0x00,0x00,0x00,0x00,0x00,0x00,0x00,0x00,0x00,0x00,0x00,0x00,0x00,0x00,0x00,
    0x00,0x00,0x00,0x00,0x00,0x00,0x00,0x00,0x00,0x00,0x00,0x00,0x00,0x00,0x00,0x00,
    0x00,0x00,0x00,0x00,0x00,0x00,0x00,0x00,0x00,0x00,0x00,0x00,0x00,0x00,0x00,0x00,
    0x00,0x00,0x00,0x00,0x00,0x00,0x00,0x00,0x00,0x00,0x00,0x00,0x00,0x00,0x00,0x00,
    0x00,0x00,0x00,0x00,0x00,0x00,0x00,0x00,0x00,0x00,0x00,0x00,0x00,0x00,0x00,0x00,
    0x00,0x00,0x00,0x00,0x00,0x00,0x00,0x00,0x00,0x00,0x00,0x00,0x00,0x00,0x00,0x00,
    0x00,0x00,0x00,0x00,0x00,0x00,0x00,0x00,0x00,0x00,0x00,0x00,0x00,0x00,0x00,0x00,
    0x00,0x00,0x00,0x00,0x00,0x00,0x00,0x00,0x00,0x00,0x00,0x00,0x00,0x00,0x00,0x00,
    0x00,0x00,0x00,0x00,0x00,0x00,0x00,0x00,0x00,0x00,0x00,0x00,0x00,0x00,0x00,0x00,
    0x00,0x00,0x00,0x00,0x00,0x00,0x00,0x00,0x00,0x00,0x00,0x00,0x00,0x00,0x00,0x00,
    0x00,0x00,0x00,0x00,0x00,0x00,0x00,0x00,0x00,0x00,0x00,0x00,0x00,0x00,0x00,0x00,
    0x00,0x00,0x00,0x00,0x00,0x00,0x00,0x00,0x00,0x00,0x00,0x00,0x00,0x00,0x00,0x00,
    0x00,0x00,0x00,0x00,0x00,0x00,0x00,0x00,0x00,0x00,0x00,0x00,0x00,0x00,0x00,0x00,
    0x00,0x00,0x00,0x00,0x00,0x00,0x00,0x00,0x00,0x00,0x00,0x00,0x00,0x00,0x00,0x00,
    0x00,0x00,0x00,0x00,0x00,0x00,0x00,0x00,0x00,0x00,0x00,0x00,0x00,0x00,0x00,0x00,
    0x00,0x00,0x00,0x00,0x00,0x00,0x00,0x00,0x00,0x00,0x00,0x00,0x00,0x00,0x00,0x00,
    0x00,0x00,0x00,0x00,0x00,0x00,0x00,0x00,0x00,0x00,0x00,0x00,0x00,0x00,0x00,0x00,
    0x00,0x00,0x00,0x00,0x00,0x00,0x00,0x00,0x00,0x00,0x00,0x00,0x00,0x00,0x00,0x00,
    0x00,0x00,0x00,0x00,0x00,0x00,0x00,0x00,0x00,0x00,0x00,0x00,0x00,0x00,0x00,0x00,
    0x00,0x00,0x00,0x00,0x00,0x00,0x00,0x00,0x00,0x00,0x00,0x00,0x00,0x00,0x00,0x00,
    0x00,0x00,0x00,0x00,0x00,0x00,0x00,0x00,0x00,0x00,0x00,0x00,0x00,0x00,0x00,0x00,
    0x00,0x00,0x00,0x00,0x00,0x00,0x00,0x00,0x00,0x00,0x00,0x00,0x00,0x00,0x00,0x00,
    0x00,0x00,0x00,0x00,0x00,0x00,0x00,0x00,0x00,0x00,0x00,0x00,0x00,0x00,0x00,0x00,
    0x00,0x00,0x00,0x00,0x00,0x00,0x00,0x00,0x00,0x00,0x00,0x00,0x00,0x00,0x00,0x00,
    0x00,0x00,0x00,0x00,0x00,0x00,0x00,0x00,0x00,0x00,0x00,0x00,0x00,0x00,0x00,0x00,
    0x00,0x00,0x00,0x00,0x00,0x00,0x00,0x00,0x00,0x00,0x00,0x00,0x00,0x00,0x00,0x00,
    0x00,0x00,0x00,0x00,0x00,0x00,0x00,0x00,0x00,0x00,0x00,0x00,0x00,0x00,0x00,0x00,
    0x00,0x00,0x00,0x00,0x00,0x00,0x00,0x00,0x00,0x00,0x00,0x00,0x00,0x00,0x00,0x00,
    0x00,0x00,0x00,0x00,0x00,0x00,0x00,0x00,0x00,0x00,0x00,0x00,0x00,0x00,0x00,0x00,
    0x00,0x00,0x00,0x00,0x00,0x00,0x00,0x00,0x00,0x00,0x00,0x00,0x00,0x00,0x00,0x00,
    0x00,0x00,0x00,0x00,0x00,0x00,0x00,0x00,0x00,0x00,0x00,0x00,0x00,0x00,0x00,0x00,
    0x00,0x00,0x00,0x00,0x00,0x00,0x00,0x00,0x00,0x00,0x00,0x00,0x00,0x00,0x00,0x00,
    0x00,0x00,0x00,0x00,0x00,0x00,0x00,0x00,0x00,0x00,0x00,0x00,0x00,0x00,0x00,0x00,
    0x00,0x00,0x00,0x00,0x00,0x00,0x00,0x00,0x00,0x00,0x00,0x00,0x00,0x00,0x00,0x00,
    0x00,0x00,0x00,0x00,0x00,0x00,0x00,0x00,0x00,0x00,0x00,0x00,0x00,0x00,0x00,0x00,
    0x00,0x00,0x00,0x00,0x00,0x00,0x38,0x5b,0xdb,0x1c,0x38,0x5b,0xdb,0x1c,0x38,0x5b,
    0xdb,0x1c,0x00,0x00,0x00,0x00,0x00,0x00,0x00,0x00,0x00,0x00,0x00,0x00,0x00,0x00,
    0x00,0x00,0x00,0x00,0x00,0x00,0x00,0x00,0x00,0x00,0x00,0x00,0x00,0x00,0x00,0x00,
    0x00,0x00,0x00,0x00,0x00,0x00,0x00,0x00,0x00,0x00,0x00,0x00,0x00,0x00,0x00,0x00,
    0x00,0x00,0x00,0x00,0x00,0x00,0x00,0x00,0x00,0x00,0x00,0x00,0x00,0x00,0x00,0x00,
    0x00,0x00,0x00,0x00,0x00,0x00,0x00,0x00,0x00,0x00,0x00,0x00,0x00,0x00,0x00,0x00,
    0x00,0x00,0x00,0x00,0x00,0x00,0x00,0x00,0x00,0x00,0x00,0x00,0x00,0x00,0x00,0x00,
    0x00,0x00,0x00,0x00,0x00,0x00,0x00,0x00,0x00,0x00,0x00,0x00,0x00,0x00,0x00,0x00,
    0x00,0x00,0x00,0x00,0x00,0x00,0x00,0x00,0x00,0x00,0x00,0x00,0x00,0x00,0x00,0x00,
    0x00,0x00,0x00,0x00,0x00,0x00,0x00,0x00,0x00,0x00,0x00,0x00,0x00,0x00,0x00,0x00,
    0x00,0x00,0x00,0x00,0x00,0x00,0x00,0x00,0x00,0x00,0x00,0x00,0x00,0x00,0x00,0x00,
    0x00,0x00,0x00,0x00,0x00,0x00,0x00,0x00,0x00,0x00,0x00,0x00,0x00,0x00,0x00,0x00,
    0x00,0x00,0x00,0x00,0x00,0x00,0x00,0x00,0x00,0x00,0x00,0x00,0x00,0x00,0x00,0x00,
    0x00,0x00,0x00,0x00,0x00,0x00,0x00,0x00,0x00,0x00,0x00,0x00,0x00,0x00,0x00,0x00,
    0x00,0x00,0x00,0x00,0x00,0x00,0x00,0x00,0x00,0x00,0x00,0x00,0x00,0x00,0x00,0x00,
    0x00,0x00,0x00,0x00,0x00,0x00,0x00,0x00,0x00,0x00,0x00,0x00,0x00,0x00,0x00,0x00,
    0x00,0x00,0x00,0x00,0x00,0x00,0x00,0x00,0x00,0x00,0x00,0x00,0x00,0x00,0x00,0x00,
    0x00,0x00,0x00,0x00,0x00,0x00,0x00,0x00,0x00,0x00,0x00,0x00,0x00,0x00,0x00,0x00,
    0x00,0x00,0x00,0x00,0x00,0x00,0x00,0x00,0x00,0x00,0x00,0x00,0x00,0x00,0x00,0x00,
    0x00,0x00,0x00,0x00,0x00,0x00,0x00,0x00,0x00,0x00,0x00,0x00,0x00,0x00,0x00,0x00,
    0x00,0x00,0x00,0x00,0x00,0x00,0x00,0x00,0x00,0x00,0x00,0x00,0x00,0x00,0x00,0x00,
    0x00,0x00,0x00,0x00,0x00,0x00,0x00,0x00,0x00,0x00,0x00,0x00,0x00,0x00,0x00,0x00,
    0x00,0x00,0x00,0x00,0x00,0x00,0x00,0x00,0x00,0x00,0x00,0x00,0x00,0x00,0x00,0x00,
    0x00,0x00,0x00,0x00,0x00,0x00,0x00,0x00,0x00,0x00,0x00,0x00,0x00,0x00,0x00,0x00,
    0x00,0x00,0x00,0x00,0x00,0x00,0x00,0x00,0x00,0x00,0x00,0x00,0x00,0x00,0x00,0x00,
    0x00,0x00,0x00,0x00,0x00,0x00,0x00,0x00,0x00,0x00,0x00,0x00,0x00,0x00,0x00,0x00,
    0x00,0x00,0x00,0x00,0x00,0x00,0x00,0x00,0x00,0x00,0x00,0x00,0x00,0x00,0x00,0x00,
    0x00,0x00,0x00,0x00,0x00,0x00,0x00,0x00,0x00,0x00,0x00,0x00,0x00,0x00,0x00,0x00,
    0x00,0x00,0x00,0x00,0x00,0x00,0x00,0x00,0x00,0x00,0x00,0x00,0x00,0x00,0x00,0x00,
    0x00,0x00,0x00,0x00,0x00,0x00,0x00,0x00,0x00,0x00,0x00,0x00,0x00,0x00,0x00,0x00,
    0x00,0x00,0x00,0x00,0x00,0x00,0x00,0x00,0x00,0x00,0x00,0x00,0x00,0x00,0x00,0x00,
    0x00,0x00,0x00,0x00,0x00,0x00,0x00,0x00,0x00,0x00,0x00,0x00,0x00,0x00,0x00,0x00,
    0x00,0x00,0x00,0x00,0x00,0x00,0x00,0x00,0x00,0x00,0x00,0x00,0x00,0x00,0x00,0x00,
    0x00,0x00,0x00,0x00,0x00,0x00,0x00,0x00,0x00,0x00,0x00,0x00,0x00,0x00,0x00,0x00,
    0x00,0x00,0x00,0x00,0x00,0x00,0x00,0x00,0x00,0x00,0x00,0x00,0x00,0x00,0x00,0x00,
    0x00,0x00,0x00,0x00,0x00,0x00,0x00,0x00,0x00,0x00,0x00,0x00,0x00,0x00,0x00,0x00,
    0x00,0x00,0x00,0x00,0x00,0x00,0x00,0x00,0x00,0x00,0x00,0x00,0x00,0x00,0x00,0x00,
    0x00,0x00,0x00,0x00,0x00,0x00,0x00,0x00,0x00,0x00,0x00,0x00,0x00,0x00,0x00,0x00,
    0x00,0x00,0x00,0x00,0x00,0x00,0x00,0x00,0x00,0x00,0x00,0x00,0x00,0x00,0x00,0x00,
    0x00,0x00,0x00,0x00,0x00,0x00,0x00,0x00,0x00,0x00,0x00,0x00,0x00,0x00,0x00,0x00,
    0x00,0x00,0x00,0x00,0x00,0x00,0x00,0x00,0x00,0x00,0x00,0x00,0x00,0x00,0x00,0x00,
    0x00,0x00,0x00,0x00,0x00,0x00,0x00,0x00,0x00,0x00,0x00,0x00,0x00,0x00,0x00,0x00,
    0x00,0x00,0x00,0x00,0x00,0x00,0x00,0x00,0x00,0x00,0x00,0x00,0x00,0x00,0x00,0x00,
    0x00,0x00,0x00,0x00,0x00,0x00,0x00,0x00,0x00,0x00,0x00,0x00,0x00,0x00,0x00,0x00,
    0x00,0x00,0x00,0x00,0x00,0x00,0x00,0x00,0x00,0x00,0x00,0x00,0x00,0x00,0x00,0x00,
    0x00,0x00,0x00,0x00,0x00,0x00,0x00,0x00,0x00,0x00,0x00,0x00,0x00,0x00,0x00,0x00,
    0x00,0x00,0x00,0x00,0x00,0x00,0x00,0x00,0x00,0x00,0x00,0x00,0x00,0x00,0x00,0x00,
    0x00,0x00,0x00,0x00,0x00,0x00,0x00,0x00,0x00,0x00,0x00,0x00,0x00,0x00,0x00,0x00,
    0x00,0x00,0x00,0x00,0x00,0x00,0x00,0x00,0x00,0x00,0x00,0x00,0x00,0x00,0x00,0x00,
    0x00,0x00,0x00,0x00,0x00,0x00,0x00,0x00,0x00,0x00,0x00,0x00,0x00,0x00,0x00,0x00,
    0x00,0x00,0x00,0x00,0x00,0x00,0x00,0x00,0x00,0x00,0x00,0x00,0x00,0x00,0x00,0x00,
    0x00,0x00,0x00,0x00,0x00,0x00,0x00,0x00,0x00,0x00,0x00,0x00,0x00,0x00,0x00,0x00,
    0x00,0x00,0x00,0x00,0x00,0x00,0x00,0x00,0x00,0x00,0x00,0x00,0x00,0x00,0x00,0x00,
    0x00,0x00,0x00,0x00,0x00,0x00,0x00,0x00,0x00,0x00,0x00,0x00,0x00,0x00,0x00,0x00,
    0x00,0x00,0x00,0x00,0x00,0x00,0x00,0x00,0x00,0x00,0x00,0x00,0x00,0x00,0x00,0x00,
    0x00,0x00,0x00,0x00,0x00,0x00,0x00,0x00,0x00,0x00,0x00,0x00,0x00,0x00,0x00,0x00,
    0x00,0x00,0x00,0x00,0x00,0x00,0x00,0x00,0x00,0x00,0x00,0x00,0x00,0x00,0x00,0x00,
    0x00,0x00,0x00,0x00,0x00,0x00,0x00,0x00,0x00,0x00,0x00,0x00,0x00,0x00,0x00,0x00,
    0x00,0x00,0x00,0x00,0x00,0x00,0x00,0x00,0x00,0x00,0x00,0x00,0x00,0x00,0x00,0x00,
    0x00,0x00,0x00,0x00,0x00,0x00,0x00,0x00,0x00,0x00,0x00,0x00,0x00,0x00,0x00,0x00,
    0x00,0x00,0x00,0x00,0x00,0x00,0x00,0x00,0x00,0x00,0x00,0x00,0x00,0x00,0x00,0x00,
    0x00,0x00,0x00,0x00,0x00,0x00,0x00,0x00,0x00,0x00,0x00,0x00,0x00,0x00,0x00,0x00,
    0x00,0x00,0x00,0x00,0x00,0x00,0x00,0x00,0x00,0x00,0x00,0x00,0x00,0x00,0x00,0x00,
    0x00,0x00,0x00,0x00,0x00,0x00,0x00,0x00,0x00,0x00,0x00,0x00,0x00,0x00,0x00,0x00,
    0x00,0x00,0x00,0x00,0x00,0x00,0x00,0x00,0x00,0x00,0x00,0x00,0x00,0x00,0x00,0x00,
    0x00,0x00,0x00,0x00,0x00,0x00,0x00,0x00,0x00,0x00,0x00,0x00,0x00,0x00,0x00,0x00,
    0x00,0x00,0x00,0x00,0x00,0x00,0x00,0x00,0x00,0x00,0x00,0x00,0x00,0x00,0x00,0x00,
    0x00,0x00,0x00,0x00,0x00,0x00,0x00,0x00,0x00,0x00,0x00,0x00,0x00,0x00,0x00,0x00,
    0x00,0x00,0x00,0x00,0x00,0x00,0x00,0x00,0x00,0x00,0x00,0x00,0x00,0x00,0x00,0x00,
    0x00,0x00,0x00,0x00,0x00,0x00,0x00,0x00,0x00,0x00,0x00,0x00,0x00,0x00,0x00,0x00,
    0x00,0x00,0x00,0x00,0x00,0x00,0x00,0x00,0x00,0x00,0x00,0x00,0x00,0x00,0x00,0x00,
    0x00,0x00,0x00,0x00,0x00,0x00,0x00,0x00,0x00,0x00,0x00,0x00,0x00,0x00,0x00,0x00,
    0x00,0x00,0x00,0x00,0x00,0x00,0x00,0x00,0x00,0x00,0x00,0x00,0x00,0x00,0x00,0x00,
    0x00,0x00,0x00,0x00,0x00,0x00,0x00,0x00,0x00,0x00,0x00,0x00,0x00,0x00,0x00,0x00,
    0x00,0x00,0x00,0x00,0x00,0x00,0x00,0x00,0x00,0x00,0x00,0x00,0x00,0x00,0x00,0x00,
    0x00,0x00,0x00,0x00,0x00,0x00,0x00,0x00,0x00,0x00,0x00,0x00,0x00,0x00,0x00,0x00,
    0x00,0x00,0x00,0x00,0x00,0x00,0x00,0x00,0x00,0x00,0x00,0x00,0x00,0x00,0x00,0x00,
    0x00,0x00,0x00,0x00,0x00,0x00,0x00,0x00,0x00,0x00,0x00,0x00,0x00,0x00,0x00,0x00,
    0x00,0x00,0x00,0x00,0x00,0x00,0x00,0x00,0x00,0x00,0x00,0x00,0x00,0x00,0x00,0x00,
    0x00,0x00,0x00,0x00,0x00,0x00,0x00,0x00,0x00,0x00,0x00,0x00,0x00,0x00,0x00,0x00,
    0x00,0x00,0x00,0x00,0x00,0x00,0x00,0x00,0x00,0x00,0x00,0x00,0x00,0x00,0x00,0x00,
    0x00,0x00,0x00,0x00,0x00,0x00,0x00,0x00,0x00,0x00,0x00,0x00,0x00,0x00,0x00,0x00,
    0x00,0x00,0x00,0x00,0x00,0x00,0x00,0x00,0x00,0x00,0x00,0x00,0x00,0x00,0x00,0x00,
    0x00,0x00,0x00,0x00,0x00,0x00,0x00,0x00,0x00,0x00,0x00,0x00,0x00,0x00,0x00,0x00,
    0x00,0x00,0x00,0x00,0x00,0x00,0x00,0x00,0x00,0x00,0x00,0x00,0x00,0x00,0x00,0x00,
    0x00,0x00,0x00,0x00,0x00,0x00,0x00,0x00,0x00,0x00,0x00,0x00,0x00,0x00,0x00,0x00,
    0x00,0x00,0x00,0x00,0x00,0x00,0x00,0x00,0x00,0x00,0x00,0x00,0x00,0x00,0x00,0x00,
    0x00,0x00,0x00,0x00,0x00,0x00,0x00,0x00,0x00,0x00,0x00,0x00,0x00,0x00,0x00,0x00,
    0x00,0x00,0x00,0x00,0x00,0x00,0x00,0x00,0x00,0x00,0x00,0x00,0x00,0x00,0x00,0x00,
    0x00,0x00,0x00,0x00,0x00,0x00,0x00,0x00,0x00,0x00,0x00,0x00,0x00,0x00,0x00,0x00,
    0x00,0x00,0x00,0x00,0x00,0x00,0x00,0x00,0x00,0x00,0x00,0x00,0x00,0x00,0x00,0x00,
    0x00,0x00,0x00,0x00,0x00,0x00,0x00,0x00,0x00,0x00,0x00,0x00,0x00,0x00,0x00,0x00,
    0x00,0x00,0x00,0x00,0x00,0x00,0x00,0x00,0x00,0x00,0x00,0x00,0x00,0x00,0x00,0x00,
    0x00,0x00,0x00,0x00,0x00,0x00,0x00,0x00,0x00,0x00,0x00,0x00,0x00,0x00,0x00,0x00,
    0x00,0x00,0x00,0x00,0x00,0x00,0x00,0x00,0x00,0x00,0x00,0x00,0x00,0x00,0x00,0x00,
    0x00,0x00,0x00,0x00,0x00,0x00,0x00,0x00,0x00,0x00,0x00,0x00,0x00,0x00,0x00,0x00,
    0x00,0x00,0x00,0x00,0x00,0x00,0x00,0x00,0x00,0x00,0x00,0x00,0x00,0x00,0x00,0x00,
    0x00,0x00,0x00,0x00,0x00,0x00,0x00,0x00,0x00,0x00,0x00,0x00,0x00,0x00,0x00,0x00,
    0x00,0x00,0x00,0x00,0x00,0x00,0x00,0x00,0x00,0x00,0x00,0x00,0x00,0x00,0x00,0x00,
    0x00,0x00,0x00,0x00,0x00,0x00,0x00,0x00,0x00,0x00,0x00,0x00,0x00,0x00,0x00,0x00,
    0x00,0x00,0x00,0x00,0x00,0x00,0x00,0x00,0x00,0x00,0x00,0x00,0x00,0x00,0x00,0x00,
    0x00,0x00,0x00,0x00,0x00,0x00,0x00,0x00,0x00,0x00,0x00,0x00,0x00,0x00,0x00,0x00,
    0x00,0x00,0x00,0x00,0x00,0x00,0x00,0x00,0x00,0x00,0x00,0x00,0x00,0x00,0x00,0x00,
    0x00,0x00,0x00,0x00,0x00,0x00,0x00,0x00,0x00,0x00,0x00,0x00,0x00,0x00,0x00,0x00,
    0x00,0x00,0x00,0x00,0x00,0x00,0x00,0x00,0x00,0x00,0x00,0x00,0x00,0x00,0x00,0x00,
    0x00,0x00,0x00,0x00,0x00,0x00,0x00,0x00,0x00,0x00,0x00,0x00,0x00,0x00,0x00,0x00,
    0x00,0x00,0x00,0x00,0x00,0x00,0x00,0x00,0x00,0x00,0x00,0x00,0x00,0x00,0x00,0x00,
    0x00,0x00,0x00,0x00,0x00,0x00,0x00,0x00,0x00,0x00,0x00,0x00,0x00,0x00,0x00,0x00,
    0x00,0x00,0x00,0x00,0x00,0x00,0x00,0x00,0x00,0x00,0x00,0x00,0x00,0x00,0x00,0x00,
    0x00,0x00,0x00,0x00,0x00,0x00,0x00,0x00,0x00,0x00,0x00,0x00,0x00,0x00,0x00,0x00,
    0x00,0x00,0x00,0x00,0x00,0x00,0x00,0x00,0x00,0x00,0x00,0x00,0x00,0x00,0xbd,0xb5,
    0x94,0x02,0xc5,0xb9,0x9c,0x3f,0xc6,0xba,0x9d,0x84,0xcc,0xc1,0xa7,0xb8,0xd2,0xc8,
    0xb0,0xe3,0xd4,0xca,0xb3,0xfc,0xd5,0xcb,0xb5,0xff,0xd5,0xcb,0xb5,0xff,0xd5,0xcb,
    0xb5,0xff,0xd2,0xc9,0xb1,0xeb,0xce,0xc4,0xab,0xc7,0xc7,0xbb,0x9f,0x94,0xc5,0xba,
    0x9c,0x53,0xc3,0xb7,0x9a,0x0b,0x00,0x00,0x00,0x00,0x00,0x00,0x00,0x00,0x00,0x00,
    0x00,0x00,0x00,0x00,0x00,0x00,0x00,0x00,0x00,0x00,0x00,0x00,0x00,0x00,0x00,0x00,
    0x00,0x00,0x00,0x00,0x00,0x00,0x00,0x00,0x00,0x00,0x00,0x00,0x00,0x00,0x00,0x00,
    0x00,0x00,0x00,0x00,0x00,0x00,0x00,0x00,0x00,0x00,0x00,0x00,0x00,0x00,0x00,0x00,
    0x00,0x00,0x00,0x00,0x00,0x00,0x00,0x00,0x00,0x00,0x00,0x00,0x00,0x00,0x00,0x00,
    0x00,0x00,0x00,0x00,0x00,0x00,0x00,0x00,0x00,0x00,0x00,0x00,0x00,0x00,0x00,0x00,
    0x00,0x00,0x00,0x00,0x00,0x00,0x00,0x00,0x00,0x00,0x00,0x00,0x00,0x00,0x00,0x00,
    0x00,0x00,0x00,0x00,0x00,0x00,0x00,0x00,0x00,0x00,0x00,0x00,0x00,0x00,0x00,0x00,
    0x00,0x00,0x00,0x00,0x00,0x00,0x00,0x00,0x00,0x00,0x00,0x00,0x00,0x00,0x00,0x00,
    0x00,0x00,0x00,0x00,0x00,0x00,0x00,0x00,0x00,0x00,0x00,0x00,0x00,0x00,0x00,0x00,
    0x00,0x00,0x00,0x00,0x00,0x00,0x00,0x00,0x00,0x00,0x00,0x00,0x00,0x00,0x00,0x00,
    0x00,0x00,0x00,0x00,0x00,0x00,0x00,0x00,0x00,0x00,0x00,0x00,0x00,0x00,0x00,0x00,
    0x00,0x00,0x00,0x00,0x00,0x00,0x00,0x00,0x00,0x00,0x00,0x00,0x00,0x00,0xbd,0xb5,
    0x94,0x02,0xc5,0xb9,0x9c,0x3f,0xc6,0xba,0x9d,0x84,0xcc,0xc1,0xa7,0xb8,0xd2,0xc8,
    0xb0,0xe3,0xd4,0xca,0xb3,0xfc,0xd5,0xcb,0xb5,0xff,0xd5,0xcb,0xb5,0xff,0xd5,0xcb,
    0xb5,0xff,0xd2,0xc9,0xb1,0xeb,0xce,0xc4,0xab,0xc7,0xc7,0xbb,0x9f,0x94,0xc5,0xba,
    0x9c,0x53,0xc3,0xb7,0x9a,0x0b,0x00,0x00,0x00,0x00,0x00,0x00,0x00,0x00,0x00,0x00,
    0x00,0x00,0x00,0x00,0x00,0x00,0x00,0x00,0x00,0x00,0x00,0x00,0x00,0x00,0x00,0x00,
    0x00,0x00,0x00,0x00,0x00,0x00,0x00,0x00,0x00,0x00,0x00,0x00,0x00,0x00,0x00,0x00,
    0x00,0x00,0x00,0x00,0x00,0x00,0x00,0x00,0x00,0x00,0x00,0x00,0x00,0x00,0x00,0x00,
    0x00,0x00,0x00,0x00,0x00,0x00,0x00,0x00,0x00,0x00,0x00,0x00,0x00,0x00,0x00,0x00,
    0x00,0x00,0x00,0x00,0x00,0x00,0x00,0x00,0x00,0x00,0x00,0x00,0x00,0x00,0x00,0x00,
    0x00,0x00,0x00,0x00,0x00,0x00,0x00,0x00,0x00,0x00,0x00,0x00,0x00,0x00,0x00,0x00,
    0x00,0x00,0x00,0x00,0x00,0x00,0x00,0x00,0x00,0x00,0x00,0x00,0x00,0x00,0x00,0x00,
    0x00,0x00,0x00,0x00,0x00,0x00,0x00,0x00,0x00,0x00,0x00,0x00,0x00,0x00,0x00,0x00,
    0x00,0x00,0x00,0x00,0x00,0x00,0x00,0x00,0x00,0x00,0x00,0x00,0x00,0x00,0x00,0x00,
    0x00,0x00,0x00,0x00,0x00,0x00,0x00,0x00,0x00,0x00,0x00,0x00,0x00,0x00,0x00,0x00,
    0x00,0x00,0x00,0x00,0x00,0x00,0x00,0x00,0x00,0x00,0x00,0x00,0x00,0x00,0x00,0x00,
    0x00,0x00,0x00,0x00,0x00,0x00,0x00,0x00,0x00,0x00,0x00,0x00,0x00,0x00,0x00,0x00,
    0x00,0x00,0x00,0x00,0x00,0x00,0x00,0x00,0x00,0x00,0x00,0x00,0x00,0x00,0x00,0x00,
    0x00,0x00,0x00,0x00,0x00,0x00,0x00,0x00,0x00,0x00,0x00,0x00,0x00,0x00,0x00,0x00,
    0x00,0x00,0x00,0x00,0x00,0x00,0x00,0x00,0x00,0x00,0x00,0x00,0x00,0x00,0x00,0x00,
    0x00,0x00,0x00,0x00,0x00,0x00,0x00,0x00,0x00,0x00,0x00,0x00,0x00,0x00,0x00,0x00,
    0x00,0x00,0x00,0x00,0x00,0x00,0x00,0x00,0x00,0x00,0x00,0x00,0x00,0x00,0x00,0x00,
    0x00,0x00,0x00,0x00,0x00,0x00,0x00,0x00,0x00,0x00,0x00,0x00,0x00,0x00,0x00,0x00,
    0x00,0x00,0x00,0x00,0x00,0x00,0x00,0x00,0x00,0x00,0x00,0x00,0x00,0x00,0x00,0x00,
    0x00,0x00,0x00,0x00,0x00,0x00,0x00,0x00,0x00,0x00,0x00,0x00,0x00,0x00,0x00,0x00,
    0x00,0x00,0x00,0x00,0x00,0x00,0x00,0x00,0x00,0x00,0x00,0x00,0x00,0x00,0x00,0x00,
    0x00,0x00,0x00,0x00,0x00,0x00,0x00,0x00,0x00,0x00,0x00,0x00,0x00,0x00,0x00,0x00,
    0x00,0x00,0x00,0x00,0x00,0x00,0x00,0x00,0x00,0x00,0x00,0x00,0x00,0x00,0x00,0x00,
    0x00,0x00,0x00,0x00,0x00,0x00,0x00,0x00,0x00,0x00,0x00,0x00,0x00,0x00,0x00,0x00,
    0x00,0x00,0x00,0x00,0x00,0x00,0x00,0x00,0x00,0x00,0x00,0x00,0x00,0x00,0x00,0x00,
    0x00,0x00,0x00,0x00,0x00,0x00,0x00,0x00,0x00,0x00,0x00,0x00,0x00,0x00,0x00,0x00,
    0x00,0x00,0x00,0x00,0x00,0x00,0x00,0x00,0x00,0x00,0x00,0x00,0x00,0x00,0x00,0x00,
    0x00,0x00,0xc4,0xc4,0xc4,0x7d,0xc3,0xc3,0xc3,0x96,0xc1,0xc1,0xc1,0x25,0x00,0x00,
    0x00,0x00,0x00,0x00,0x00,0x00,0x00,0x00,0x00,0x00,0x00,0x00,0x00,0x00,0x00,0x00,
    0x00,0x00,0x00,0x00,0x00,0x00,0x00,0x00,0x00,0x00,0x00,0x00,0x00,0x00,0x00,0x00,
    0x00,0x00,0x00,0x00,0x00,0x00,0x00,0x00,0x00,0x00,0x00,0x00,0x00,0x00,0x00,0x00,
    0x00,0x00,0x00,0x00,0x00,0x00,0xc1,0xc1,0xc1,0x11,0xc2,0xc2,0xc2,0x7a,0xc4,0xc4,
    0xc4,0xa0,0xbe,0xbe,0xbe,0x05,0x00,0x00,0x00,0x00,0x00,0x00,0x00,0x00,0x00,0x00,
    0x00,0x00,0x00,0x00,0x00,0x00,0x00,0x00,0x00,0x00,0x00,0x00,0x00,0x00,0x00,0x00,
    0x00,0x00,0x00,0x00,0x00,0x00,0x00,0x00,0x00,0x00,0x00,0x00,0x00,0x00,0x00,0x00,
    0x00,0x00,0x00,0x00,0x00,0x00,0x00,0x00,0x00,0x00,0x00,0x00,0x00,0x00,0x00,0x00,
    0x00,0x00,0x00,0x00,0x00,0x00,0x00,0x00,0x00,0x00,0x00,0x00,0x00,0x00,0x00,0x00,
    0x00,0x00,0x00,0x00,0x00,0x00,0x00,0x00,0x00,0x00,0x00,0x00,0x00,0x00,0x00,0x00,
    0x00,0x00,0x00,0x00,0x00,0x00,0x00,0x00,0x00,0x00,0x00,0x00,0x00,0x00,0x00,0x00,
    0x00,0x00,0x00,0x00,0x00,0x00,0x00,0x00,0x00,0x00,0x00,0x00,0x00,0x00,0x00,0x00,
    0x00,0x00,0x00,0x00,0x00,0x00,0x00,0x00,0x00,0x00,0x00,0x00,0x00,0x00,0x00,0x00,
    0x00,0x00,0x00,0x00,0x00,0x00,0x00,0x00,0x00,0x00,0x00,0x00,0x00,0x00,0x00,0x00,
    0x00,0x00,0x00,0x00,0x00,0x00,0x00,0x00,0x00,0x00,0x00,0x00,0x00,0x00,0x00,0x00,
    0x00,0x00,0x00,0x00,0x00,0x00,0x00,0x00,0x00,0x00,0xc4,0xb9,0x9b,0x51,0xc9,0xbe,
    0xa2,0xd9,0xd7,0xcd,0xb8,0xff,0xe3,0xdd,0xcd,0xff,0xe7,0xe1,0xd3,0xff,0xe7,0xe1,
    0xd3,0xff,0xe7,0xe1,0xd3,0xff,0xe7,0xe1,0xd3,0xff,0xe7,0xe1,0xd3,0xff,0xe7,0xe1,
    0xd3,0xff,0xe7,0xe1,0xd3,0xff,0xe7,0xe1,0xd3,0xff,0xe5,0xdf,0xd0,0xff,0xda,0xd2,
    0xbe,0xff,0xcc,0xc1,0xa7,0xef,0xc5,0xb9,0x9c,0x7a,0xc3,0xb8,0x98,0x05,0x00,0x00,
    0x00,0x00,0x00,0x00,0x00,0x00,0x00,0x00,0x00,0x00,0x00,0x00,0x00,0x00,0x00,0x00,
    0x00,0x00,0x00,0x00,0x00,0x00,0x00,0x00,0x00,0x00,0x00,0x00,0x00,0x00,0x00,0x00,
    0x00,0x00,0x00,0x00,0x00,0x00,0x00,0x00,0x00,0x00,0x00,0x00,0x00,0x00,0x00,0x00,
    0x00,0x00,0x00,0x00,0x00,0x00,0x00,0x00,0x00,0x00,0x00,0x00,0x00,0x00,0x00,0x00,
    0x00,0x00,0x00,0x00,0x00,0x00,0x00,0x00,0x00,0x00,0x00,0x00,0x00,0x00,0x00,0x00,
    0x00,0x00,0x00,0x00,0x00,0x00,0x00,0x00,0x00,0x00,0x00,0x00,0x00,0x00,0x00,0x00,
    0x00,0x00,0x00,0x00,0x00,0x00,0x00,0x00,0x00,0x00,0x00,0x00,0x00,0x00,0x00,0x00,
    0x00,0x00,0x00,0x00,0x00,0x00,0x00,0x00,0x00,0x00,0x00,0x00,0x00,0x00,0x00,0x00,
    0x00,0x00,0x00,0x00,0x00,0x00,0x00,0x00,0x00,0x00,0x00,0x00,0x00,0x00,0x00,0x00,
    0x00,0x00,0x00,0x00,0x00,0x00,0x00,0x00,0x00,0x00,0x00,0x00,0x00,0x00,0x00,0x00,
    0x00,0x00,0x00,0x00,0x00,0x00,0x00,0x00,0x00,0x00,0x00,0x00,0x00,0x00,0x00,0x00,
    0x00,0x00,0x00,0x00,0x00,0x00,0x00,0x00,0x00,0x00,0xc4,0xb9,0x9b,0x51,0xc9,0xbe,
    0xa2,0xd9,0xd7,0xcd,0xb8,0xff,0xe3,0xdd,0xcd,0xff,0xe7,0xe1,0xd3,0xff,0xe7,0xe1,
    0xd3,0xff,0xe7,0xe1,0xd3,0xff,0xe7,0xe1,0xd3,0xff,0xe7,0xe1,0xd3,0xff,0xe7,0xe1,
    0xd3,0xff,0xe7,0xe1,0xd3,0xff,0xe7,0xe1,0xd3,0xff,0xe5,0xdf,0xd0,0xff,0xda,0xd2,
    0xbe,0xff,0xcc,0xc1,0xa7,0xef,0xc5,0xb9,0x9c,0x7a,0xc3,0xb8,0x98,0x05,0x00,0x00,
    0x00,0x00,0x00,0x00,0x00,0x00,0x00,0x00,0x00,0x00,0x00,0x00,0x00,0x00,0x00,0x00,
    0x00,0x00,0x00,0x00,0x00,0x00,0x00,0x00,0x00,0x00,0x00,0x00,0x00,0x00,0x00,0x00,
    0x00,0x00,0x00,0x00,0x00,0x00,0x00,0x00,0x00,0x00,0x00,0x00,0x00,0x00,0x00,0x00,
    0x00,0x00,0x00,0x00,0x00,0x00,0x00,0x00,0x00,0x00,0x00,0x00,0x00,0x00,0x00,0x00,
    0x00,0x00,0x00,0x00,0x00,0x00,0x00,0x00,0x00,0x00,0x00,0x00,0x00,0x00,0x00,0x00,
    0x00,0x00,0x00,0x00,0x00,0x00,0x00,0x00,0x00,0x00,0x00,0x00,0x00,0x00,0x00,0x00,
    0x00,0x00,0x00,0x00,0x00,0x00,0x00,0x00,0x00,0x00,0x00,0x00,0x00,0x00,0x00,0x00,
    0x00,0x00,0x00,0x00,0x00,0x00,0x00,0x00,0x00,0x00,0x00,0x00,0x00,0x00,0x00,0x00,
    0x00,0x00,0x00,0x00,0x00,0x00,0x00,0x00,0x00,0x00,0x00,0x00,0x00,0x00,0x00,0x00,
    0x00,0x00,0x00,0x00,0x00,0x00,0x00,0x00,0x00,0x00,0x00,0x00,0x00,0x00,0x00,0x00,
    0x00,0x00,0x00,0x00,0x00,0x00,0x00,0x00,0x00,0x00,0x00,0x00,0x00,0x00,0x00,0x00,
    0x00,0x00,0x00,0x00,0x00,0x00,0x00,0x00,0x00,0x00,0x00,0x00,0x00,0x00,0x00,0x00,
    0x00,0x00,0x00,0x00,0x00,0x00,0x00,0x00,0x00,0x00,0x9e,0x9e,0x9e,0x13,0xaa,0xaa,
    0xaa,0xad,0xce,0xce,0xce,0xe9,0xce,0xce,0xce,0xe9,0xce,0xce,0xce,0xe9,0xce,0xce,
    0xce,0xe9,0xb6,0xb6,0xb6,0xcb,0x9f,0x9f,0x9f,0x29,0x00,0x00,0x00,0x00,0x00,0x00,
    0x00,0x00,0x00,0x00,0x00,0x00,0x00,0x00,0x00,0x00,0x00,0x00,0x00,0x00,0x00,0x00,
    0x00,0x00,0x00,0x00,0x00,0x00,0x00,0x00,0x00,0x00,0x00,0x00,0x00,0x00,0x00,0x00,
    0x00,0x00,0x00,0x00,0x00,0x00,0x00,0x00,0x00,0x00,0x00,0x00,0x00,0x00,0x00,0x00,
    0x00,0x00,0x00,0x00,0x00,0x00,0x00,0x00,0x00,0x00,0x00,0x00,0x00,0x00,0x00,0x00,
    0x00,0x00,0x00,0x00,0x00,0x00,0x00,0x00,0x00,0x00,0x00,0x00,0x00,0x00,0x00,0x00,
    0x00,0x00,0x00,0x00,0x00,0x00,0x00,0x00,0x00,0x00,0x00,0x00,0x00,0x00,0x00,0x00,
    0x00,0x00,0x00,0x00,0x00,0x00,0x00,0x00,0x00,0x00,0x00,0x00,0x00,0x00,0x00,0x00,
    0x00,0x00,0x00,0x00,0x00,0x00,0x00,0x00,0x00,0x00,0x00,0x00,0x00,0x00,0x00,0x00,
    0x00,0x00,0x00,0x00,0x00,0x00,0x00,0x00,0x00,0x00,0x00,0x00,0x00,0x00,0x00,0x00,
    0x00,0x00,0x00,0x00,0x00,0x00,0x00,0x00,0x00,0x00,0x00,0x00,0x00,0x00,0x00,0x00,
    0x00,0x00,0x00,0x00,0x00,0x00,0x00,0x00,0x00,0x00,0x00,0x00,0x00,0x00,0x00,0x00,
    0x00,0x00,0x00,0x00,0x00,0x00,0x00,0x00,0x00,0x00,0x00,0x00,0x00,0x00,0x21,0x42,
    0x6e,0x46,0x53,0x77,0xa6,0xff,0xcd,0xd5,0xe0,0xff,0xd5,0xd5,0xd5,0xfd,0xc6,0xc6,
    0xc6,0xaf,0xc2,0xc2,0xc2,0x2d,0x00,0x00,0x00,0x00,0x00,0x00,0x00,0x00,0x00,0x00,
    0x00,0x00,0x00,0x00,0x00,0x00,0x00,0x00,0x00,0x00,0x00,0x00,0x00,0x00,0x00,0x00,
    0x00,0x00,0x00,0x00,0x00,0x00,0x00,0x00,0x00,0x00,0x00,0x00,0x00,0x00,0xc1,0xc1,
    0xc1,0x23,0xc4,0xc4,0xc4,0x91,0xd2,0xd2,0xd2,0xf4,0xda,0xdd,0xe1,0xff,0x6f,0x90,
    0xba,0xff,0x24,0x44,0x70,0x86,0x00,0x00,0x00,0x00,0x00,0x00,0x00,0x00,0x00,0x00,
    0x00,0x00,0x00,0x00,0x00,0x00,0x00,0x00,0x00,0x00,0x00,0x00,0x00,0x00,0x00,0x00,
    0x00,0x00,0x00,0x00,0x00,0x00,0x00,0x00,0x00,0x00,0x00,0x00,0x00,0x00,0x00,0x00,
    0x00,0x00,0x00,0x00,0x00,0x00,0x00,0x00,0x00,0x00,0x00,0x00,0x00,0x00,0x00,0x00,
    0x00,0x00,0x00,0x00,0x00,0x00,0x00,0x00,0x00,0x00,0x00,0x00,0x00,0x00,0x00,0x00,
    0x00,0x00,0x00,0x00,0x00,0x00,0x00,0x00,0x00,0x00,0x00,0x00,0x00,0x00,0x00,0x00,
    0x00,0x00,0x00,0x00,0x00,0x00,0x00,0x00,0x00,0x00,0x00,0x00,0x00,0x00,0x00,0x00,
    0x00,0x00,0x00,0x00,0x00,0x00,0x00,0x00,0x00,0x00,0x00,0x00,0x00,0x00,0x00,0x00,
    0x00,0x00,0x00,0x00,0x00,0x00,0x00,0x00,0x00,0x00,0x00,0x00,0x00,0x00,0x00,0x00,
    0x00,0x00,0x00,0x00,0x00,0x00,0x00,0x00,0x00,0x00,0x00,0x00,0x00,0x00,0x00,0x00,
    0x00,0x00,0x00,0x00,0x00,0x00,0x00,0x00,0x00,0x00,0x00,0x00,0x00,0x00,0x00,0x00,
    0x00,0x00,0xc6,0xb8,0x9c,0x0c,0xc6,0xba,0x9d,0xa4,0xd5,0xcb,0xb5,0xff,0xe5,0xdf,
    0xd0,0xff,0xe7,0xe1,0xd3,0xff,0xe7,0xe1,0xd3,0xff,0xe7,0xe1,0xd3,0xff,0xe7,0xe1,
    0xd3,0xff,0xe7,0xe1,0xd3,0xff,0xd8,0xcf,0xba,0xff,0xcf,0xc4,0xab,0xff,0xe7,0xe1,
    0xd3,0xff,0xe7,0xe1,0xd3,0xff,0xe7,0xe1,0xd3,0xff,0xe7,0xe1,0xd3,0xff,0xe7,0xe1,
    0xd3,0xff,0xe6,0xe0,0xd2,0xff,0xda,0xd2,0xbe,0xff,0xc9,0xbd,0xa1,0xc9,0xc3,0xb9,
    0x9b,0x26,0x00,0x00,0x00,0x00,0x00,0x00,0x00,0x00,0x00,0x00,0x00,0x00,0x00,0x00,
    0x00,0x00,0x00,0x00,0x00,0x00,0x00,0x00,0x00,0x00,0x00,0x00,0x00,0x00,0x00,0x00,
    0x00,0x00,0x00,0x00,0x00,0x00,0x00,0x00,0x00,0x00,0x00,0x00,0x00,0x00,0x00,0x00,
    0x00,0x00,0x00,0x00,0x00,0x00,0x00,0x00,0x00,0x00,0x00,0x00,0x00,0x00,0xbd,0xb5,
    0x94,0x02,0xc5,0xb9,0x9c,0x3f,0xc6,0xba,0x9d,0x84,0xcc,0xc1,0xa7,0xb8,0xd2,0xc8,
    0xb0,0xe3,0xd4,0xca,0xb3,0xfc,0xd5,0xcb,0xb5,0xff,0xd5,0xcb,0xb5,0xff,0xd5,0xcb,
    0xb5,0xff,0xd2,0xc9,0xb1,0xeb,0xce,0xc4,0xab,0xc7,0xc7,0xbb,0x9f,0x94,0xc5,0xba,
    0x9c,0x53,0xc3,0xb7,0x9a,0x0b,0x00,0x00,0x00,0x00,0x00,0x00,0x00,0x00,0x00,0x00,
    0x00,0x00,0x00,0x00,0x00,0x00,0x00,0x00,0x00,0x00,0x00,0x00,0x00,0x00,0x00,0x00,
    0x00,0x00,0x00,0x00,0x00,0x00,0x00,0x00,0x00,0x00,0x00,0x00,0x00,0x00,0x00,0x00,
    0x00,0x00,0x00,0x00,0x00,0x00,0x00,0x00,0x00,0x00,0x00,0x00,0x00,0x00,0x00,0x00,
    0x00,0x00,0xc6,0xb8,0x9c,0x0c,0xc6,0xba,0x9d,0xa4,0xd5,0xcb,0xb5,0xff,0xe5,0xdf,
    0xd0,0xff,0xe7,0xe1,0xd3,0xff,0xe7,0xe1,0xd3,0xff,0xe7,0xe1,0xd3,0xff,0xe7,0xe1,
    0xd3,0xff,0xe7,0xe1,0xd3,0xff,0xd8,0xcf,0xba,0xff,0xcf,0xc4,0xab,0xff,0xe7,0xe1,
    0xd3,0xff,0xe7,0xe1,0xd3,0xff,0xe7,0xe1,0xd3,0xff,0xe7,0xe1,0xd3,0xff,0xe7,0xe1,
    0xd3,0xff,0xe6,0xe0,0xd2,0xff,0xda,0xd2,0xbe,0xff,0xc9,0xbd,0xa1,0xc9,0xc3,0xb9,
    0x9b,0x26,0x00,0x00,0x00,0x00,0x00,0x00,0x00,0x00,0x00,0x00,0x00,0x00,0x00,0x00,
    0x00,0x00,0x00,0x00,0x00,0x00,0x00,0x00,0x00,0x00,0x00,0x00,0x00,0x00,0x00,0x00,
    0x00,0x00,0x00,0x00,0x00,0x00,0x00,0x00,0x00,0x00,0x00,0x00,0x00,0x00,0x00,0x00,
    0x00,0x00,0x00,0x00,0x00,0x00,0x00,0x00,0x00,0x00,0x00,0x00,0x00,0x00,0x00,0x00,
    0x00,0x00,0x00,0x00,0x00,0x00,0x00,0x00,0x00,0x00,0x00,0x00,0x00,0x00,0x00,0x00,
    0x00,0x00,0x00,0x00,0x00,0x00,0x00,0x00,0x00,0x00,0x00,0x00,0x00,0x00,0x00,0x00,
    0x00,0x00,0x00,0x00,0x00,0x00,0x00,0x00,0x00,0x00,0x00,0x00,0x00,0x00,0x00,0x00,
    0x00,0x00,0x00,0x00,0x00,0x00,0x00,0x00,0x00,0x00,0x00,0x00,0x00,0x00,0x00,0x00,
    0x00,0x00,0x00,0x00,0x00,0x00,0x00,0x00,0x00,0x00,0x00,0x00,0x00,0x00,0x00,0x00,
    0x00,0x00,0x00,0x00,0x00,0x00,0x00,0x00,0x00,0x00,0x00,0x00,0x00,0x00,0x00,0x00,
    0x00,0x00,0x00,0x00,0x00,0x00,0x00,0x00,0x00,0x00,0x00,0x00,0x00,0x00,0x00,0x00,
    0x00,0x00,0x00,0x00,0x00,0x00,0x00,0x00,0x00,0x00,0x00,0x00,0x00,0x00,0x00,0x00,
    0x00,0x00,0x00,0x00,0x00,0x00,0x9f,0x9f,0x9f,0x34,0xaf,0xaf,0xaf,0xdb,0xd7,0xd7,
    0xd7,0xff,0xee,0xee,0xee,0xff,0xee,0xee,0xee,0xff,0xee,0xee,0xee,0xff,0xee,0xee,
    0xee,0xff,0xe1,0xe1,0xe1,0xff,0xb4,0xb4,0xb4,0xef,0x9f,0x9f,0x9f,0x5a,0x00,0x00,
    0x00,0x00,0x00,0x00,0x00,0x00,0x00,0x00,0x00,0x00,0x00,0x00,0x00,0x00,0x00,0x00,
    0x00,0x00,0x00,0x00,0x00,0x00,0x00,0x00,0x00,0x00,0x00,0x00,0x00,0x00,0x00,0x00,
    0x00,0x00,0x00,0x00,0x00,0x00,0x00,0x00,0x00,0x00,0x00,0x00,0x00,0x00,0x00,0x00,
    0x00,0x00,0x00,0x00,0x00,0x00,0x00,0x00,0x00,0x00,0x00,0x00,0x00,0x00,0x00,0x00,
    0x00,0x00,0x00,0x00,0x00,0x00,0x00,0x00,0x00,0x00,0x00,0x00,0x00,0x00,0x00,0x00,
    0x00,0x00,0x00,0x00,0x00,0x00,0x00,0x00,0x00,0x00,0x00,0x00,0x00,0x00,0x00,0x00,
    0x00,0x00,0x00,0x00,0x00,0x00,0x00,0x00,0x00,0x00,0x00,0x00,0x00,0x00,0x00,0x00,
    0x00,0x00,0x00,0x00,0x00,0x00,0x00,0x00,0x00,0x00,0x00,0x00,0x00,0x00,0x00,0x00,
    0x00,0x00,0x00,0x00,0x00,0x00,0x00,0x00,0x00,0x00,0x00,0x00,0x00,0x00,0x00,0x00,
    0x00,0x00,0x00,0x00,0x00,0x00,0x00,0x00,0x00,0x00,0x00,0x00,0x00,0x00,0x00,0x00,
    0x00,0x00,0x00,0x00,0x00,0x00,0x00,0x00,0x00,0x00,0x00,0x00,0x00,0x00,0x00,0x00,
    0x00,0x00,0x00,0x00,0x00,0x00,0x00,0x00,0x00,0x00,0x20,0x42,0x6e,0x0f,0x25,0x4b,
    0x7f,0xe2,0x2d,0x6b,0xb9,0xff,0x38,0x73,0xbd,0xff,0xab,0xc0,0xdc,0xff,0xeb,0xeb,
    0xeb,0xff,0xd6,0xd6,0xd6,0xfb,0xc5,0xc5,0xc5,0xa1,0xc1,0xc1,0xc1,0x26,0x00,0x00,
    0x00,0x00,0x00,0x00,0x00,0x00,0x00,0x00,0x00,0x00,0x00,0x00,0x00,0x00,0x00,0x00,
    0x00,0x00,0x00,0x00,0x00,0x00,0xc1,0xc1,0xc1,0x0c,0xc5,0xc5,0xc5,0x98,0xd5,0xd5,
    0xd5,0xfb,0xe8,0xe8,0xe8,0xff,0xc4,0xd1,0xe2,0xff,0x47,0x7d,0xc1,0xff,0x2e,0x6c,
    0xbb,0xff,0x26,0x51,0x89,0xfb,0x20,0x42,0x6e,0x36,0x00,0x00,0x00,0x00,0x00,0x00,
    0x00,0x00,0x00,0x00,0x00,0x00,0x00,0x00,0x00,0x00,0x00,0x00,0x00,0x00,0x00,0x00,
    0x00,0x00,0x00,0x00,0x00,0x00,0x00,0x00,0x00,0x00,0x00,0x00,0x00,0x00,0x00,0x00,
    0x00,0x00,0xc4,0xc4,0xc4,0x7d,0xc3,0xc3,0xc3,0x96,0xc1,0xc1,0xc1,0x25,0x00,0x00,
    0x00,0x00,0x00,0x00,0x00,0x00,0x00,0x00,0x00,0x00,0x00,0x00,0x00,0x00,0x00,0x00,
    0x00,0x00,0x00,0x00,0x00,0x00,0x00,0x00,0x00,0x00,0x00,0x00,0x00,0x00,0x00,0x00,
    0x00,0x00,0x00,0x00,0x00,0x00,0x00,0x00,0x00,0x00,0x00,0x00,0x00,0x00,0x00,0x00,
    0x00,0x00,0x00,0x00,0x00,0x00,0xc1,0xc1,0xc1,0x11,0xc2,0xc2,0xc2,0x7a,0xc4,0xc4,
    0xc4,0xa0,0xbe,0xbe,0xbe,0x05,0x00,0x00,0x00,0x00,0x00,0x00,0x00,0x00,0x00,0x00,
    0x00,0x00,0x00,0x00,0x00,0x00,0x00,0x00,0x00,0x00,0x00,0x00,0x00,0x00,0x00,0x00,
    0x00,0x00,0x00,0x00,0x00,0x00,0x00,0x00,0x00,0x00,0x00,0x00,0x00,0x00,0xc5,0xb8,
    0x9b,0x11,0xc9,0xbd,0xa2,0xcd,0xde,0xd6,0xc4,0xff,0xe7,0xe1,0xd3,0xff,0xe9,0xe4,
    0xd7,0xff,0xe9,0xe4,0xd8,0xff,0xe7,0xe1,0xd3,0xff,0xe7,0xe1,0xd3,0xff,0xe7,0xe1,
    0xd3,0xff,0xe7,0xe1,0xd3,0xff,0xe3,0xdc,0xcc,0xff,0xe1,0xd9,0xc8,0xff,0xe7,0xe1,
    0xd3,0xff,0xe7,0xe1,0xd3,0xff,0xe7,0xe1,0xd3,0xff,0xe7,0xe1,0xd3,0xff,0xe8,0xe2,
    0xd5,0xff,0xea,0xe5,0xd9,0xff,0xe7,0xe1,0xd3,0xff,0xe2,0xdb,0xcb,0xff,0xcd,0xc2,
    0xa8,0xed,0xc5,0xba,0x9d,0x31,0x00,0x00,0x00,0x00,0x00,0x00,0x00,0x00,0x00,0x00,
    0x00,0x00,0x00,0x00,0x00,0x00,0x00,0x00,0x00,0x00,0x00,0x00,0x00,0x00,0x00,0x00,
    0x00,0x00,0x00,0x00,0x00,0x00,0x00,0x00,0x00,0x00,0x00,0x00,0x00,0x00,0x00,0x00,
    0x00,0x00,0x00,0x00,0x00,0x00,0x00,0x00,0x00,0x00,0xc4,0xb9,0x9b,0x51,0xc9,0xbe,
    0xa2,0xd9,0xd7,0xcd,0xb8,0xff,0xe3,0xdd,0xcd,0xff,0xe7,0xe1,0xd3,0xff,0xe7,0xe1,
    0xd3,0xff,0xe7,0xe1,0xd3,0xff,0xe7,0xe1,0xd3,0xff,0xe7,0xe1,0xd3,0xff,0xe7,0xe1,
    0xd3,0xff,0xe7,0xe1,0xd3,0xff,0xe7,0xe1,0xd3,0xff,0xe5,0xdf,0xd0,0xff,0xda,0xd2,
    0xbe,0xff,0xcc,0xc1,0xa7,0xef,0xc5,0xb9,0x9c,0x7a,0xc3,0xb8,0x98,0x05,0x00,0x00,
    0x00,0x00,0x00,0x00,0x00,0x00,0x00,0x00,0x00,0x00,0x00,0x00,0x00,0x00,0x00,0x00,
    0x00,0x00,0x00,0x00,0x00,0x00,0x00,0x00,0x00,0x00,0x00,0x00,0x00,0x00,0x00,0x00,
    0x00,0x00,0x00,0x00,0x00,0x00,0x00,0x00,0x00,0x00,0x00,0x00,0x00,0x00,0xc5,0xb8,
    0x9b,0x11,0xc9,0xbd,0xa2,0xcd,0xde,0xd6,0xc4,0xff,0xe7,0xe1,0xd3,0xff,0xe9,0xe4,
    0xd7,0xff,0xe9,0xe4,0xd8,0xff,0xe7,0xe1,0xd3,0xff,0xe7,0xe1,0xd3,0xff,0xe7,0xe1,
    0xd3,0xff,0xe7,0xe1,0xd3,0xff,0xe3,0xdc,0xcc,0xff,0xe1,0xd9,0xc8,0xff,0xe7,0xe1,
    0xd3,0xff,0xe7,0xe1,0xd3,0xff,0xe7,0xe1,0xd3,0xff,0xe7,0xe1,0xd3,0xff,0xe8,0xe2,
    0xd5,0xff,0xea,0xe5,0xd9,0xff,0xe7,0xe1,0xd3,0xff,0xe2,0xdb,0xcb,0xff,0xcd,0xc2,
    0xa8,0xed,0xc5,0xba,0x9d,0x31,0x00,0x00,0x00,0x00,0x00,0x00,0x00,0x00,0x00,0x00,
    0x00,0x00,0x00,0x00,0x00,0x00,0x00,0x00,0x00,0x00,0x00,0x00,0x00,0x00,0x00,0x00,
    0x00,0x00,0x00,0x00,0x00,0x00,0x00,0x00,0x00,0x00,0x00,0x00,0x00,0x00,0x00,0x00,
    0x00,0x00,0x00,0x00,0x00,0x00,0x00,0x00,0x00,0x00,0x00,0x00,0x00,0x00,0x00,0x00,
    0x00,0x00,0x00,0x00,0x00,0x00,0x00,0x00,0x00,0x00,0x00,0x00,0x00,0x00,0xc9,0xc9,
    0xc9,0x50,0xd9,0xcb,0xac,0xfc,0xd4,0x9f,0x27,0xff,0xd4,0x9f,0x27,0xff,0xd9,0xbd,
    0x7d,0xff,0xcc,0xcc,0xcc,0xa1,0x00,0x00,0x00,0x00,0x00,0x00,0x00,0x00,0x00,0x00,
    0x00,0x00,0x00,0x00,0x00,0x00,0x00,0x00,0x00,0x00,0x00,0x00,0x00,0x00,0x00,0x00,
    0x00,0x00,0x00,0x00,0x00,0x00,0x00,0x00,0x00,0x00,0x00,0x00,0x00,0x00,0x00,0x00,
    0x00,0x00,0x00,0x00,0x00,0x00,0x00,0x00,0x00,0x00,0x00,0x00,0x00,0x00,0x00,0x00,
    0x00,0x00,0x00,0x00,0x00,0x00,0x00,0x00,0x00,0x00,0x00,0x00,0x00,0x00,0x00,0x00,
    0x00,0x00,0x00,0x00,0x00,0x00,0xc0,0xc0,0xc0,0x0f,0xcc,0xcc,0xcc,0xc0,0xd0,0xd0,
    0xd0,0xef,0xb3,0xb3,0xb3,0xef,0xc2,0xc2,0xc2,0xfc,0xd9,0xd9,0xd9,0xff,0xe3,0xe3,
    0xe3,0xff,0xee,0xee,0xee,0xff,0xee,0xee,0xee,0xff,0xee,0xee,0xee,0xff,0xee,0xee,
    0xee,0xff,0xe7,0xe7,0xe7,0xff,0xda,0xda,0xda,0xff,0xc7,0xc7,0xc7,0xff,0xb2,0xb2,
    0xb2,0xf0,0xcc,0xcc,0xcc,0xef,0xce,0xce,0xce,0xd5,0xc2,0xc2,0xc2,0x1e,0x00,0x00,
    0x00,0x00,0x00,0x00,0x00,0x00,0x00,0x00,0x00,0x00,0x00,0x00,0x00,0x00,0x00,0x00,
    0x00,0x00,0x00,0x00,0x00,0x00,0x00,0x00,0x00,0x00,0x00,0x00,0x00,0x00,0x00,0x00,
    0x00,0x00,0x00,0x00,0x00,0x00,0x00,0x00,0x00,0x00,0x00,0x00,0x00,0x00,0x00,0x00,
    0x00,0x00,0x00,0x00,0x00,0x00,0x00,0x00,0x00,0x00,0x00,0x00,0x00,0x00,0x00,0x00,
    0x00,0x00,0x00,0x00,0x00,0x00,0x00,0x00,0x00,0x00,0x9e,0x9e,0x9e,0x13,0xaa,0xaa,
    0xaa,0xad,0xce,0xce,0xce,0xe9,0xce,0xce,0xce,0xe9,0xce,0xce,0xce,0xe9,0xce,0xce,
    0xce,0xe9,0xb6,0xb6,0xb6,0xcb,0x9f,0x9f,0x9f,0x29,0x00,0x00,0x00,0x00,0x00,0x00,
    0x00,0x00,0x00,0x00,0x00,0x00,0x00,0x00,0x00,0x00,0x00,0x00,0x00,0x00,0x00,0x00,
    0x00,0x00,0x00,0x00,0x00,0x00,0x00,0x00,0x00,0x00,0x00,0x00,0x00,0x00,0x00,0x00,
    0x00,0x00,0x00,0x00,0x00,0x00,0x00,0x00,0x00,0x00,0x00,0x00,0x00,0x00,0x00,0x00,
    0x00,0x00,0x00,0x00,0x00,0x00,0x00,0x00,0x00,0x00,0x22,0x44,0x71,0xa2,0x2b,0x64,
    0xac,0xff,0x2e,0x6c,0xbb,0xff,0x2e,0x6c,0xbb,0xff,0x2e,0x6c,0xbb,0xff,0x7c,0xa1,
    0xcf,0xff,0xee,0xee,0xee,0xff,0xea,0xea,0xea,0xff,0xc6,0xc6,0xc6,0xb8,0x00,0x00,
    0x00,0x00,0x00,0x00,0x00,0x00,0x00,0x00,0x00,0x00,0x00,0x00,0x00,0x00,0x00,0x00,
    0x00,0x00,0x00,0x00,0x00,0x00,0xc3,0xc3,0xc3,0x76,0xe4,0xe4,0xe4,0xff,0xee,0xee,
    0xee,0xff,0x9b,0xb5,0xd7,0xff,0x32,0x6e,0xbc,0xff,0x2e,0x6c,0xbb,0xff,0x2e,0x6c,
    0xbb,0xff,0x2d,0x68,0xb5,0xff,0x23,0x48,0x78,0xd9,0x1d,0x41,0x6e,0x08,0x00,0x00,
    0x00,0x00,0x00,0x00,0x00,0x00,0x00,0x00,0x00,0x00,0x00,0x00,0x00,0x00,0x00,0x00,
    0x00,0x00,0x00,0x00,0x00,0x00,0x00,0x00,0x00,0x00,0x00,0x00,0x00,0x00,0x22,0x42,
    0x6f,0x63,0x4a,0x74,0xaa,0xff,0xad,0xc0,0xd9,0xff,0xdb,0xdb,0xdb,0xfd,0xd0,0xd0,
    0xd0,0xc3,0xc3,0xc3,0xc3,0x5e,0xc1,0xc1,0xc1,0x07,0x00,0x00,0x00,0x00,0x00,0x00,
    0x00,0x00,0x00,0x00,0x00,0x00,0x00,0x00,0x00,0x00,0x00,0x00,0x00,0x00,0x00,0x00,
    0x00,0x00,0x00,0x00,0x00,0x00,0x00,0x00,0x00,0x00,0xc2,0xc2,0xc2,0x08,0xc2,0xc2,
    0xc2,0x57,0xcd,0xcd,0xcd,0xac,0xd9,0xd9,0xd9,0xf7,0xc1,0xcd,0xdc,0xff,0x5f,0x87,
    0xba,0xff,0x23,0x45,0x72,0xa1,0x11,0x33,0x66,0x01,0x00,0x00,0x00,0x00,0x00,0x00,
    0x00,0x00,0x00,0x00,0x00,0x00,0x00,0x00,0x00,0x00,0x00,0x00,0x00,0x00,0x00,0x00,
    0x00,0x00,0x00,0x00,0x00,0x00,0x00,0x00,0x00,0x00,0xc3,0xb7,0x99,0x1a,0xca,0xbe,
    0xa3,0xd7,0xe0,0xd9,0xc8,0xff,0xe7,0xe1,0xd3,0xff,0xe7,0xe1,0xd3,0xff,0xed,0xea,
    0xe1,0xff,0xef,0xec,0xe4,0xff,0xe7,0xe1,0xd3,0xff,0xe7,0xe1,0xd3,0xff,0xe4,0xe0,
    0xd1,0xff,0xc6,0xdc,0xc0,0xff,0xbb,0xdb,0xba,0xff,0xb8,0xd5,0xb6,0xff,0xbb,0xd5,
    0xb8,0xff,0xdc,0xde,0xcc,0xff,0xe7,0xe1,0xd3,0xff,0xe7,0xe1,0xd3,0xff,0xec,0xe8,
    0xdd,0xff,0xf1,0xef,0xe9,0xff,0xe7,0xe1,0xd3,0xff,0xe7,0xe1,0xd3,0xff,0xe4,0xde,
    0xcf,0xff,0xce,0xc3,0xaa,0xf2,0xc5,0xb9,0x9c,0x3d,0x00,0x00,0x00,0x00,0x00,0x00,
    0x00,0x00,0x00,0x00,0x00,0x00,0x00,0x00,0x00,0x00,0x00,0x00,0x00,0x00,0x00,0x00,
    0x00,0x00,0x00,0x00,0x00,0x00,0x00,0x00,0x00,0x00,0x00,0x00,0x00,0x00,0x00,0x00,
    0x00,0x00,0xc6,0xb9,0x9c,0x2b,0xca,0xbf,0xa3,0xbb,0xd9,0xd1,0xbd,0xff,0xe5,0xdf,
    0xd1,0xff,0xe7,0xe1,0xd3,0xff,0xe7,0xe1,0xd3,0xff,0xe7,0xe1,0xd3,0xff,0xe7,0xe1,
    0xd3,0xff,0xe7,0xe1,0xd3,0xff,0xd9,0xd0,0xbb,0xff,0xd0,0xc6,0xad,0xff,0xe7,0xe1,
    0xd3,0xff,0xe7,0xe1,0xd3,0xff,0xe7,0xe1,0xd3,0xff,0xe7,0xe1,0xd3,0xff,0xe7,0xe1,
    0xd3,0xff,0xe6,0xe0,0xd2,0xff,0xdd,0xd5,0xc3,0xff,0xce,0xc3,0xaa,0xd7,0xc5,0xba,
    0x9c,0x4f,0x00,0x00,0x00,0x00,0x00,0x00,0x00,0x00,0x00,0x00,0x00,0x00,0x00,0x00,
    0x00,0x00,0x00,0x00,0x00,0x00,0x00,0x00,0x00,0x00,0x00,0x00,0x00,0x00,0x00,0x00,
    0x00,0x00,0x00,0x00,0x00,0x00,0x00,0x00,0x00,0x00,0xc3,0xb7,0x99,0x1a,0xca,0xbe,
    0xa3,0xd7,0xe0,0xd9,0xc8,0xff,0xe7,0xe1,0xd3,0xff,0xe7,0xe1,0xd3,0xff,0xed,0xea,
    0xe1,0xff,0xef,0xec,0xe4,0xff,0xe7,0xe1,0xd3,0xff,0xe7,0xe1,0xd3,0xff,0xe3,0xe0,
    0xd3,0xff,0xbb,0xdd,0xdb,0xff,0xad,0xdb,0xde,0xff,0xad,0xd7,0xd9,0xff,0xb1,0xd7,
    0xd7,0xff,0xda,0xde,0xd4,0xff,0xe7,0xe1,0xd3,0xff,0xe7,0xe1,0xd3,0xff,0xec,0xe8,
    0xdd,0xff,0xf1,0xef,0xe9,0xff,0xe7,0xe1,0xd3,0xff,0xe7,0xe1,0xd3,0xff,0xe4,0xde,
    0xcf,0xff,0xce,0xc3,0xaa,0xf2,0xc5,0xb9,0x9c,0x3d,0x00,0x00,0x00,0x00,0x00,0x00,
    0x00,0x00,0x00,0x00,0x00,0x00,0x00,0x00,0x00,0x00,0x00,0x00,0x00,0x00,0x00,0x00,
    0x00,0x00,0x00,0x00,0x00,0x00,0x00,0x00,0x00,0x00,0x00,0x00,0x00,0x00,0x00,0x00,
    0x00,0x00,0x00,0x00,0x00,0x00,0x00,0x00,0x00,0x00,0x00,0x00,0x00,0x00,0x00,0x00,
    0x00,0x00,0x00,0x00,0x00,0x00,0x00,0x00,0x00,0x00,0xc8,0xc8,0xc8,0x18,0xd4,0xd4,
    0xd4,0xf0,0xf3,0xc8,0x64,0xff,0xf5,0xbb,0x36,0xff,0xf5,0xbb,0x36,0xff,0xf4,0xbe,
    0x40,0xff,0xe1,0xdc,0xd2,0xff,0xca,0xca,0xca,0x5f,0x00,0x00,0x00,0x00,0x00,0x00,
    0x00,0x00,0x00,0x00,0x00,0x00,0x00,0x00,0x00,0x00,0x00,0x00,0x00,0x00,0x00,0x00,
    0x00,0x00,0x00,0x00,0x00,0x00,0x00,0x00,0x00,0x00,0x00,0x00,0x00,0x00,0x00,0x00,
    0x00,0x00,0x00,0x00,0x00,0x00,0x00,0x00,0x00,0x00,0x00,0x00,0x00,0x00,0x00,0x00,
    0x00,0x00,0x00,0x00,0x00,0x00,0x00,0x00,0x00,0x00,0x00,0x00,0x00,0x00,0x00,0x00,
    0x00,0x00,0x00,0x00,0x00,0x00,0xc8,0xc8,0xc8,0x99,0xe4,0xe4,0xe4,0xff,0xb3,0xb3,
    0xb3,0xff,0xd5,0xd5,0xd5,0xff,0xdb,0xdb,0xdb,0xff,0xdb,0xdb,0xdb,0xff,0xe6,0xe6,
    0xe6,0xff,0xee,0xee,0xee,0xff,0xee,0xee,0xee,0xff,0xee,0xee,0xee,0xff,0xee,0xee,
    0xee,0xff,0xea,0xea,0xea,0xff,0xdb,0xdb,0xdb,0xff,0xdb,0xdb,0xdb,0xff,0xd8,0xd8,
    0xd8,0xff,0xb5,0xb5,0xb5,0xff,0xde,0xde,0xde,0xff,0xcb,0xcb,0xcb,0xb9,0x00,0x00,
    0x00,0x00,0x00,0x00,0x00,0x00,0x00,0x00,0x00,0x00,0x00,0x00,0x00,0x00,0x00,0x00,
    0x00,0x00,0x00,0x00,0x00,0x00,0x00,0x00,0x00,0x00,0x00,0x00,0x00,0x00,0x00,0x00,
    0x00,0x00,0x00,0x00,0x00,0x00,0x00,0x00,0x00,0x00,0x00,0x00,0x00,0x00,0x00,0x00,
    0x00,0x00,0x00,0x00,0x00,0x00,0x00,0x00,0x00,0x00,0xc1,0xc1,0xc1,0x11,0xc1,0xc1,
    0xc1,0x2f,0xbd,0xbd,0xbd,0x2f,0xa0,0xa0,0xa0,0x64,0xb9,0xb9,0xb9,0xe4,0xda,0xda,
    0xda,0xff,0xee,0xee,0xee,0xff,0xee,0xee,0xee,0xff,0xee,0xee,0xee,0xff,0xee,0xee,
    0xee,0xff,0xe2,0xe2,0xe2,0xff,0xbe,0xbe,0xbe,0xf3,0xa3,0xa3,0xa3,0x83,0xb6,0xb6,
    0xb6,0x30,0xc1,0xc1,0xc1,0x2f,0xc0,0xc0,0xc0,0x1a,0x00,0x00,0x00,0x00,0x00,0x00,
    0x00,0x00,0x00,0x00,0x00,0x00,0x00,0x00,0x00,0x00,0x00,0x00,0x00,0x00,0x00,0x00,
    0x00,0x00,0x00,0x00,0x00,0x00,0x00,0x00,0x00,0x00,0x00,0x00,0x00,0x00,0x00,0x00,
    0x00,0x00,0x00,0x00,0x00,0x00,0x20,0x42,0x6e,0x4d,0x28,0x57,0x95,0xff,0x2e,0x6c,
    0xbb,0xff,0x2e,0x6c,0xbb,0xff,0x2e,0x6c,0xbb,0xff,0x2e,0x6c,0xbb,0xff,0x2e,0x6c,
    0xbb,0xff,0xdf,0xe3,0xe9,0xff,0xee,0xee,0xee,0xff,0xce,0xce,0xce,0xe9,0x00,0x00,
    0x00,0x00,0x00,0x00,0x00,0x00,0x00,0x00,0x00,0x00,0x00,0x00,0x00,0x00,0x00,0x00,
    0x00,0x00,0x00,0x00,0x00,0x00,0xc4,0xc4,0xc4,0xa9,0xed,0xed,0xed,0xff,0xee,0xee,
    0xee,0xff,0x3c,0x75,0xbe,0xff,0x2e,0x6c,0xbb,0xff,0x2e,0x6c,0xbb,0xff,0x2e,0x6c,
    0xbb,0xff,0x2e,0x6c,0xbb,0xff,0x2a,0x5f,0xa3,0xff,0x21,0x42,0x6f,0x8d,0x00,0x00,
    0x00,0x00,0x00,0x00,0x00,0x00,0x00,0x00,0x00,0x00,0x00,0x00,0x00,0x00,0x00,0x00,
    0x00,0x00,0x00,0x00,0x00,0x00,0x00,0x00,0x00,0x00,0x21,0x42,0x6e,0x33,0x27,0x53,
    0x8d,0xf9,0x2e,0x6c,0xbb,0xff,0x2e,0x6c,0xbb,0xff,0x6b,0x95,0xcb,0xff,0xe2,0xe5,
    0xea,0xff,0xe4,0xe4,0xe4,0xff,0xcf,0xcf,0xcf,0xeb,0xc2,0xc2,0xc2,0x5d,0x00,0x00,
    0x00,0x00,0x00,0x00,0x00,0x00,0x00,0x00,0x00,0x00,0x00,0x00,0x00,0x00,0x00,0x00,
    0x00,0x00,0x00,0x00,0x00,0x00,0xc2,0xc2,0xc2,0x2c,0xce,0xce,0xce,0xe1,0xe3,0xe3,
    0xe3,0xff,0xea,0xeb,0xec,0xff,0x88,0xa9,0xd2,0xff,0x2f,0x6c,0xbb,0xff,0x2e,0x6c,
    0xbb,0xff,0x29,0x5a,0x9a,0xff,0x21,0x42,0x6f,0x6d,0x00,0x00,0x00,0x00,0x00,0x00,
    0x00,0x00,0x00,0x00,0x00,0x00,0x00,0x00,0x00,0x00,0x00,0x00,0x00,0x00,0x00,0x00,
    0x00,0x00,0x00,0x00,0x00,0x00,0xc5,0xb8,0x9b,0x08,0xc8,0xbd,0xa1,0xcb,0xe1,0xda,
    0xc9,0xff,0xe7,0xe1,0xd3,0xff,0xe7,0xe1,0xd3,0xff,0xe7,0xe1,0xd3,0xff,0xe7,0xe1,
    0xd3,0xff,0xe7,0xe1,0xd3,0xff,0xca,0xdd,0xc3,0xff,0x77,0xd1,0x95,0xff,0x40,0xca,
    0x76,0xff,0x37,0xc9,0x71,0xff,0x37,0xc9,0x71,0xff,0x2d,0xb3,0x62,0xff,0x2b,0xaf,
    0x5f,0xff,0x2d,0xaf,0x60,0xff,0x58,0xbb,0x7b,0xff,0xac,0xd1,0xae,0xff,0xe7,0xe1,
    0xd3,0xff,0xe7,0xe1,0xd3,0xff,0xe7,0xe1,0xd3,0xff,0xe7,0xe1,0xd3,0xff,0xe7,0xe1,
    0xd3,0xff,0xe5,0xdf,0xd0,0xff,0xcd,0xc2,0xa8,0xef,0xc3,0xb9,0x9b,0x26,0x00,0x00,
    0x00,0x00,0x00,0x00,0x00,0x00,0x00,0x00,0x00,0x00,0x00,0x00,0x00,0x00,0x00,0x00,
    0x00,0x00,0x00,0x00,0x00,0x00,0x00,0x00,0x00,0x00,0x00,0x00,0x00,0x00,0xc5,0xb9,
    0x9c,0x44,0xcf,0xc4,0xab,0xf4,0xe5,0xde,0xcf,0xff,0xe7,0xe1,0xd3,0xff,0xec,0xe8,
    0xdd,0xff,0xec,0xe9,0xdf,0xff,0xe7,0xe1,0xd3,0xff,0xe7,0xe1,0xd3,0xff,0xe7,0xe1,
    0xd3,0xff,0xe7,0xe1,0xd3,0xff,0xe7,0xe1,0xd3,0xff,0xe7,0xe1,0xd3,0xff,0xe7,0xe1,
    0xd3,0xff,0xe7,0xe1,0xd3,0xff,0xe7,0xe1,0xd3,0xff,0xe7,0xe1,0xd3,0xff,0xea,0xe5,
    0xd9,0xff,0xee,0xeb,0xe2,0xff,0xe7,0xe1,0xd3,0xff,0xe6,0xe0,0xd2,0xff,0xd5,0xcc,
    0xb5,0xff,0xc6,0xba,0x9d,0x7a,0x00,0x00,0x00,0x00,0x00,0x00,0x00,0x00,0x00,0x00,
    0x00,0x00,0x00,0x00,0x00,0x00,0x00,0x00,0x00,0x00,0x00,0x00,0x00,0x00,0x00,0x00,
    0x00,0x00,0x00,0x00,0x00,0x00,0xc5,0xb8,0x9b,0x08,0xc8,0xbd,0xa1,0xcb,0xe1,0xda,
    0xc9,0xff,0xe7,0xe1,0xd3,0xff,0xe7,0xe1,0xd3,0xff,0xe7,0xe1,0xd3,0xff,0xe7,0xe1,
    0xd3,0xff,0xe7,0xe1,0xd3,0xff,0xc1,0xdd,0xd9,0xff,0x54,0xd3,0xee,0xff,0x0c,0xcd,
    0xfc,0xff,0x00,0xcc,0xff,0xff,0x00,0xcc,0xff,0xff,0x00,0xbc,0xeb,0xff,0x00,0xb9,
    0xe7,0xff,0x03,0xb9,0xe6,0xff,0x37,0xc2,0xe2,0xff,0x9e,0xd4,0xd9,0xff,0xe7,0xe1,
    0xd3,0xff,0xe7,0xe1,0xd3,0xff,0xe7,0xe1,0xd3,0xff,0xe7,0xe1,0xd3,0xff,0xe7,0xe1,
    0xd3,0xff,0xe5,0xdf,0xd0,0xff,0xcd,0xc2,0xa8,0xef,0xc3,0xb9,0x9b,0x26,0x00,0x00,
    0x00,0x00,0x00,0x00,0x00,0x00,0x00,0x00,0x00,0x00,0x00,0x00,0x00,0x00,0x00,0x00,
    0x00,0x00,0x00,0x00,0x00,0x00,0x00,0x00,0x00,0x00,0x00,0x00,0x00,0x00,0x00,0x00,
    0x00,0x00,0x00,0x00,0x00,0x00,0x00,0x00,0x00,0x00,0x00,0x00,0x00,0x00,0x00,0x00,
    0x00,0x00,0x00,0x00,0x00,0x00,0x00,0x00,0x00,0x00,0xcb,0xcb,0xcb,0xa9,0xeb,0xdb,
    0xb5,0xff,0xf5,0xbb,0x36,0xff,0xf5,0xbb,0x36,0xff,0xf5,0xbb,0x36,0xff,0xf5,0xbb,
    0x36,0xff,0xf3,0xcf,0x7d,0xff,0xd2,0xd2,0xd2,0xeb,0xc6,0xc6,0xc6,0x0e,0x00,0x00,
    0x00,0x00,0x00,0x00,0x00,0x00,0x00,0x00,0x00,0x00,0x00,0x00,0x00,0x00,0x00,0x00,
    0x00,0x00,0x00,0x00,0x00,0x00,0x00,0x00,0x00,0x00,0x00,0x00,0x00,0x00,0x00,0x00,
    0x00,0x00,0x00,0x00,0x00,0x00,0x00,0x00,0x00,0x00,0x00,0x00,0x00,0x00,0x00,0x00,
    0x00,0x00,0x00,0x00,0x00,0x00,0x00,0x00,0x00,0x00,0x00,0x00,0x00,0x00,0x00,0x00,
    0x00,0x00,0xc2,0xc2,0xc2,0x44,0xdc,0xdc,0xdc,0xfd,0xed,0xed,0xed,0xff,0xb8,0xb8,
    0xb8,0xff,0xdb,0xdb,0xdb,0xff,0xdb,0xdb,0xdb,0xff,0xdb,0xdb,0xdb,0xff,0xe9,0xe9,
    0xe9,0xff,0xee,0xee,0xee,0xff,0xee,0xee,0xee,0xff,0xee,0xee,0xee,0xff,0xee,0xee,
    0xee,0xff,0xed,0xed,0xed,0xff,0xdb,0xdb,0xdb,0xff,0xdb,0xdb,0xdb,0xff,0xdb,0xdb,
    0xdb,0xff,0xbc,0xbc,0xbc,0xff,0xe5,0xe5,0xe5,0xff,0xe1,0xe1,0xe1,0xff,0xc3,0xc3,
    0xc3,0x6d,0x00,0x00,0x00,0x00,0x00,0x00,0x00,0x00,0x00,0x00,0x00,0x00,0x00,0x00,
    0x00,0x00,0x00,0x00,0x00,0x00,0x00,0x00,0x00,0x00,0x00,0x00,0x00,0x00,0x00,0x00,
    0x00,0x00,0x00,0x00,0x00,0x00,0x00,0x00,0x00,0x00,0x00,0x00,0x00,0x00,0x00,0x00,
    0x00,0x00,0x00,0x00,0x00,0x00,0xc2,0xc2,0xc2,0x29,0xd2,0xd2,0xd2,0xef,0xcc,0xcc,
    0xcc,0xff,0xb7,0xb7,0xb7,0xff,0xd0,0xd0,0xd0,0xff,0xdb,0xdb,0xdb,0xff,0xe4,0xe4,
    0xe4,0xff,0xee,0xee,0xee,0xff,0xee,0xee,0xee,0xff,0xee,0xee,0xee,0xff,0xee,0xee,
    0xee,0xff,0xe8,0xe8,0xe8,0xff,0xdb,0xdb,0xdb,0xff,0xd4,0xd4,0xd4,0xff,0xb9,0xb9,
    0xb9,0xff,0xc5,0xc5,0xc5,0xff,0xd6,0xd6,0xd6,0xfb,0xc2,0xc2,0xc2,0x40,0x00,0x00,
    0x00,0x00,0x00,0x00,0x00,0x00,0x00,0x00,0x00,0x00,0x00,0x00,0x00,0x00,0x00,0x00,
    0x00,0x00,0x00,0x00,0x00,0x00,0x00,0x00,0x00,0x00,0x00,0x00,0x00,0x00,0x00,0x00,
    0x00,0x00,0x1e,0x40,0x6d,0x11,0x24,0x4a,0x7d,0xe6,0x2d,0x6a,0xb8,0xff,0x2e,0x6c,
    0xbb,0xff,0x2e,0x6c,0xbb,0xff,0x2e,0x6c,0xbb,0xff,0x2e,0x6c,0xbb,0xff,0x2e,0x6c,
    0xbb,0xff,0xbb,0xcb,0xe0,0xff,0xee,0xee,0xee,0xff,0xd5,0xd5,0xd5,0xff,0xc1,0xc1,
    0xc1,0x1a,0x00,0x00,0x00,0x00,0x00,0x00,0x00,0x00,0x00,0x00,0x00,0x00,0x00,0x00,
    0x00,0x00,0x00,0x00,0x00,0x00,0xcb,0xcb,0xcb,0xd9,0xee,0xee,0xee,0xff,0xd0,0xda,
    0xe6,0xff,0x2e,0x6c,0xbb,0xff,0x2e,0x6c,0xbb,0xff,0x2e,0x6c,0xbb,0xff,0x2e,0x6c,
    0xbb,0xff,0x2e,0x6c,0xbb,0xff,0x2e,0x6c,0xbb,0xff,0x26,0x52,0x8a,0xfd,0x21,0x42,
    0x6f,0x3a,0x00,0x00,0x00,0x00,0x00,0x00,0x00,0x00,0x00,0x00,0x00,0x00,0x00,0x00,
    0x00,0x00,0x00,0x00,0x00,0x00,0x1f,0x41,0x6e,0x19,0x25,0x4d,0x81,0xdf,0x2d,0x6a,
    0xb7,0xff,0x2e,0x6c,0xbb,0xff,0x2e,0x6c,0xbb,0xff,0x2e,0x6c,0xbb,0xff,0x42,0x79,
    0xc0,0xff,0xe9,0xea,0xec,0xff,0xee,0xee,0xee,0xff,0xca,0xca,0xca,0xd1,0x00,0x00,
    0x00,0x00,0x00,0x00,0x00,0x00,0x00,0x00,0x00,0x00,0x00,0x00,0x00,0x00,0x00,0x00,
    0x00,0x00,0x00,0x00,0x00,0x00,0xc3,0xc3,0xc3,0x92,0xea,0xea,0xea,0xff,0xee,0xee,
    0xee,0xff,0x5e,0x8c,0xc7,0xff,0x2e,0x6c,0xbb,0xff,0x2e,0x6c,0xbb,0xff,0x2e,0x6c,
    0xbb,0xff,0x2d,0x6b,0xba,0xff,0x26,0x52,0x8b,0xf8,0x21,0x42,0x6f,0x3f,0x00,0x00,
    0x00,0x00,0x00,0x00,0x00,0x00,0x00,0x00,0x00,0x00,0x00,0x00,0x00,0x00,0x00,0x00,
    0x00,0x00,0x00,0x00,0x00,0x00,0xc5,0xba,0x9d,0x92,0xdc,0xd3,0xc0,0xff,0xe7,0xe1,
    0xd3,0xff,0xe7,0xe1,0xd3,0xff,0xe7,0xe1,0xd3,0xff,0xe7,0xe1,0xd3,0xff,0xe3,0xe0,
    0xd0,0xff,0x8a,0xd4,0x9f,0xff,0x38,0xc9,0x71,0xff,0x37,0xc9,0x71,0xff,0x37,0xc9,
    0x71,0xff,0x37,0xc9,0x71,0xff,0x37,0xc9,0x71,0xff,0x2d,0xb3,0x62,0xff,0x2b,0xaf,
    0x5f,0xff,0x2b,0xaf,0x5f,0xff,0x2b,0xaf,0x5f,0xff,0x2b,0xaf,0x5f,0xff,0x5d,0xbc,
    0x7e,0xff,0xd6,0xdc,0xc8,0xff,0xe7,0xe1,0xd3,0xff,0xe7,0xe1,0xd3,0xff,0xe7,0xe1,
    0xd3,0xff,0xe7,0xe1,0xd3,0xff,0xe3,0xdc,0xcc,0xff,0xc8,0xbd,0xa1,0xd0,0xc2,0xb6,
    0x9a,0x07,0x00,0x00,0x00,0x00,0x00,0x00,0x00,0x00,0x00,0x00,0x00,0x00,0x00,0x00,
    0x00,0x00,0x00,0x00,0x00,0x00,0x00,0x00,0x00,0x00,0xc5,0xb8,0x9b,0x48,0xd0,0xc6,
    0xae,0xf9,0xe5,0xdf,0xd0,0xff,0xe7,0xe1,0xd3,0xff,0xe7,0xe1,0xd3,0xff,0xea,0xe6,
    0xda,0xff,0xec,0xe8,0xdd,0xff,0xe7,0xe1,0xd3,0xff,0xe0,0xe0,0xcf,0xff,0xb3,0xda,
    0xb6,0xff,0x8b,0xd4,0x9f,0xff,0x80,0xd3,0x99,0xff,0x7a,0xc6,0x91,0xff,0x7d,0xc4,
    0x91,0xff,0xa0,0xce,0xa7,0xff,0xd3,0xdb,0xc6,0xff,0xe7,0xe1,0xd3,0xff,0xea,0xe5,
    0xd9,0xff,0xed,0xea,0xe0,0xff,0xe7,0xe1,0xd3,0xff,0xe7,0xe1,0xd3,0xff,0xe7,0xe1,
    0xd3,0xff,0xd7,0xce,0xb9,0xff,0xc6,0xba,0x9d,0x82,0x00,0x00,0x00,0x00,0x00,0x00,
    0x00,0x00,0x00,0x00,0x00,0x00,0x00,0x00,0x00,0x00,0x00,0x00,0x00,0x00,0x00,0x00,
    0x00,0x00,0x00,0x00,0x00,0x00,0xc5,0xba,0x9d,0x92,0xdc,0xd3,0xc0,0xff,0xe7,0xe1,
    0xd3,0xff,0xe7,0xe1,0xd3,0xff,0xe7,0xe1,0xd3,0xff,0xe7,0xe1,0xd3,0xff,0xe2,0xe0,
    0xd3,0xff,0x6c,0xd5,0xea,0xff,0x01,0xcc,0xfe,0xff,0x00,0xcc,0xff,0xff,0x00,0xcc,
    0xff,0xff,0x00,0xcc,0xff,0xff,0x00,0xcc,0xff,0xff,0x00,0xbc,0xeb,0xff,0x00,0xb9,
    0xe7,0xff,0x00,0xb9,0xe7,0xff,0x00,0xb9,0xe7,0xff,0x00,0xb9,0xe7,0xff,0x3e,0xc3,
    0xe1,0xff,0xd2,0xdd,0xd4,0xff,0xe7,0xe1,0xd3,0xff,0xe7,0xe1,0xd3,0xff,0xe7,0xe1,
    0xd3,0xff,0xe7,0xe1,0xd3,0xff,0xe3,0xdc,0xcc,0xff,0xc8,0xbd,0xa1,0xd0,0xc2,0xb6,
    0x9a,0x07,0x00,0x00,0x00,0x00,0x00,0x00,0x00,0x00,0x00,0x00,0x00,0x00,0x00,0x00,
    0x00,0x00,0xb3,0x82,0x17,0x40,0xb1,0x83,0x17,0x0f,0x00,0x00,0x00,0x00,0x00,0x00,
    0x00,0x00,0x00,0x95,0xbb,0x0e,0x00,0x98,0xbd,0x3a,0x00,0x98,0xbe,0x66,0x00,0x9a,
    0xc1,0x8b,0x00,0xa5,0xce,0xb7,0xa0,0xb6,0xa6,0xe3,0xdc,0xda,0xd3,0xff,0xf3,0xcd,
    0x75,0xff,0xf5,0xbb,0x36,0xff,0xf5,0xbb,0x36,0xff,0xf5,0xbb,0x36,0xff,0xf5,0xbb,
    0x36,0xff,0xf4,0xbb,0x36,0xff,0xea,0xea,0xe9,0xff,0xb6,0xbb,0xa6,0xec,0x00,0xa6,
    0xcf,0xc0,0x00,0x9d,0xc5,0x9b,0x00,0x98,0xbe,0x73,0x00,0x98,0xbd,0x47,0x00,0x96,
    0xbc,0x1b,0x00,0x00,0x00,0x00,0x00,0x00,0x00,0x00,0x00,0x00,0x00,0x00,0xb3,0x83,
    0x16,0x40,0xb1,0x81,0x14,0x0a,0x00,0x00,0x00,0x00,0x00,0x00,0x00,0x00,0x00,0x00,
    0x00,0x00,0x00,0x00,0x00,0x00,0x00,0x00,0x00,0x00,0x00,0x00,0x00,0x00,0xc2,0xc2,
    0xc2,0x2b,0xd3,0xd3,0xd3,0xf0,0xed,0xed,0xed,0xff,0xee,0xee,0xee,0xff,0xba,0xb9,
    0xb6,0xff,0xd9,0xd9,0xd9,0xff,0xdb,0xdb,0xdb,0xff,0xdb,0xdb,0xdb,0xff,0xec,0xec,
    0xec,0xff,0xee,0xee,0xee,0xff,0xee,0xee,0xee,0xff,0xee,0xee,0xee,0xff,0xee,0xee,
    0xee,0xff,0xee,0xee,0xee,0xff,0xdc,0xdc,0xdc,0xff,0xdb,0xdb,0xdb,0xff,0xdb,0xdb,
    0xdb,0xff,0xb5,0xb4,0xb1,0xff,0xee,0xee,0xee,0xff,0xee,0xee,0xee,0xff,0xd9,0xd9,
    0xd9,0xfb,0xc3,0xc3,0xc3,0x43,0x00,0x00,0x00,0x00,0x00,0x00,0x00,0x00,0x00,0x00,
    0x00,0x00,0x00,0x00,0x00,0x00,0x00,0x00,0x00,0x00,0x00,0x00,0x00,0x00,0x00,0x00,
    0x00,0x00,0x00,0x00,0x00,0x00,0x00,0x00,0x00,0x00,0x00,0x00,0x00,0x00,0x00,0x00,
    0x00,0x00,0xc0,0xc0,0xc0,0x12,0xd1,0xd1,0xd1,0xd8,0xe9,0xe9,0xe9,0xff,0xb5,0xb5,
    0xb5,0xff,0xdb,0xdb,0xdb,0xff,0xdb,0xdb,0xdb,0xff,0xdb,0xdb,0xdb,0xff,0xe7,0xe7,
    0xe7,0xff,0xee,0xee,0xee,0xff,0xee,0xee,0xee,0xff,0xee,0xee,0xee,0xff,0xee,0xee,
    0xee,0xff,0xeb,0xeb,0xeb,0xff,0xdb,0xdb,0xdb,0xff,0xdb,0xdb,0xdb,0xff,0xdb,0xdb,
    0xdb,0xff,0xbe,0xbe,0xbe,0xff,0xde,0xde,0xde,0xff,0xd6,0xd6,0xd6,0xe9,0xc3,0xc3,
    0xc3,0x26,0x00,0x00,0x00,0x00,0x00,0x00,0x00,0x00,0x00,0x00,0x00,0x00,0x00,0x00,
    0x00,0x00,0x00,0x00,0x00,0x00,0x00,0x00,0x00,0x00,0x00,0x00,0x00,0x00,0x00,0x00,
    0x00,0x00,0x22,0x44,0x71,0xa6,0x2b,0x63,0xab,0xff,0x2e,0x6c,0xbb,0xff,0x2e,0x6c,
    0xbb,0xff,0x2e,0x6c,0xbb,0xff,0x2e,0x6c,0xbb,0xff,0x2e,0x6c,0xbb,0xff,0x2e,0x6c,
    0xbb,0xff,0x97,0xb2,0xd6,0xff,0xe8,0xe8,0xe8,0xff,0xc0,0xc0,0xc0,0xff,0xcb,0xcb,
    0xcb,0xdf,0xcc,0xcc,0xcc,0xd4,0xcc,0xcc,0xcc,0xd4,0xcc,0xcc,0xcc,0xd4,0xcc,0xcc,
    0xcc,0xd4,0xcc,0xcc,0xcc,0xd4,0xbe,0xbe,0xbe,0xff,0xe4,0xe4,0xe4,0xff,0xa4,0xbc,
    0xda,0xff,0x2e,0x6c,0xbb,0xff,0x2e,0x6c,0xbb,0xff,0x2e,0x6c,0xbb,0xff,0x2e,0x6c,
    0xbb,0xff,0x2e,0x6c,0xbb,0xff,0x2e,0x6c,0xbb,0xff,0x2d,0x69,0xb5,0xff,0x23,0x48,
    0x78,0xd9,0x20,0x43,0x6e,0x09,0x00,0x00,0x00,0x00,0x00,0x00,0x00,0x00,0x00,0x00,
    0x00,0x00,0x11,0x33,0x66,0x01,0x22,0x46,0x74,0xbd,0x2c,0x67,0xb2,0xff,0x2e,0x6c,
    0xbb,0xff,0x2e,0x6c,0xbb,0xff,0x2e,0x6c,0xbb,0xff,0x2e,0x6c,0xbb,0xff,0x2e,0x6c,
    0xbb,0xff,0xc7,0xd3,0xe3,0xff,0xee,0xee,0xee,0xff,0xd2,0xd2,0xd2,0xfd,0xc0,0xc0,
    0xc0,0x0c,0x00,0x00,0x00,0x00,0x00,0x00,0x00,0x00,0x00,0x00,0x00,0x00,0x00,0x00,
    0x00,0x00,0x00,0x00,0x00,0x00,0xc9,0xc9,0xc9,0xc9,0xee,0xee,0xee,0xff,0xdf,0xe4,
    0xea,0xff,0x2e,0x6c,0xbb,0xff,0x2e,0x6c,0xbb,0xff,0x2e,0x6c,0xbb,0xff,0x2e,0x6c,
    0xbb,0xff,0x2e,0x6c,0xbb,0xff,0x2d,0x6a,0xb8,0xff,0x24,0x4a,0x7d,0xe9,0x20,0x40,
    0x6e,0x15,0x00,0x00,0x00,0x00,0x00,0x00,0x00,0x00,0x00,0x00,0x00,0x00,0x00,0x00,
    0x00,0x00,0xc5,0xb9,0x9b,0x34,0xd0,0xc6,0xae,0xfd,0xe7,0xe1,0xd3,0xff,0xe7,0xe1,
    0xd3,0xff,0xe7,0xe1,0xd3,0xff,0xe7,0xe1,0xd3,0xff,0xdf,0xde,0xce,0xff,0x6c,0xcf,
    0x8e,0xff,0x37,0xc9,0x71,0xff,0x37,0xc9,0x71,0xff,0x37,0xc9,0x71,0xff,0x3e,0xca,
    0x75,0xff,0x69,0xcf,0x8c,0xff,0x80,0xd3,0x99,0xff,0x7a,0xc6,0x91,0xff,0x6e,0xc0,
    0x88,0xff,0x3f,0xb4,0x6b,0xff,0x2b,0xaf,0x5f,0xff,0x2b,0xaf,0x5f,0xff,0x2b,0xaf,
    0x5f,0xff,0x46,0xb6,0x6f,0xff,0xcf,0xdc,0xc5,0xff,0xe7,0xe1,0xd3,0xff,0xe7,0xe1,
    0xd3,0xff,0xe7,0xe1,0xd3,0xff,0xe7,0xe1,0xd3,0xff,0xda,0xd2,0xbe,0xff,0xc5,0xb9,
    0x9c,0x76,0x00,0x00,0x00,0x00,0x00,0x00,0x00,0x00,0x00,0x00,0x00,0x00,0x00,0x00,
    0x00,0x00,0x00,0x00,0x00,0x00,0xc5,0xb9,0x9c,0x42,0xd1,0xc7,0xae,0xf5,0xe6,0xdf,
    0xd1,0xff,0xe7,0xe1,0xd3,0xff,0xe7,0xe1,0xd3,0xff,0xe7,0xe1,0xd3,0xff,0xe7,0xe1,
    0xd3,0xff,0xcb,0xdd,0xc3,0xff,0x7a,0xd2,0x96,0xff,0x40,0xca,0x76,0xff,0x37,0xc9,
    0x71,0xff,0x37,0xc9,0x71,0xff,0x37,0xc9,0x71,0xff,0x2d,0xb3,0x62,0xff,0x2b,0xaf,
    0x5f,0xff,0x2b,0xaf,0x5f,0xff,0x2c,0xaf,0x60,0xff,0x5c,0xbc,0x7d,0xff,0xaf,0xd2,
    0xb0,0xff,0xe7,0xe1,0xd3,0xff,0xe7,0xe1,0xd3,0xff,0xe7,0xe1,0xd3,0xff,0xe7,0xe1,
    0xd3,0xff,0xe7,0xe1,0xd3,0xff,0xd8,0xcf,0xbb,0xff,0xc5,0xba,0x9d,0x79,0x00,0x00,
    0x00,0x00,0x00,0x00,0x00,0x00,0x00,0x00,0x00,0x00,0x00,0x00,0x00,0x00,0x00,0x00,
    0x00,0x00,0xc5,0xb9,0x9b,0x34,0xd0,0xc6,0xae,0xfd,0xe7,0xe1,0xd3,0xff,0xe7,0xe1,
    0xd3,0xff,0xe7,0xe1,0xd3,0xff,0xe7,0xe1,0xd3,0xff,0xdd,0xdf,0xd3,0xff,0x46,0xd1,
    0xf0,0xff,0x00,0xcc,0xff,0xff,0x00,0xcc,0xff,0xff,0x00,0xcc,0xff,0xff,0x09,0xcc,
    0xfd,0xff,0x41,0xd1,0xf2,0xff,0x60,0xd4,0xec,0xff,0x60,0xcb,0xe1,0xff,0x53,0xc7,
    0xdf,0xff,0x19,0xbd,0xe4,0xff,0x00,0xb9,0xe7,0xff,0x00,0xb9,0xe7,0xff,0x00,0xb9,
    0xe7,0xff,0x21,0xbe,0xe4,0xff,0xc8,0xdd,0xd7,0xff,0xe7,0xe1,0xd3,0xff,0xe7,0xe1,
    0xd3,0xff,0xe7,0xe1,0xd3,0xff,0xe7,0xe1,0xd3,0xff,0xda,0xd2,0xbe,0xff,0xc5,0xb9,
    0x9c,0x76,0x00,0x00,0x00,0x00,0x00,0x00,0x00,0x00,0x00,0x00,0x00,0x00,0xb0,0x7f,
    0x15,0x0a,0xbf,0x8d,0x1d,0xff,0xb2,0x84,0x1c,0x99,0xac,0xa8,0x8e,0x7f,0xa9,0xb3,
    0xa2,0xe9,0x00,0xa8,0xd1,0xff,0x00,0xb9,0xe7,0xff,0x00,0xbe,0xee,0xff,0x02,0xbd,
    0xec,0xff,0x00,0xcc,0xff,0xff,0xb6,0xd4,0xc8,0xff,0xe8,0xe6,0xdb,0xff,0xf4,0xcd,
    0x74,0xff,0xf5,0xbb,0x36,0xff,0xf5,0xbb,0x36,0xff,0xf5,0xbb,0x36,0xff,0xf5,0xbb,
    0x36,0xff,0xf5,0xbb,0x36,0xff,0xf0,0xef,0xed,0xff,0xcd,0xd5,0xc1,0xff,0x00,0xcc,
    0xff,0xff,0x01,0xc2,0xf2,0xff,0x01,0xbc,0xeb,0xff,0x00,0xbe,0xee,0xff,0x00,0xab,
    0xd5,0xff,0x69,0xaf,0xb4,0xf2,0xb0,0xab,0x92,0xa8,0xaf,0x8f,0x3f,0x51,0xbf,0x8d,
    0x1d,0xff,0xb3,0x83,0x17,0x47,0x00,0x00,0x00,0x00,0x00,0x00,0x00,0x00,0x00,0x00,
    0x00,0x00,0x00,0x00,0x00,0x00,0x00,0x00,0x00,0x00,0xbd,0xbd,0xbd,0x03,0xce,0xce,
    0xce,0xcd,0xed,0xed,0xed,0xff,0xee,0xee,0xee,0xff,0xd7,0xd0,0xbb,0xff,0xa2,0x93,
    0x68,0xff,0xcf,0xcf,0xcf,0xff,0xdb,0xdb,0xdb,0xff,0xdc,0xdc,0xdc,0xff,0xee,0xee,
    0xee,0xff,0xee,0xee,0xee,0xff,0xee,0xee,0xee,0xff,0xee,0xee,0xee,0xff,0xee,0xee,
    0xee,0xff,0xee,0xee,0xee,0xff,0xdf,0xdf,0xdf,0xff,0xdb,0xdb,0xdb,0xff,0xd6,0xd6,
    0xd6,0xff,0xa1,0x95,0x75,0xff,0xcc,0xc1,0xa2,0xff,0xee,0xee,0xee,0xff,0xee,0xee,
    0xee,0xff,0xd2,0xd2,0xd2,0xe4,0xc2,0xc2,0xc2,0x0f,0x00,0x00,0x00,0x00,0x00,0x00,
    0x00,0x00,0x00,0x00,0x00,0x00,0x00,0x00,0x00,0x00,0x00,0x00,0x00,0x00,0x00,0x00,
    0x00,0x00,0x00,0x00,0x00,0x00,0x00,0x00,0x00,0x00,0x00,0x00,0x00,0x00,0xc0,0xc0,
    0xc0,0x10,0xcc,0xcc,0xcc,0xd1,0xeb,0xeb,0xeb,0xff,0xee,0xee,0xee,0xff,0xba,0xba,
    0xba,0xff,0xda,0xda,0xda,0xff,0xdb,0xdb,0xdb,0xff,0xdb,0xdb,0xdb,0xff,0xeb,0xeb,
    0xeb,0xff,0xee,0xee,0xee,0xff,0xee,0xee,0xee,0xff,0xee,0xee,0xee,0xff,0xee,0xee,
    0xee,0xff,0xee,0xee,0xee,0xff,0xdc,0xdc,0xdc,0xff,0xdb,0xdb,0xdb,0xff,0xdb,0xdb,
    0xdb,0xff,0xb7,0xb7,0xb7,0xff,0xed,0xed,0xed,0xff,0xed,0xed,0xed,0xff,0xd0,0xd0,
    0xd0,0xe7,0xc2,0xc2,0xc2,0x20,0x00,0x00,0x00,0x00,0x00,0x00,0x00,0x00,0x00,0x00,
    0x00,0x00,0x00,0x00,0x00,0x00,0x00,0x00,0x00,0x00,0x00,0x00,0x00,0x00,0x21,0x42,
    0x6f,0x54,0x28,0x56,0x93,0xff,0x2e,0x6c,0xbb,0xff,0x2e,0x6c,0xbb,0xff,0x2e,0x6c,
    0xbb,0xff,0x2e,0x6a,0xb7,0xff,0x2f,0x67,0xae,0xff,0x2e,0x6a,0xb7,0xff,0x2e,0x6c,
    0xbb,0xff,0x6c,0x92,0xc3,0xff,0xb2,0xb2,0xb2,0xff,0xd6,0xd6,0xd6,0xff,0xee,0xee,
    0xee,0xff,0xee,0xee,0xee,0xff,0xee,0xee,0xee,0xff,0xee,0xee,0xee,0xff,0xee,0xee,
    0xee,0xff,0xee,0xee,0xee,0xff,0xde,0xde,0xde,0xff,0xb6,0xb6,0xb6,0xff,0x75,0x99,
    0xc6,0xff,0x2e,0x6c,0xbb,0xff,0x2e,0x6c,0xbb,0xff,0x2f,0x67,0xae,0xff,0x2e,0x69,
    0xb5,0xff,0x2e,0x6b,0xba,0xff,0x2e,0x6c,0xbb,0xff,0x2e,0x6c,0xbb,0xff,0x2a,0x60,
    0xa6,0xff,0x22,0x43,0x6f,0x6f,0x00,0x00,0x00,0x00,0x00,0x00,0x00,0x00,0x00,0x00,
    0x00,0x00,0x22,0x43,0x70,0x88,0x2a,0x5f,0xa3,0xff,0x2e,0x6c,0xbb,0xff,0x2e,0x6c,
    0xbb,0xff,0x2e,0x6c,0xbb,0xff,0x2e,0x6c,0xbb,0xff,0x2e,0x6c,0xbb,0xff,0x2e,0x6c,
    0xbb,0xff,0x9d,0xb7,0xd8,0xff,0xe9,0xe9,0xe9,0xff,0xc6,0xc6,0xc6,0xff,0xcb,0xcb,
    0xcb,0xb1,0xcc,0xcc,0xcc,0x9f,0xcc,0xcc,0xcc,0x9f,0xcc,0xcc,0xcc,0x9f,0xcc,0xcc,
    0xcc,0x9f,0xcc,0xcc,0xcc,0x9f,0xc2,0xc2,0xc2,0xf9,0xe6,0xe6,0xe6,0xff,0xac,0xc1,
    0xdc,0xff,0x2e,0x6c,0xbb,0xff,0x2e,0x6c,0xbb,0xff,0x2e,0x6c,0xbb,0xff,0x2e,0x6c,
    0xbb,0xff,0x2e,0x6c,0xbb,0xff,0x2e,0x6c,0xbb,0xff,0x2c,0x65,0xaf,0xff,0x23,0x47,
    0x76,0xbf,0x20,0x43,0x6e,0x06,0x00,0x00,0x00,0x00,0x00,0x00,0x00,0x00,0x00,0x00,
    0x00,0x00,0xc6,0xba,0x9d,0xb4,0xe1,0xda,0xc9,0xff,0xe5,0xdf,0xd0,0xff,0xcb,0xc0,
    0xa5,0xff,0xe1,0xd9,0xc9,0xff,0xe5,0xe0,0xd2,0xff,0x61,0xbd,0x80,0xff,0x2d,0xb5,
    0x63,0xff,0x36,0xc7,0x70,0xff,0x39,0xc9,0x72,0xff,0x85,0xd3,0x9c,0xff,0xda,0xdf,
    0xcc,0xff,0xe2,0xdc,0xcf,0xff,0xce,0xc5,0xbc,0xff,0xce,0xc5,0xbc,0xff,0xda,0xd3,
    0xc7,0xff,0xe4,0xe0,0xd1,0xff,0xa5,0xcf,0xaa,0xff,0x3d,0xb3,0x6a,0xff,0x2b,0xaf,
    0x5f,0xff,0x31,0xbd,0x69,0xff,0x49,0xcb,0x7b,0xff,0xd7,0xde,0xca,0xff,0xe7,0xe1,
    0xd3,0xff,0xcc,0xc1,0xa6,0xff,0xdf,0xd7,0xc5,0xff,0xe6,0xe0,0xd2,0xff,0xcc,0xc1,
    0xa7,0xef,0xc4,0xb6,0x99,0x0a,0x00,0x00,0x00,0x00,0x00,0x00,0x00,0x00,0x00,0x00,
    0x00,0x00,0xc3,0xb7,0x99,0x15,0xcb,0xc0,0xa5,0xeb,0xe5,0xdf,0xd1,0xff,0xe7,0xe1,
    0xd3,0xff,0xe7,0xe1,0xd3,0xff,0xe7,0xe1,0xd3,0xff,0xe7,0xe1,0xd3,0xff,0xa3,0xd7,
    0xad,0xff,0x39,0xc9,0x72,0xff,0x37,0xc9,0x71,0xff,0x37,0xc9,0x71,0xff,0x37,0xc9,
    0x71,0xff,0x38,0xc9,0x71,0xff,0x45,0xcb,0x79,0xff,0x3c,0xb7,0x6b,0xff,0x31,0xb0,
    0x63,0xff,0x2b,0xaf,0x5f,0xff,0x2b,0xaf,0x5f,0xff,0x2b,0xaf,0x5f,0xff,0x2b,0xaf,
    0x5f,0xff,0x74,0xc2,0x8b,0xff,0xe5,0xe0,0xd2,0xff,0xe7,0xe1,0xd3,0xff,0xe7,0xe1,
    0xd3,0xff,0xe7,0xe1,0xd3,0xff,0xe7,0xe1,0xd3,0xff,0xd3,0xc9,0xb2,0xff,0xc5,0xb9,
    0x9c,0x44,0x00,0x00,0x00,0x00,0x00,0x00,0x00,0x00,0x00,0x00,0x00,0x00,0x00,0x00,
    0x00,0x00,0xc6,0xba,0x9d,0xb4,0xe1,0xda,0xc9,0xff,0xe5,0xdf,0xd0,0xff,0xcb,0xc0,
    0xa5,0xff,0xe1,0xd9,0xc9,0xff,0xe5,0xe0,0xd3,0xff,0x43,0xc4,0xe1,0xff,0x00,0xbd,
    0xed,0xff,0x00,0xcb,0xfe,0xff,0x03,0xcc,0xfe,0xff,0x66,0xd5,0xeb,0xff,0xd6,0xdf,
    0xd6,0xff,0xe2,0xdc,0xcf,0xff,0xce,0xc5,0xbc,0xff,0xce,0xc5,0xbc,0xff,0xda,0xd3,
    0xc7,0xff,0xe3,0xe0,0xd3,0xff,0x96,0xd3,0xd9,0xff,0x16,0xbc,0xe5,0xff,0x00,0xb9,
    0xe7,0xff,0x00,0xc3,0xf4,0xff,0x17,0xce,0xfa,0xff,0xd2,0xdf,0xd6,0xff,0xe7,0xe1,
    0xd3,0xff,0xcc,0xc1,0xa6,0xff,0xdf,0xd7,0xc5,0xff,0xe6,0xe0,0xd2,0xff,0xcc,0xc1,
    0xa7,0xef,0xc4,0xb6,0x99,0x0a,0x00,0x00,0x00,0x00,0x00,0x00,0x00,0x00,0xb2,0x82,
    0x16,0x25,0xd2,0x9d,0x26,0xff,0xc7,0xa7,0x5a,0xff,0xcd,0xc4,0xae,0xff,0xd1,0xda,
    0xd0,0xff,0x02,0xbd,0xec,0xff,0x00,0xc8,0xfa,0xff,0x0b,0xc5,0xf2,0xff,0x38,0xc1,
    0xde,0xff,0x6b,0xcf,0xe0,0xff,0xcc,0xd5,0xc2,0xff,0xe8,0xe6,0xdb,0xff,0xf4,0xcd,
    0x74,0xff,0xf5,0xbb,0x36,0xff,0xf5,0xbb,0x36,0xff,0xf5,0xbb,0x36,0xff,0xf5,0xbb,
    0x36,0xff,0xf5,0xbb,0x36,0xff,0xf0,0xef,0xed,0xff,0xd5,0xd5,0xbe,0xff,0x72,0xd0,
    0xde,0xff,0x4a,0xc5,0xde,0xff,0x1a,0xc1,0xe8,0xff,0x00,0xcc,0xff,0xff,0x02,0xbd,
    0xec,0xff,0x87,0xd2,0xdd,0xff,0xd4,0xcb,0xb7,0xff,0xbd,0xad,0x82,0xff,0xe1,0xaa,
    0x2c,0xff,0xb3,0x83,0x17,0x5b,0x00,0x00,0x00,0x00,0x00,0x00,0x00,0x00,0x00,0x00,
    0x00,0x00,0x00,0x00,0x00,0x00,0x00,0x00,0x00,0x00,0xc3,0xc3,0xc3,0x89,0xe4,0xe4,
    0xe4,0xff,0xee,0xee,0xee,0xff,0xe3,0xdf,0xd5,0xff,0xa4,0x8c,0x46,0xff,0xa1,0x8b,
    0x4c,0xff,0xc4,0xc4,0xc4,0xff,0xdb,0xdb,0xdb,0xff,0xde,0xde,0xde,0xff,0xee,0xee,
    0xee,0xff,0xee,0xee,0xee,0xff,0xee,0xee,0xee,0xff,0xee,0xee,0xee,0xff,0xee,0xee,
    0xee,0xff,0xee,0xee,0xee,0xff,0xe0,0xe0,0xe0,0xff,0xdb,0xdb,0xdb,0xff,0xcb,0xcb,
    0xcb,0xff,0xa1,0x8f,0x5c,0xff,0xa1,0x88,0x3f,0xff,0xdb,0xd6,0xc4,0xff,0xee,0xee,
    0xee,0xff,0xe8,0xe8,0xe8,0xff,0xc5,0xc5,0xc5,0xb2,0xbb,0xbb,0xbb,0x01,0x00,0x00,
    0x00,0x00,0x00,0x00,0x00,0x00,0x00,0x00,0x00,0x00,0x00,0x00,0x00,0x00,0x00,0x00,
    0x00,0x00,0x00,0x00,0x00,0x00,0x00,0x00,0x00,0x00,0x00,0x00,0x00,0x00,0xc8,0xc8,
    0xc8,0x9d,0xe9,0xe9,0xe9,0xff,0xee,0xee,0xee,0xff,0xe5,0xe3,0xdb,0xff,0xa9,0x9f,
    0x82,0xff,0xd2,0xd2,0xd2,0xff,0xdb,0xdb,0xdb,0xff,0xdb,0xdb,0xdb,0xff,0xee,0xee,
    0xee,0xff,0xee,0xee,0xee,0xff,0xee,0xee,0xee,0xff,0xee,0xee,0xee,0xff,0xee,0xee,
    0xee,0xff,0xee,0xee,0xee,0xff,0xde,0xde,0xde,0xff,0xdb,0xdb,0xdb,0xff,0xd9,0xd9,
    0xd9,0xff,0xa5,0x9d,0x86,0xff,0xdf,0xda,0xcb,0xff,0xee,0xee,0xee,0xff,0xec,0xec,
    0xec,0xff,0xcb,0xcb,0xcb,0xbd,0x00,0x00,0x00,0x00,0x00,0x00,0x00,0x00,0x00,0x00,
    0x00,0x00,0x00,0x00,0x00,0x00,0x00,0x00,0x00,0x00,0x00,0x00,0x00,0x00,0x24,0x4a,
    0x7c,0xe8,0x2d,0x6a,0xb7,0xff,0x2e,0x69,0xb3,0xff,0x2f,0x66,0xac,0xff,0x30,0x64,
    0xa6,0xff,0x31,0x63,0xa3,0xff,0x31,0x63,0xa3,0xff,0x2f,0x67,0xb0,0xff,0x36,0x6f,
    0xb9,0xff,0xa7,0xad,0xb4,0xff,0xd7,0xd7,0xd7,0xff,0xdf,0xdf,0xdf,0xff,0xee,0xee,
    0xee,0xff,0xee,0xee,0xee,0xff,0xee,0xee,0xee,0xff,0xee,0xee,0xee,0xff,0xee,0xee,
    0xee,0xff,0xee,0xee,0xee,0xff,0xe2,0xe2,0xe2,0xff,0xd7,0xd7,0xd7,0xff,0xaf,0xb2,
    0xb5,0xff,0x4a,0x78,0xb4,0xff,0x2e,0x6a,0xb7,0xff,0x31,0x63,0xa3,0xff,0x31,0x63,
    0xa3,0xff,0x30,0x63,0xa5,0xff,0x2f,0x66,0xab,0xff,0x2f,0x68,0xb1,0xff,0x2e,0x6a,
    0xb8,0xff,0x26,0x50,0x88,0xdf,0x00,0x00,0x00,0x00,0x00,0x00,0x00,0x00,0x21,0x42,
    0x6f,0x54,0x28,0x56,0x93,0xff,0x2e,0x6c,0xbb,0xff,0x2e,0x6c,0xbb,0xff,0x2e,0x6c,
    0xbb,0xff,0x2e,0x6a,0xb7,0xff,0x2f,0x67,0xae,0xff,0x2e,0x6a,0xb7,0xff,0x2e,0x6c,
    0xbb,0xff,0x6c,0x92,0xc3,0xff,0xb2,0xb2,0xb2,0xff,0xd6,0xd6,0xd6,0xff,0xee,0xee,
    0xee,0xff,0xee,0xee,0xee,0xff,0xee,0xee,0xee,0xff,0xee,0xee,0xee,0xff,0xee,0xee,
    0xee,0xff,0xee,0xee,0xee,0xff,0xde,0xde,0xde,0xff,0xb6,0xb6,0xb6,0xff,0x75,0x99,
    0xc6,0xff,0x2e,0x6c,0xbb,0xff,0x2e,0x6c,0xbb,0xff,0x2f,0x67,0xae,0xff,0x2e,0x69,
    0xb5,0xff,0x2e,0x6b,0xba,0xff,0x2e,0x6c,0xbb,0xff,0x2e,0x6c,0xbb,0xff,0x2a,0x60,
    0xa6,0xff,0x22,0x43,0x6f,0x6f,0x00,0x00,0x00,0x00,0x00,0x00,0x00,0x00,0xc4,0xb8,
    0x9a,0x1f,0xcf,0xc5,0xac,0xfd,0xe7,0xe1,0xd3,0xff,0xe7,0xe1,0xd3,0xff,0xdb,0xd2,
    0xbf,0xff,0xe4,0xdd,0xce,0xff,0x93,0xca,0x9f,0xff,0x2b,0xaf,0x5f,0xff,0x2b,0xaf,
    0x5f,0xff,0x35,0xb7,0x68,0xff,0xb1,0xd9,0xb4,0xff,0xdc,0xd5,0xc9,0xff,0x90,0x7f,
    0x81,0xff,0x5b,0x42,0x4f,0xff,0x55,0x3c,0x4a,0xff,0x55,0x3c,0x4a,0xff,0x55,0x3c,
    0x4a,0xff,0x7a,0x66,0x6d,0xff,0xc8,0xbe,0xb6,0xff,0xd3,0xdb,0xc6,0xff,0x4d,0xc3,
    0x79,0xff,0x37,0xc9,0x71,0xff,0x37,0xc9,0x71,0xff,0x66,0xcf,0x8b,0xff,0xe7,0xe1,
    0xd3,0xff,0xdb,0xd2,0xbf,0xff,0xe5,0xde,0xd0,0xff,0xe7,0xe1,0xd3,0xff,0xda,0xd1,
    0xbd,0xff,0xc5,0xba,0x9c,0x4c,0x00,0x00,0x00,0x00,0x00,0x00,0x00,0x00,0x00,0x00,
    0x00,0x00,0xc6,0xba,0x9d,0x89,0xdc,0xd4,0xc1,0xff,0xe6,0xe0,0xd1,0xff,0xd6,0xcc,
    0xb6,0xff,0xe3,0xdc,0xcd,0xff,0xe7,0xe1,0xd3,0xff,0x95,0xcb,0xa0,0xff,0x31,0xbd,
    0x68,0xff,0x37,0xc9,0x71,0xff,0x37,0xc9,0x71,0xff,0x50,0xcc,0x7f,0xff,0xa7,0xd8,
    0xaf,0xff,0xdd,0xdf,0xcd,0xff,0xe7,0xe1,0xd3,0xff,0xe7,0xe1,0xd3,0xff,0xe5,0xe0,
    0xd2,0xff,0xba,0xd5,0xb7,0xff,0x66,0xbe,0x83,0xff,0x2b,0xaf,0x5f,0xff,0x2b,0xaf,
    0x5f,0xff,0x2d,0xb5,0x63,0xff,0x6d,0xcf,0x8e,0xff,0xe5,0xe0,0xd2,0xff,0xe7,0xe1,
    0xd3,0xff,0xd6,0xcd,0xb7,0xff,0xe2,0xdb,0xcb,0xff,0xe4,0xde,0xcf,0xff,0xc8,0xbd,
    0xa1,0xd2,0xbb,0xaa,0x88,0x01,0x00,0x00,0x00,0x00,0x00,0x00,0x00,0x00,0xc4,0xb8,
    0x9a,0x1f,0xcf,0xc5,0xac,0xfd,0xe7,0xe1,0xd3,0xff,0xe7,0xe1,0xd3,0xff,0xdb,0xd2,
    0xbf,0xff,0xe4,0xdd,0xce,0xff,0x80,0xcf,0xdb,0xff,0x00,0xb9,0xe7,0xff,0x00,0xb9,
    0xe7,0xff,0x09,0xbf,0xec,0xff,0xa0,0xda,0xe0,0xff,0xdc,0xd5,0xc9,0xff,0x90,0x7f,
    0x81,0xff,0x5b,0x42,0x4f,0xff,0x55,0x3c,0x4a,0xff,0x55,0x3c,0x4a,0xff,0x55,0x3c,
    0x4a,0xff,0x7a,0x66,0x6d,0xff,0xc8,0xbe,0xb6,0xff,0xce,0xdc,0xd5,0xff,0x23,0xc8,
    0xef,0xff,0x00,0xcc,0xff,0xff,0x00,0xcc,0xff,0xff,0x3e,0xd1,0xf3,0xff,0xe7,0xe1,
    0xd3,0xff,0xdb,0xd2,0xbf,0xff,0xe5,0xde,0xd0,0xff,0xe7,0xe1,0xd3,0xff,0xda,0xd1,
    0xbd,0xff,0xc5,0xba,0x9c,0x4c,0x00,0x00,0x00,0x00,0x00,0x00,0x00,0x00,0xb1,0x82,
    0x16,0x45,0xda,0xa4,0x29,0xff,0xe3,0xc6,0x82,0xff,0xd7,0xce,0xb9,0xff,0xdb,0xdb,
    0xce,0xff,0x90,0xcd,0xd3,0xff,0xbd,0xd6,0xd0,0xff,0xe2,0xdc,0xcc,0xff,0xe5,0xdf,
    0xd0,0xff,0xe7,0xe1,0xd3,0xff,0xdd,0xd7,0xc0,0xff,0xe8,0xe6,0xdb,0xff,0xf4,0xcd,
    0x74,0xff,0xf5,0xbb,0x36,0xff,0xf5,0xbb,0x36,0xff,0xf5,0xbb,0x36,0xff,0xf5,0xbb,
    0x36,0xff,0xf5,0xbb,0x36,0xff,0xf0,0xef,0xed,0xff,0xdb,0xd6,0xbe,0xff,0xe7,0xe1,
    0xd3,0xff,0xe6,0xe0,0xd2,0xff,0xe4,0xdd,0xce,0xff,0xcc,0xd8,0xce,0xff,0x9d,0xcf,
    0xd2,0xff,0xbc,0xd7,0xd3,0xff,0xd9,0xd0,0xbc,0xff,0xd9,0xcc,0xae,0xff,0xef,0xb6,
    0x33,0xff,0xb2,0x83,0x17,0x73,0x00,0x00,0x00,0x00,0x00,0x00,0x00,0x00,0x00,0x00,
    0x00,0x00,0x00,0x00,0x00,0x00,0xc3,0xc3,0xc3,0x57,0xdd,0xdd,0xdd,0xff,0xee,0xee,
    0xee,0xff,0xe8,0xe7,0xe2,0xff,0xaf,0x9b,0x5f,0xff,0xa0,0x87,0x3d,0xff,0x90,0x7a,
    0x37,0xff,0xb5,0xb3,0xad,0xff,0xdb,0xdb,0xdb,0xff,0xe0,0xe0,0xe0,0xff,0xed,0xed,
    0xed,0xff,0xe8,0xe8,0xe8,0xff,0xe1,0xe1,0xe1,0xff,0xe0,0xe0,0xe0,0xff,0xe7,0xe7,
    0xe7,0xff,0xed,0xed,0xed,0xff,0xe3,0xe3,0xe3,0xff,0xdb,0xdb,0xdb,0xff,0xbe,0xbe,
    0xbd,0xff,0x8f,0x7a,0x3c,0xff,0x9f,0x86,0x3d,0xff,0xa9,0x93,0x52,0xff,0xe3,0xe0,
    0xd6,0xff,0xee,0xee,0xee,0xff,0xe3,0xe3,0xe3,0xff,0xc6,0xc6,0xc6,0x77,0x00,0x00,
    0x00,0x00,0x00,0x00,0x00,0x00,0x00,0x00,0x00,0x00,0x00,0x00,0x00,0x00,0x00,0x00,
    0x00,0x00,0x00,0x00,0x00,0x00,0x00,0x00,0x00,0x00,0xc3,0xc3,0xc3,0x6a,0xe0,0xe0,
    0xe0,0xfe,0xee,0xee,0xee,0xff,0xe5,0xe3,0xdb,0xff,0xac,0x97,0x58,0xff,0xa1,0x8c,
    0x50,0xff,0xc6,0xc6,0xc6,0xff,0xdb,0xdb,0xdb,0xff,0xdd,0xdd,0xdd,0xff,0xee,0xee,
    0xee,0xff,0xee,0xee,0xee,0xff,0xee,0xee,0xee,0xff,0xee,0xee,0xee,0xff,0xee,0xee,
    0xee,0xff,0xee,0xee,0xee,0xff,0xe0,0xe0,0xe0,0xff,0xdb,0xdb,0xdb,0xff,0xcd,0xcd,
    0xcd,0xff,0xa1,0x90,0x60,0xff,0xa6,0x8f,0x4b,0xff,0xe0,0xdc,0xcf,0xff,0xee,0xee,
    0xee,0xff,0xe4,0xe4,0xe4,0xff,0xc5,0xc5,0xc5,0x91,0xbb,0xbb,0xbb,0x00,0x00,0x00,
    0x00,0x00,0x00,0x00,0x00,0x00,0x00,0x00,0x00,0x00,0x00,0x00,0x00,0x00,0x22,0x44,
    0x71,0xab,0x2f,0x60,0x9f,0xff,0x31,0x63,0xa3,0xff,0x31,0x63,0xa3,0xff,0x31,0x63,
    0xa3,0xff,0x31,0x63,0xa3,0xff,0x31,0x63,0xa3,0xff,0x30,0x65,0xa9,0xff,0x41,0x74,
    0xb6,0xff,0xc5,0xc5,0xc5,0xff,0xdb,0xdb,0xdb,0xff,0xdf,0xdf,0xdf,0xff,0xee,0xee,
    0xee,0xff,0xee,0xee,0xee,0xff,0xee,0xee,0xee,0xff,0xee,0xee,0xee,0xff,0xee,0xee,
    0xee,0xff,0xee,0xee,0xee,0xff,0xe2,0xe2,0xe2,0xff,0xdb,0xdb,0xdb,0xff,0xcc,0xcc,
    0xcc,0xff,0x5d,0x82,0xb0,0xff,0x2f,0x67,0xb0,0xff,0x31,0x63,0xa3,0xff,0x31,0x63,
    0xa3,0xff,0x31,0x63,0xa3,0xff,0x31,0x63,0xa3,0xff,0x31,0x63,0xa3,0xff,0x31,0x63,
    0xa3,0xff,0x25,0x49,0x7a,0xb0,0x00,0x00,0x00,0x00,0x00,0x00,0x00,0x00,0x24,0x4a,
    0x7c,0xe8,0x2d,0x6a,0xb7,0xff,0x2e,0x69,0xb3,0xff,0x2f,0x66,0xac,0xff,0x30,0x64,
    0xa6,0xff,0x31,0x63,0xa3,0xff,0x31,0x63,0xa3,0xff,0x2f,0x67,0xb0,0xff,0x36,0x6f,
    0xb9,0xff,0xa7,0xad,0xb4,0xff,0xd7,0xd7,0xd7,0xff,0xdf,0xdf,0xdf,0xff,0xee,0xee,
    0xee,0xff,0xee,0xee,0xee,0xff,0xee,0xee,0xee,0xff,0xee,0xee,0xee,0xff,0xee,0xee,
    0xee,0xff,0xee,0xee,0xee,0xff,0xe2,0xe2,0xe2,0xff,0xd7,0xd7,0xd7,0xff,0xaf,0xb2,
    0xb5,0xff,0x4a,0x78,0xb4,0xff,0x2e,0x6a,0xb7,0xff,0x31,0x63,0xa3,0xff,0x31,0x63,
    0xa3,0xff,0x30,0x63,0xa5,0xff,0x2f,0x66,0xab,0xff,0x2f,0x68,0xb1,0xff,0x2e,0x6a,
    0xb8,0xff,0x26,0x50,0x88,0xdf,0x00,0x00,0x00,0x00,0x00,0x00,0x00,0x00,0xc6,0xba,
    0x9c,0x71,0xdb,0xd2,0xbe,0xff,0xe7,0xe1,0xd3,0xff,0xe7,0xe1,0xd3,0xff,0xe7,0xe1,
    0xd3,0xff,0xdc,0xde,0xcc,0xff,0x36,0xb2,0x66,0xff,0x2b,0xaf,0x5f,0xff,0x2c,0xaf,
    0x5f,0xff,0xb1,0xd2,0xb1,0xff,0xcc,0xc3,0xba,0xff,0x6a,0x53,0x5d,0xff,0x55,0x3c,
    0x4a,0xff,0x55,0x3c,0x4a,0xff,0x55,0x3c,0x4a,0xff,0x55,0x3c,0x4a,0xff,0x55,0x3c,
    0x4a,0xff,0x55,0x3c,0x4a,0xff,0x58,0x3f,0x4c,0xff,0xb3,0xa6,0xa2,0xff,0xd3,0xde,
    0xc7,0xff,0x45,0xca,0x79,0xff,0x37,0xc9,0x71,0xff,0x37,0xc9,0x71,0xff,0xb3,0xda,
    0xb6,0xff,0xe7,0xe1,0xd3,0xff,0xe7,0xe1,0xd3,0xff,0xe7,0xe1,0xd3,0xff,0xe5,0xde,
    0xcf,0xff,0xc7,0xbb,0x9e,0x8c,0x00,0x00,0x00,0x00,0x00,0x00,0x00,0x00,0xc4,0xb8,
    0x9a,0x17,0xcd,0xc3,0xa9,0xf5,0xe6,0xe0,0xd2,0xff,0xe6,0xe0,0xd1,0xff,0xd6,0xcc,
    0xb6,0xff,0xe3,0xdc,0xcc,0xff,0xa7,0xcf,0xab,0xff,0x2c,0xaf,0x60,0xff,0x2b,0xaf,
    0x5f,0xff,0x35,0xbb,0x69,0xff,0x94,0xd5,0xa4,0xff,0xda,0xd7,0xc9,0xff,0xa6,0x97,
    0x96,0xff,0x7a,0x66,0x6d,0xff,0x67,0x50,0x5b,0xff,0x67,0x50,0x5b,0xff,0x70,0x5a,
    0x63,0xff,0x95,0x84,0x86,0xff,0xd0,0xc7,0xbd,0xff,0xb6,0xd4,0xb5,0xff,0x44,0xbe,
    0x73,0xff,0x36,0xc8,0x70,0xff,0x37,0xc9,0x71,0xff,0x7b,0xd2,0x97,0xff,0xe7,0xe1,
    0xd3,0xff,0xd6,0xcd,0xb7,0xff,0xe3,0xdc,0xcc,0xff,0xe7,0xe1,0xd3,0xff,0xd8,0xcf,
    0xb9,0xff,0xc5,0xb9,0x9c,0x40,0x00,0x00,0x00,0x00,0x00,0x00,0x00,0x00,0xc6,0xba,
    0x9c,0x71,0xdb,0xd2,0xbe,0xff,0xe7,0xe1,0xd3,0xff,0xe7,0xe1,0xd3,0xff,0xe7,0xe1,
    0xd3,0xff,0xda,0xde,0xd4,0xff,0x0e,0xbb,0xe5,0xff,0x00,0xb9,0xe7,0xff,0x01,0xb9,
    0xe6,0xff,0xa5,0xd5,0xd8,0xff,0xcc,0xc3,0xba,0xff,0x6a,0x53,0x5d,0xff,0x55,0x3c,
    0x4a,0xff,0x55,0x3c,0x4a,0xff,0x55,0x3c,0x4a,0xff,0x55,0x3c,0x4a,0xff,0x55,0x3c,
    0x4a,0xff,0x55,0x3c,0x4a,0xff,0x58,0x3f,0x4c,0xff,0xb3,0xa6,0xa2,0xff,0xcd,0xde,
    0xd7,0xff,0x13,0xcd,0xfb,0xff,0x00,0xcc,0xff,0xff,0x00,0xcc,0xff,0xff,0xa3,0xda,
    0xdf,0xff,0xe7,0xe1,0xd3,0xff,0xe7,0xe1,0xd3,0xff,0xe7,0xe1,0xd3,0xff,0xe5,0xde,
    0xcf,0xff,0xc7,0xbb,0x9e,0x8c,0x00,0x00,0x00,0x00,0x00,0x00,0x00,0x00,0xb3,0x83,
    0x17,0x63,0xe2,0xab,0x2d,0xff,0xe3,0xc6,0x82,0xff,0xd7,0xce,0xb9,0xff,0xe4,0xdd,
    0xce,0xff,0xe7,0xe1,0xd3,0xff,0xe7,0xe1,0xd3,0xff,0xe7,0xe1,0xd3,0xff,0xe7,0xe1,
    0xd3,0xff,0xe7,0xe1,0xd3,0xff,0xdd,0xd7,0xc0,0xff,0xe8,0xe6,0xdb,0xff,0xf4,0xcd,
    0x74,0xff,0xf5,0xbb,0x36,0xff,0xf5,0xbb,0x36,0xff,0xf5,0xbb,0x36,0xff,0xf5,0xbb,
    0x36,0xff,0xf5,0xbb,0x36,0xff,0xf0,0xef,0xed,0xff,0xdb,0xd6,0xbe,0xff,0xe7,0xe1,
    0xd3,0xff,0xe7,0xe1,0xd3,0xff,0xe7,0xe1,0xd3,0xff,0xe7,0xe1,0xd3,0xff,0xe7,0xe1,
    0xd3,0xff,0xe7,0xe1,0xd3,0xff,0xd9,0xd0,0xbc,0xff,0xd9,0xcc,0xae,0xff,0xf5,0xbb,
    0x36,0xff,0xb7,0x87,0x19,0x8a,0x00,0x00,0x00,0x00,0x00,0x00,0x00,0x00,0x00,0x00,
    0x00,0x00,0xc0,0xc0,0xc0,0x1d,0xd5,0xd5,0xd5,0xef,0xee,0xee,0xee,0xff,0xeb,0xea,
    0xe8,0xff,0xb1,0x9d,0x63,0xff,0xa1,0x88,0x3e,0xff,0x8f,0x79,0x36,0xff,0x87,0x72,
    0x33,0xff,0xa3,0x9c,0x88,0xff,0xdb,0xdb,0xdb,0xff,0xde,0xde,0xde,0xff,0xdc,0xdc,
    0xdc,0xff,0xbc,0xb6,0xb9,0xff,0x7b,0x69,0x73,0xff,0x7c,0x66,0x71,0xff,0xb7,0xaf,
    0xb2,0xff,0xdc,0xdc,0xdc,0xff,0xde,0xde,0xde,0xff,0xdb,0xdb,0xdb,0xff,0xad,0xa9,
    0x9d,0xff,0x87,0x72,0x33,0xff,0x8c,0x76,0x35,0xff,0xa0,0x87,0x3d,0xff,0xa9,0x93,
    0x51,0xff,0xe7,0xe5,0xe0,0xff,0xee,0xee,0xee,0xff,0xda,0xda,0xda,0xfb,0xc2,0xc2,
    0xc2,0x38,0x00,0x00,0x00,0x00,0x00,0x00,0x00,0x00,0x00,0x00,0x00,0x00,0x00,0x00,
    0x00,0x00,0x00,0x00,0x00,0x00,0xc3,0xc3,0xc3,0x57,0xdd,0xdd,0xdd,0xff,0xee,0xee,
    0xee,0xff,0xe8,0xe7,0xe2,0xff,0xaf,0x9b,0x5f,0xff,0xa0,0x87,0x3d,0xff,0x90,0x7a,
    0x37,0xff,0xb5,0xb3,0xad,0xff,0xdb,0xdb,0xdb,0xff,0xe0,0xe0,0xe0,0xff,0xed,0xed,
    0xed,0xff,0xe8,0xe8,0xe8,0xff,0xe1,0xe1,0xe1,0xff,0xe0,0xe0,0xe0,0xff,0xe7,0xe7,
    0xe7,0xff,0xed,0xed,0xed,0xff,0xe3,0xe3,0xe3,0xff,0xdb,0xdb,0xdb,0xff,0xbe,0xbe,
    0xbd,0xff,0x8f,0x7a,0x3c,0xff,0x9f,0x86,0x3d,0xff,0xa9,0x93,0x52,0xff,0xe3,0xe0,
    0xd6,0xff,0xee,0xee,0xee,0xff,0xe3,0xe3,0xe3,0xff,0xc6,0xc6,0xc6,0x77,0x00,0x00,
    0x00,0x00,0x00,0x00,0x00,0x00,0x00,0x00,0x00,0x00,0x00,0x00,0x00,0x00,0x21,0x42,
    0x6f,0x4d,0x2a,0x55,0x8c,0xff,0x31,0x63,0xa3,0xff,0x31,0x63,0xa3,0xff,0x31,0x63,
    0xa3,0xff,0x31,0x63,0xa3,0xff,0x31,0x63,0xa3,0xff,0x30,0x63,0xa3,0xff,0x41,0x74,
    0xb6,0xff,0xc5,0xc5,0xc5,0xff,0xdb,0xdb,0xdb,0xff,0xdf,0xdf,0xdf,0xff,0xee,0xee,
    0xee,0xff,0xee,0xee,0xee,0xff,0xee,0xee,0xee,0xff,0xee,0xee,0xee,0xff,0xee,0xee,
    0xee,0xff,0xee,0xee,0xee,0xff,0xe2,0xe2,0xe2,0xff,0xdb,0xdb,0xdb,0xff,0xcc,0xcc,
    0xcc,0xff,0x5d,0x82,0xb0,0xff,0x30,0x65,0xaa,0xff,0x31,0x63,0xa3,0xff,0x31,0x63,
    0xa3,0xff,0x31,0x63,0xa3,0xff,0x31,0x63,0xa3,0xff,0x31,0x63,0xa3,0xff,0x2e,0x5d,
    0x99,0xff,0x22,0x43,0x6f,0x6a,0x00,0x00,0x00,0x00,0x00,0x00,0x00,0x00,0x22,0x44,
    0x71,0xab,0x2f,0x60,0x9f,0xff,0x31,0x63,0xa3,0xff,0x31,0x63,0xa3,0xff,0x31,0x63,
    0xa3,0xff,0x31,0x63,0xa3,0xff,0x31,0x63,0xa3,0xff,0x30,0x65,0xa9,0xff,0x41,0x74,
    0xb6,0xff,0xc5,0xc5,0xc5,0xff,0xdb,0xdb,0xdb,0xff,0xdf,0xdf,0xdf,0xff,0xee,0xee,
    0xee,0xff,0xee,0xee,0xee,0xff,0xee,0xee,0xee,0xff,0xee,0xee,0xee,0xff,0xee,0xee,
    0xee,0xff,0xee,0xee,0xee,0xff,0xe2,0xe2,0xe2,0xff,0xdb,0xdb,0xdb,0xff,0xcc,0xcc,
    0xcc,0xff,0x5d,0x82,0xb0,0xff,0x2f,0x67,0xb0,0xff,0x31,0x63,0xa3,0xff,0x31,0x63,
    0xa3,0xff,0x31,0x63,0xa3,0xff,0x31,0x63,0xa3,0xff,0x31,0x63,0xa3,0xff,0x31,0x63,
    0xa3,0xff,0x25,0x49,0x7a,0xb0,0x00,0x00,0x00,0x00,0x00,0x00,0x00,0x00,0xc6,0xba,
    0x9d,0xab,0xe3,0xdc,0xcd,0xff,0xe7,0xe1,0xd3,0xff,0xe7,0xe1,0xd3,0xff,0xe7,0xe1,
    0xd3,0xff,0x9c,0xcd,0xa5,0xff,0x2b,0xaf,0x5f,0xff,0x2b,0xaf,0x5f,0xff,0x70,0xc1,
    0x89,0xff,0xde,0xd7,0xcb,0xff,0x64,0x4d,0x58,0xff,0x55,0x3c,0x4a,0xff,0x55,0x3c,
    0x4a,0xff,0x55,0x3c,0x4a,0xff,0x55,0x3c,0x4a,0xff,0x55,0x3c,0x4a,0xff,0x55,0x3c,
    0x4a,0xff,0x55,0x3c,0x4a,0xff,0x55,0x3c,0x4a,0xff,0x57,0x3e,0x4b,0xff,0xc7,0xbd,
    0xb5,0xff,0xa3,0xd7,0xad,0xff,0x37,0xc9,0x71,0xff,0x37,0xc9,0x71,0xff,0x6a,0xcf,
    0x8d,0xff,0xe7,0xe1,0xd3,0xff,0xe7,0xe1,0xd3,0xff,0xe7,0xe1,0xd3,0xff,0xe7,0xe1,
    0xd3,0xff,0xcd,0xc3,0xa9,0xbd,0x00,0x00,0x00,0x00,0x00,0x00,0x00,0x00,0xc6,0xba,
    0x9c,0x71,0xdb,0xd2,0xbe,0xff,0xe7,0xe1,0xd3,0xff,0xe7,0xe1,0xd3,0xff,0xe7,0xe1,
    0xd3,0xff,0xdc,0xde,0xcc,0xff,0x36,0xb2,0x66,0xff,0x2b,0xaf,0x5f,0xff,0x2c,0xaf,
    0x5f,0xff,0xb1,0xd2,0xb1,0xff,0xcc,0xc3,0xba,0xff,0x6a,0x53,0x5d,0xff,0x55,0x3c,
    0x4a,0xff,0x55,0x3c,0x4a,0xff,0x55,0x3c,0x4a,0xff,0x55,0x3c,0x4a,0xff,0x55,0x3c,
    0x4a,0xff,0x55,0x3c,0x4a,0xff,0x58,0x3f,0x4c,0xff,0xb3,0xa6,0xa2,0xff,0xd3,0xde,
    0xc7,0xff,0x45,0xca,0x79,0xff,0x37,0xc9,0x71,0xff,0x37,0xc9,0x71,0xff,0xb3,0xda,
    0xb6,0xff,0xe7,0xe1,0xd3,0xff,0xe7,0xe1,0xd3,0xff,0xe7,0xe1,0xd3,0xff,0xe5,0xde,
    0xcf,0xff,0xc7,0xbb,0x9e,0x8c,0x00,0x00,0x00,0x00,0x00,0x00,0x00,0x00,0xc6,0xba,
    0x9d,0xab,0xe3,0xdc,0xcd,0xff,0xe7,0xe1,0xd3,0xff,0xe7,0xe1,0xd3,0xff,0xe7,0xe1,
    0xd3,0xff,0x8b,0xd1,0xda,0xff,0x00,0xb9,0xe7,0xff,0x00,0xb9,0xe7,0xff,0x54,0xc7,
    0xdf,0xff,0xde,0xd7,0xcb,0xff,0x64,0x4d,0x58,0xff,0x55,0x3c,0x4a,0xff,0x55,0x3c,
    0x4a,0xff,0x55,0x3c,0x4a,0xff,0x55,0x3c,0x4a,0xff,0x55,0x3c,0x4a,0xff,0x55,0x3c,
    0x4a,0xff,0x55,0x3c,0x4a,0xff,0x55,0x3c,0x4a,0xff,0x57,0x3e,0x4b,0xff,0xc7,0xbd,
    0xb5,0xff,0x8e,0xd8,0xe3,0xff,0x00,0xcc,0xff,0xff,0x00,0xcc,0xff,0xff,0x43,0xd1,
    0xf2,0xff,0xe7,0xe1,0xd3,0xff,0xe7,0xe1,0xd3,0xff,0xe7,0xe1,0xd3,0xff,0xe7,0xe1,
    0xd3,0xff,0xcd,0xc3,0xa9,0xbd,0x00,0x00,0x00,0x00,0x00,0x00,0x00,0x00,0xb3,0x83,
    0x17,0x86,0xeb,0xb2,0x31,0xff,0xe3,0xc6,0x82,0xff,0xd7,0xce,0xb9,0xff,0xe4,0xdd,
    0xce,0xff,0xe7,0xe1,0xd3,0xff,0xe7,0xe1,0xd3,0xff,0xe7,0xe1,0xd3,0xff,0xe7,0xe1,
    0xd3,0xff,0xe7,0xe1,0xd3,0xff,0xdd,0xd7,0xc0,0xff,0xe8,0xe6,0xdb,0xff,0xf4,0xcd,
    0x74,0xff,0xf5,0xbb,0x36,0xff,0xf5,0xbb,0x36,0xff,0xf5,0xbb,0x36,0xff,0xf5,0xbb,
    0x36,0xff,0xf5,0xbb,0x36,0xff,0xf0,0xef,0xed,0xff,0xdb,0xd6,0xbe,0xff,0xe7,0xe1,
    0xd3,0xff,0xe7,0xe1,0xd3,0xff,0xe7,0xe1,0xd3,0xff,0xe7,0xe1,0xd3,0xff,0xe7,0xe1,
    0xd3,0xff,0xe7,0xe1,0xd3,0xff,0xd9,0xd0,0xbc,0xff,0xd9,0xcc,0xae,0xff,0xf5,0xbb,
    0x36,0xff,0xc1,0x8f,0x1e,0xa4,0x00,0x00,0x00,0x00,0x00,0x00,0x00,0x00,0xc2,0xc2,
    0xc2,0x07,0xc8,0xc8,0xc8,0xc9,0xea,0xea,0xea,0xff,0xee,0xee,0xee,0xff,0xc6,0xb9,
    0x94,0xff,0xa1,0x88,0x3e,0xff,0x97,0x7f,0x39,0xff,0x87,0x72,0x33,0xff,0x87,0x72,
    0x33,0xff,0x95,0x8a,0x6b,0xff,0xd9,0xd9,0xd9,0xff,0xc3,0xbf,0xc1,0xff,0x77,0x64,
    0x6f,0xff,0x55,0x3c,0x4a,0xff,0x55,0x3c,0x4a,0xff,0x61,0x46,0x53,0xff,0x63,0x47,
    0x54,0xff,0x79,0x62,0x6d,0xff,0xbc,0xb5,0xb9,0xff,0xdb,0xdb,0xdb,0xff,0x9e,0x96,
    0x7f,0xff,0x87,0x72,0x33,0xff,0x87,0x72,0x33,0xff,0x93,0x7c,0x38,0xff,0xa1,0x88,
    0x3e,0xff,0xbc,0xad,0x7e,0xff,0xee,0xee,0xee,0xff,0xec,0xec,0xec,0xff,0xcc,0xcc,
    0xcc,0xe4,0xc0,0xc0,0xc0,0x11,0x00,0x00,0x00,0x00,0x00,0x00,0x00,0x00,0x00,0x00,
    0x00,0x00,0xc2,0xc2,0xc2,0x3a,0xd9,0xd9,0xd9,0xf3,0xee,0xee,0xee,0xff,0xe6,0xe4,
    0xdd,0xff,0xad,0x98,0x5a,0xff,0x9f,0x87,0x3d,0xff,0x8d,0x77,0x35,0xff,0x87,0x72,
    0x33,0xff,0xa0,0x99,0x83,0xff,0xdb,0xdb,0xdb,0xff,0xdd,0xdd,0xdd,0xff,0xd2,0xd0,
    0xd1,0xff,0xa2,0x97,0x9d,0xff,0x71,0x5d,0x68,0xff,0x75,0x5e,0x69,0xff,0xa2,0x95,
    0x9b,0xff,0xce,0xca,0xcc,0xff,0xdd,0xdd,0xdd,0xff,0xdb,0xdb,0xdb,0xff,0xab,0xa6,
    0x98,0xff,0x87,0x72,0x33,0xff,0x8b,0x75,0x34,0xff,0x9e,0x85,0x3c,0xff,0xa7,0x90,
    0x4c,0xff,0xe1,0xdd,0xd1,0xff,0xee,0xee,0xee,0xff,0xde,0xde,0xde,0xfc,0xc3,0xc3,
    0xc3,0x58,0x00,0x00,0x00,0x00,0x00,0x00,0x00,0x00,0x00,0x00,0x00,0x00,0x19,0x3a,
    0x6b,0x03,0x25,0x49,0x7a,0xe7,0x31,0x63,0xa3,0xff,0x31,0x63,0xa3,0xff,0x31,0x63,
    0xa3,0xff,0x31,0x63,0xa3,0xff,0x31,0x63,0xa3,0xff,0x31,0x63,0xa3,0xff,0x41,0x72,
    0xb1,0xff,0xc5,0xc5,0xc5,0xff,0xdb,0xdb,0xdb,0xff,0xdf,0xdf,0xdf,0xff,0xee,0xee,
    0xee,0xff,0xee,0xee,0xee,0xff,0xee,0xee,0xee,0xff,0xee,0xee,0xee,0xff,0xee,0xee,
    0xee,0xff,0xee,0xee,0xee,0xff,0xe2,0xe2,0xe2,0xff,0xdb,0xdb,0xdb,0xff,0xcc,0xcc,
    0xcc,0xff,0x5d,0x81,0xaf,0xff,0x30,0x63,0xa4,0xff,0x31,0x63,0xa3,0xff,0x31,0x63,
    0xa3,0xff,0x31,0x63,0xa3,0xff,0x31,0x63,0xa3,0xff,0x31,0x63,0xa3,0xff,0x29,0x51,
    0x86,0xff,0x20,0x41,0x6e,0x21,0x00,0x00,0x00,0x00,0x00,0x00,0x00,0x00,0x20,0x42,
    0x6e,0x3c,0x29,0x53,0x89,0xff,0x31,0x63,0xa3,0xff,0x31,0x63,0xa3,0xff,0x31,0x63,
    0xa3,0xff,0x31,0x63,0xa3,0xff,0x31,0x63,0xa3,0xff,0x30,0x63,0xa3,0xff,0x41,0x74,
    0xb5,0xff,0xc5,0xc5,0xc5,0xff,0xdb,0xdb,0xdb,0xff,0xdf,0xdf,0xdf,0xff,0xee,0xee,
    0xee,0xff,0xee,0xee,0xee,0xff,0xee,0xee,0xee,0xff,0xee,0xee,0xee,0xff,0xee,0xee,
    0xee,0xff,0xee,0xee,0xee,0xff,0xe2,0xe2,0xe2,0xff,0xdb,0xdb,0xdb,0xff,0xcc,0xcc,
    0xcc,0xff,0x5d,0x82,0xb0,0xff,0x30,0x65,0xa9,0xff,0x31,0x63,0xa3,0xff,0x31,0x63,
    0xa3,0xff,0x31,0x63,0xa3,0xff,0x31,0x63,0xa3,0xff,0x31,0x63,0xa3,0xff,0x2d,0x5b,
    0x96,0xff,0x22,0x43,0x6f,0x5d,0x00,0x00,0x00,0x00,0x00,0x00,0x00,0x00,0xc9,0xbd,
    0xa1,0xd6,0xe7,0xe1,0xd3,0xff,0xe7,0xe1,0xd3,0xff,0xe7,0xe1,0xd3,0xff,0xe7,0xe1,
    0xd3,0xff,0x68,0xbf,0x84,0xff,0x2b,0xaf,0x5f,0xff,0x2b,0xaf,0x5f,0xff,0xc2,0xd7,
    0xbc,0xff,0xa0,0x91,0x91,0xff,0x55,0x3c,0x4a,0xff,0x55,0x3c,0x4a,0xff,0x55,0x3c,
    0x4a,0xff,0x55,0x3c,0x4a,0xff,0x55,0x3c,0x4a,0xff,0x55,0x3c,0x4a,0xff,0x55,0x3c,
    0x4a,0xff,0x55,0x3c,0x4a,0xff,0x55,0x3c,0x4a,0xff,0x55,0x3c,0x4a,0xff,0x7c,0x68,
    0x6f,0xff,0xe3,0xe0,0xd0,0xff,0x44,0xca,0x78,0xff,0x37,0xc9,0x71,0xff,0x3b,0xc9,
    0x73,0xff,0xe2,0xe0,0xd0,0xff,0xe7,0xe1,0xd3,0xff,0xe7,0xe1,0xd3,0xff,0xe7,0xe1,
    0xd3,0xff,0xd1,0xc7,0xb0,0xe0,0x00,0x00,0x00,0x00,0x00,0x00,0x00,0x00,0xc6,0xba,
    0x9d,0xb3,0xe4,0xdd,0xce,0xff,0xe7,0xe1,0xd3,0xff,0xe7,0xe1,0xd3,0xff,0xe7,0xe1,
    0xd3,0xff,0x92,0xca,0x9e,0xff,0x2b,0xaf,0x5f,0xff,0x2b,0xaf,0x5f,0xff,0x7f,0xc5,
    0x92,0xff,0xd4,0xcc,0xc1,0xff,0x60,0x48,0x54,0xff,0x55,0x3c,0x4a,0xff,0x55,0x3c,
    0x4a,0xff,0x55,0x3c,0x4a,0xff,0x55,0x3c,0x4a,0xff,0x55,0x3c,0x4a,0xff,0x55,0x3c,
    0x4a,0xff,0x55,0x3c,0x4a,0xff,0x55,0x3c,0x4a,0xff,0x56,0x3d,0x4b,0xff,0xb9,0xae,
    0xa8,0xff,0xb1,0xd9,0xb5,0xff,0x37,0xc9,0x71,0xff,0x37,0xc9,0x71,0xff,0x61,0xce,
    0x88,0xff,0xe7,0xe1,0xd3,0xff,0xe7,0xe1,0xd3,0xff,0xe7,0xe1,0xd3,0xff,0xe7,0xe1,
    0xd3,0xff,0xce,0xc4,0xaa,0xc4,0x00,0x00,0x00,0x00,0x00,0x00,0x00,0x00,0xc9,0xbd,
    0xa1,0xd6,0xe7,0xe1,0xd3,0xff,0xe7,0xe1,0xd3,0xff,0xe7,0xe1,0xd3,0xff,0xe7,0xe1,
    0xd3,0xff,0x4b,0xc6,0xe0,0xff,0x00,0xb9,0xe7,0xff,0x00,0xb9,0xe7,0xff,0xba,0xd9,
    0xd6,0xff,0xa0,0x91,0x91,0xff,0x55,0x3c,0x4a,0xff,0x55,0x3c,0x4a,0xff,0x55,0x3c,
    0x4a,0xff,0x55,0x3c,0x4a,0xff,0x55,0x3c,0x4a,0xff,0x55,0x3c,0x4a,0xff,0x55,0x3c,
    0x4a,0xff,0x55,0x3c,0x4a,0xff,0x55,0x3c,0x4a,0xff,0x55,0x3c,0x4a,0xff,0x7c,0x68,
    0x6f,0xff,0xe2,0xe0,0xd3,0xff,0x11,0xcd,0xfb,0xff,0x00,0xcc,0xff,0xff,0x06,0xcc,
    0xfd,0xff,0xe0,0xe0,0xd4,0xff,0xe7,0xe1,0xd3,0xff,0xe7,0xe1,0xd3,0xff,0xe7,0xe1,
    0xd3,0xff,0xd1,0xc7,0xb0,0xe0,0x00,0x00,0x00,0x00,0x00,0x00,0x00,0x00,0xb3,0x83,
    0x17,0xa1,0xf2,0xb8,0x34,0xff,0xe3,0xc6,0x82,0xff,0xd7,0xce,0xb9,0xff,0xe4,0xdd,
    0xce,0xff,0xe7,0xe1,0xd3,0xff,0xe7,0xe1,0xd3,0xff,0xe7,0xe1,0xd3,0xff,0xe7,0xe1,
    0xd3,0xff,0xe7,0xe1,0xd3,0xff,0xdd,0xd7,0xc0,0xff,0xe8,0xe6,0xdb,0xff,0xe6,0xc2,
    0x76,0xff,0xbf,0x90,0x3c,0xff,0xbf,0x90,0x3c,0xff,0xbf,0x90,0x3c,0xff,0xbf,0x90,
    0x3c,0xff,0xd5,0xa2,0x39,0xff,0xef,0xef,0xed,0xff,0xdb,0xd6,0xbe,0xff,0xe7,0xe1,
    0xd3,0xff,0xe7,0xe1,0xd3,0xff,0xe7,0xe1,0xd3,0xff,0xe7,0xe1,0xd3,0xff,0xe7,0xe1,
    0xd3,0xff,0xe7,0xe1,0xd3,0xff,0xd9,0xd0,0xbc,0xff,0xd9,0xcc,0xae,0xff,0xf5,0xbb,
    0x36,0xff,0xc6,0x94,0x20,0xb8,0x00,0x00,0x00,0x00,0x00,0x00,0x00,0x00,0xc8,0xc8,
    0xc8,0xb0,0xe6,0xe6,0xe6,0xff,0xee,0xee,0xee,0xff,0xd0,0xc7,0xab,0xff,0xa1,0x89,
    0x40,0xff,0x9a,0x82,0x3b,0xff,0x88,0x73,0x33,0xff,0x87,0x72,0x33,0xff,0x87,0x72,
    0x33,0xff,0x8e,0x7f,0x53,0xff,0xca,0xca,0xca,0xff,0xb9,0xb3,0xb6,0xff,0x55,0x3c,
    0x4a,0xff,0x55,0x3c,0x4a,0xff,0x55,0x3c,0x4a,0xff,0x61,0x46,0x53,0xff,0x63,0x47,
    0x54,0xff,0x63,0x47,0x54,0xff,0xac,0xa1,0xa6,0xff,0xd3,0xd3,0xd3,0xff,0x91,0x85,
    0x61,0xff,0x87,0x72,0x33,0xff,0x87,0x72,0x33,0xff,0x87,0x72,0x33,0xff,0x97,0x80,
    0x3a,0xff,0xa1,0x88,0x3e,0xff,0xc5,0xb8,0x91,0xff,0xed,0xed,0xed,0xff,0xea,0xea,
    0xea,0xff,0xcb,0xcb,0xcb,0xa6,0x00,0x00,0x00,0x00,0x00,0x00,0x00,0x00,0xc2,0xc2,
    0xc2,0x42,0xd5,0xd5,0xd5,0xf3,0xed,0xed,0xed,0xff,0xe9,0xe8,0xe4,0xff,0xb0,0x9c,
    0x61,0xff,0xa0,0x87,0x3d,0xff,0x8e,0x78,0x36,0xff,0x87,0x72,0x33,0xff,0x87,0x72,
    0x33,0xff,0x91,0x85,0x60,0xff,0xd3,0xd3,0xd3,0xff,0xb4,0xad,0xb1,0xff,0x57,0x3e,
    0x4c,0xff,0x55,0x3c,0x4a,0xff,0x55,0x3c,0x4a,0xff,0x61,0x46,0x53,0xff,0x63,0x47,
    0x54,0xff,0x63,0x47,0x54,0xff,0xa9,0x9d,0xa2,0xff,0xd9,0xd9,0xd9,0xff,0x97,0x8e,
    0x71,0xff,0x87,0x72,0x33,0xff,0x87,0x72,0x33,0xff,0x8c,0x76,0x35,0xff,0x9f,0x86,
    0x3d,0xff,0xaa,0x94,0x54,0xff,0xe4,0xe1,0xd8,0xff,0xee,0xee,0xee,0xff,0xdb,0xdb,
    0xdb,0xfc,0xc3,0xc3,0xc3,0x4a,0x00,0x00,0x00,0x00,0x00,0x00,0x00,0x00,0x00,0x00,
    0x00,0x00,0x22,0x43,0x6f,0x8d,0x2e,0x5d,0x99,0xff,0x31,0x63,0xa3,0xff,0x31,0x63,
    0xa3,0xff,0x31,0x63,0xa3,0xff,0x31,0x63,0xa3,0xff,0x31,0x63,0xa3,0xff,0x42,0x70,
    0xab,0xff,0xc5,0xc5,0xc5,0xff,0xdb,0xdb,0xdb,0xff,0xdf,0xdf,0xdf,0xff,0xee,0xee,
    0xee,0xff,0xee,0xee,0xee,0xff,0xee,0xee,0xee,0xff,0xee,0xee,0xee,0xff,0xee,0xee,
    0xee,0xff,0xee,0xee,0xee,0xff,0xe2,0xe2,0xe2,0xff,0xdb,0xdb,0xdb,0xff,0xcc,0xcc,
    0xcc,0xff,0x5e,0x80,0xab,0xff,0x31,0x63,0xa3,0xff,0x31,0x63,0xa3,0xff,0x31,0x63,
    0xa3,0xff,0x31,0x63,0xa3,0xff,0x31,0x63,0xa3,0xff,0x30,0x62,0xa1,0xff,0x23,0x46,
    0x74,0xcd,0x00,0x00,0x00,0x00,0x00,0x00,0x00,0x00,0x00,0x00,0x00,0x00,0x00,0x00,
    0x00,0x00,0x23,0x46,0x74,0xcd,0x30,0x62,0xa1,0xff,0x31,0x63,0xa3,0xff,0x31,0x63,
    0xa3,0xff,0x31,0x63,0xa3,0xff,0x31,0x63,0xa3,0xff,0x31,0x63,0xa3,0xff,0x41,0x71,
    0xaf,0xff,0xc5,0xc5,0xc5,0xff,0xdb,0xdb,0xdb,0xff,0xdf,0xdf,0xdf,0xff,0xee,0xee,
    0xee,0xff,0xee,0xee,0xee,0xff,0xee,0xee,0xee,0xff,0xee,0xee,0xee,0xff,0xee,0xee,
    0xee,0xff,0xee,0xee,0xee,0xff,0xe2,0xe2,0xe2,0xff,0xdb,0xdb,0xdb,0xff,0xcc,0xcc,
    0xcc,0xff,0x5d,0x81,0xae,0xff,0x30,0x63,0xa3,0xff,0x31,0x63,0xa3,0xff,0x31,0x63,
    0xa3,0xff,0x31,0x63,0xa3,0xff,0x31,0x63,0xa3,0xff,0x31,0x63,0xa3,0xff,0x27,0x4d,
    0x7f,0xf9,0x1e,0x40,0x6d,0x0e,0x00,0x00,0x00,0x00,0x00,0x00,0x00,0x00,0xcc,0xc1,
    0xa6,0xe9,0xe7,0xe1,0xd3,0xff,0xe7,0xe1,0xd3,0xff,0xe7,0xe1,0xd3,0xff,0xe7,0xe1,
    0xd3,0xff,0x4a,0xb7,0x72,0xff,0x2b,0xaf,0x5f,0xff,0x34,0xb1,0x64,0xff,0xe7,0xe1,
    0xd3,0xff,0x75,0x60,0x68,0xff,0x55,0x3c,0x4a,0xff,0x55,0x3c,0x4a,0xff,0x55,0x3c,
    0x4a,0xff,0x55,0x3c,0x4a,0xff,0x55,0x3c,0x4a,0xff,0x55,0x3c,0x4a,0xff,0x55,0x3c,
    0x4a,0xff,0x55,0x3c,0x4a,0xff,0x55,0x3c,0x4a,0xff,0x55,0x3c,0x4a,0xff,0x57,0x3e,
    0x4b,0xff,0xe0,0xda,0xcd,0xff,0x6b,0xd0,0x8e,0xff,0x37,0xc9,0x71,0xff,0x37,0xc9,
    0x71,0xff,0xc9,0xdd,0xc2,0xff,0xe7,0xe1,0xd3,0xff,0xe7,0xe1,0xd3,0xff,0xe7,0xe1,
    0xd3,0xff,0xd3,0xca,0xb3,0xf5,0x00,0x00,0x00,0x00,0x00,0x00,0x00,0x00,0xca,0xbf,
    0xa4,0xe0,0xe7,0xe1,0xd3,0xff,0xe7,0xe1,0xd3,0xff,0xe7,0xe1,0xd3,0xff,0xe7,0xe1,
    0xd3,0xff,0x5c,0xbc,0x7d,0xff,0x2b,0xaf,0x5f,0xff,0x2b,0xaf,0x5f,0xff,0xd6,0xdc,
    0xc8,0xff,0x8e,0x7d,0x80,0xff,0x55,0x3c,0x4a,0xff,0x55,0x3c,0x4a,0xff,0x55,0x3c,
    0x4a,0xff,0x55,0x3c,0x4a,0xff,0x55,0x3c,0x4a,0xff,0x55,0x3c,0x4a,0xff,0x55,0x3c,
    0x4a,0xff,0x55,0x3c,0x4a,0xff,0x55,0x3c,0x4a,0xff,0x55,0x3c,0x4a,0xff,0x6a,0x53,
    0x5d,0xff,0xe7,0xe1,0xd3,0xff,0x53,0xcc,0x80,0xff,0x37,0xc9,0x71,0xff,0x37,0xc9,
    0x71,0xff,0xda,0xdf,0xcc,0xff,0xe7,0xe1,0xd3,0xff,0xe7,0xe1,0xd3,0xff,0xe7,0xe1,
    0xd3,0xff,0xd2,0xc8,0xb1,0xe8,0x00,0x00,0x00,0x00,0x00,0x00,0x00,0x00,0xcc,0xc1,
    0xa6,0xe9,0xe7,0xe1,0xd3,0xff,0xe7,0xe1,0xd3,0xff,0xe7,0xe1,0xd3,0xff,0xe7,0xe1,
    0xd3,0xff,0x26,0xbf,0xe3,0xff,0x00,0xb9,0xe7,0xff,0x0b,0xba,0xe6,0xff,0xe7,0xe1,
    0xd3,0xff,0x75,0x60,0x68,0xff,0x55,0x3c,0x4a,0xff,0x55,0x3c,0x4a,0xff,0x55,0x3c,
    0x4a,0xff,0x55,0x3c,0x4a,0xff,0x55,0x3c,0x4a,0xff,0x55,0x3c,0x4a,0xff,0x55,0x3c,
    0x4a,0xff,0x55,0x3c,0x4a,0xff,0x55,0x3c,0x4a,0xff,0x55,0x3c,0x4a,0xff,0x57,0x3e,
    0x4b,0xff,0xe0,0xda,0xcd,0xff,0x44,0xd2,0xf1,0xff,0x00,0xcc,0xff,0xff,0x00,0xcc,
    0xff,0xff,0xc0,0xdd,0xda,0xff,0xe7,0xe1,0xd3,0xff,0xe7,0xe1,0xd3,0xff,0xe7,0xe1,
    0xd3,0xff,0xd3,0xca,0xb3,0xf5,0x00,0x00,0x00,0x00,0x00,0x00,0x00,0x00,0xb9,0x87,
    0x1a,0xbd,0xf5,0xbb,0x36,0xff,0xe2,0xc4,0x81,0xff,0xc2,0xbb,0xa4,0xff,0xbf,0xba,
    0xa4,0xf7,0xde,0xd8,0xc8,0xff,0xe7,0xe1,0xd3,0xff,0xe7,0xe1,0xd3,0xff,0xe7,0xe1,
    0xd3,0xff,0xe7,0xe1,0xd3,0xff,0xde,0xd9,0xc3,0xff,0xe5,0xe2,0xd5,0xff,0xdd,0xc0,
    0x89,0xff,0x55,0x3c,0x4a,0xff,0x55,0x3c,0x4a,0xff,0x55,0x3c,0x4a,0xff,0x55,0x3c,
    0x4a,0xff,0xa3,0x7f,0x52,0xff,0xed,0xec,0xe6,0xff,0xdc,0xd7,0xc0,0xff,0xe7,0xe1,
    0xd3,0xff,0xe7,0xe1,0xd3,0xff,0xe7,0xe1,0xd3,0xff,0xe7,0xe1,0xd3,0xff,0xe4,0xde,
    0xd0,0xff,0xc9,0xc4,0xb0,0xff,0xbd,0xb6,0x9e,0xf9,0xd4,0xc8,0xa9,0xff,0xf5,0xbb,
    0x36,0xff,0xcb,0x97,0x22,0xcd,0x00,0x00,0x00,0x00,0x00,0x00,0x00,0x00,0xca,0xca,
    0xca,0xdd,0xee,0xee,0xee,0xff,0xd8,0xd1,0xbc,0xff,0xa1,0x88,0x3e,0xff,0xa1,0x88,
    0x3e,0xff,0x97,0x7f,0x39,0xff,0x87,0x72,0x33,0xff,0x87,0x72,0x33,0xff,0x87,0x72,
    0x33,0xff,0x88,0x75,0x3b,0xff,0xb9,0xb9,0xb9,0xff,0xd5,0xd4,0xd4,0xff,0x56,0x3e,
    0x4c,0xff,0x55,0x3c,0x4a,0xff,0x55,0x3c,0x4a,0xff,0x61,0x46,0x53,0xff,0x63,0x47,
    0x54,0xff,0x63,0x47,0x54,0xff,0xc6,0xc1,0xc3,0xff,0xc2,0xc2,0xc2,0xff,0x8c,0x7b,
    0x49,0xff,0x87,0x72,0x33,0xff,0x87,0x72,0x33,0xff,0x87,0x72,0x33,0xff,0x93,0x7c,
    0x38,0xff,0xa1,0x88,0x3e,0xff,0xa1,0x88,0x3e,0xff,0xce,0xc4,0xa6,0xff,0xee,0xee,
    0xee,0xff,0xd0,0xd0,0xd0,0xc5,0x00,0x00,0x00,0x00,0x00,0x00,0x00,0x00,0xcb,0xcb,
    0xcb,0xe8,0xed,0xed,0xed,0xff,0xe7,0xe5,0xde,0xff,0xae,0x99,0x5c,0xff,0xa1,0x88,
    0x3e,0xff,0x95,0x7e,0x39,0xff,0x87,0x72,0x33,0xff,0x87,0x72,0x33,0xff,0x87,0x72,
    0x33,0xff,0x8b,0x79,0x45,0xff,0xc0,0xc0,0xc0,0xff,0xca,0xc7,0xc8,0xff,0x55,0x3c,
    0x4a,0xff,0x55,0x3c,0x4a,0xff,0x55,0x3c,0x4a,0xff,0x61,0x46,0x53,0xff,0x63,0x47,
    0x54,0xff,0x63,0x47,0x54,0xff,0xbb,0xb3,0xb7,0xff,0xca,0xca,0xca,0xff,0x8e,0x7f,
    0x53,0xff,0x87,0x72,0x33,0xff,0x87,0x72,0x33,0xff,0x87,0x72,0x33,0xff,0x91,0x7a,
    0x37,0xff,0xa1,0x88,0x3e,0xff,0xa8,0x91,0x4e,0xff,0xe2,0xde,0xd3,0xff,0xee,0xee,
    0xee,0xff,0xd0,0xd0,0xd0,0xd0,0x00,0x00,0x00,0x00,0x00,0x00,0x00,0x00,0x00,0x00,
    0x00,0x00,0x20,0x41,0x6e,0x2c,0x29,0x51,0x86,0xff,0x31,0x63,0xa3,0xff,0x31,0x63,
    0xa3,0xff,0x31,0x63,0xa3,0xff,0x31,0x63,0xa3,0xff,0x30,0x64,0xa7,0xff,0x3b,0x70,
    0xb4,0xff,0xc2,0xc2,0xc2,0xff,0xdb,0xdb,0xdb,0xff,0xdf,0xdf,0xdf,0xff,0xc9,0xc3,
    0xc7,0xff,0xae,0xa3,0xa9,0xff,0xae,0xa3,0xa9,0xff,0xae,0xa3,0xa9,0xff,0xae,0xa3,
    0xa9,0xff,0xba,0xb2,0xb7,0xff,0xe1,0xe1,0xe1,0xff,0xdb,0xdb,0xdb,0xff,0xc8,0xc8,
    0xc8,0xff,0x59,0x7f,0xb0,0xff,0x2f,0x66,0xab,0xff,0x31,0x63,0xa3,0xff,0x31,0x63,
    0xa3,0xff,0x31,0x63,0xa3,0xff,0x31,0x63,0xa3,0xff,0x2c,0x59,0x93,0xff,0x21,0x42,
    0x6f,0x6b,0x00,0x00,0x00,0x00,0x00,0x00,0x00,0x00,0x00,0x00,0x00,0x00,0x00,0x00,
    0x00,0x00,0x21,0x42,0x6f,0x5c,0x2b,0x57,0x8f,0xff,0x31,0x63,0xa3,0xff,0x31,0x63,
    0xa3,0xff,0x31,0x63,0xa3,0xff,0x31,0x63,0xa3,0xff,0x30,0x63,0xa3,0xff,0x41,0x71,
    0xae,0xff,0xc5,0xc5,0xc5,0xff,0xdb,0xdb,0xdb,0xff,0xdf,0xdf,0xdf,0xff,0xee,0xee,
    0xee,0xff,0xe4,0xe2,0xe3,0xff,0xe4,0xe2,0xe3,0xff,0xe4,0xe2,0xe3,0xff,0xe4,0xe2,
    0xe3,0xff,0xeb,0xeb,0xeb,0xff,0xe2,0xe2,0xe2,0xff,0xdb,0xdb,0xdb,0xff,0xcc,0xcc,
    0xcc,0xff,0x5d,0x80,0xac,0xff,0x30,0x63,0xa4,0xff,0x31,0x63,0xa3,0xff,0x31,0x63,
    0xa3,0xff,0x31,0x63,0xa3,0xff,0x31,0x63,0xa3,0xff,0x2e,0x5e,0x9b,0xff,0x22,0x44,
    0x70,0x9c,0x00,0x00,0x00,0x00,0x00,0x00,0x00,0x00,0x00,0x00,0x00,0x00,0xcf,0xc4,
    0xab,0xff,0xe7,0xe1,0xd3,0xff,0xee,0xea,0xe1,0xff,0xed,0xe9,0xe0,0xff,0xe7,0xe1,
    0xd3,0xff,0x3c,0xb7,0x6b,0xff,0x2d,0xb3,0x62,0xff,0x4c,0xba,0x74,0xff,0xe7,0xe1,
    0xd3,0xff,0x61,0x49,0x55,0xff,0x55,0x3c,0x4a,0xff,0x55,0x3c,0x4a,0xff,0x55,0x3c,
    0x4a,0xff,0x55,0x3c,0x4a,0xff,0x55,0x3c,0x4a,0xff,0x55,0x3c,0x4a,0xff,0x55,0x3c,
    0x4a,0xff,0x55,0x3c,0x4a,0xff,0x55,0x3c,0x4a,0xff,0x55,0x3c,0x4a,0xff,0x55,0x3c,
    0x4a,0xff,0xce,0xc5,0xbc,0xff,0x7f,0xd0,0x97,0xff,0x35,0xc4,0x6e,0xff,0x35,0xc4,
    0x6e,0xff,0xba,0xd9,0xb9,0xff,0xea,0xe5,0xd9,0xff,0xf1,0xef,0xe7,0xff,0xe7,0xe1,
    0xd3,0xff,0xd5,0xcb,0xb5,0xff,0x00,0x00,0x00,0x00,0x00,0x00,0x00,0x00,0xcd,0xc2,
    0xa8,0xf0,0xe7,0xe1,0xd3,0xff,0xe8,0xe2,0xd5,0xff,0xe7,0xe2,0xd4,0xff,0xe7,0xe1,
    0xd3,0xff,0x42,0xb5,0x6d,0xff,0x2b,0xaf,0x5f,0xff,0x3e,0xb4,0x6b,0xff,0xe7,0xe1,
    0xd3,0xff,0x6b,0x55,0x5e,0xff,0x55,0x3c,0x4a,0xff,0x55,0x3c,0x4a,0xff,0x55,0x3c,
    0x4a,0xff,0x55,0x3c,0x4a,0xff,0x55,0x3c,0x4a,0xff,0x55,0x3c,0x4a,0xff,0x55,0x3c,
    0x4a,0xff,0x55,0x3c,0x4a,0xff,0x55,0x3c,0x4a,0xff,0x55,0x3c,0x4a,0xff,0x55,0x3c,
    0x4a,0xff,0xd8,0xd0,0xc5,0xff,0x75,0xd1,0x93,0xff,0x37,0xc9,0x71,0xff,0x37,0xc9,
    0x71,0xff,0xc2,0xdc,0xbe,0xff,0xe7,0xe1,0xd3,0xff,0xe8,0xe3,0xd6,0xff,0xe7,0xe1,
    0xd3,0xff,0xd4,0xca,0xb4,0xfb,0x00,0x00,0x00,0x00,0x00,0x00,0x00,0x00,0xcf,0xc4,
    0xab,0xff,0xe7,0xe1,0xd3,0xff,0xee,0xea,0xe1,0xff,0xed,0xe9,0xe0,0xff,0xe7,0xe1,
    0xd3,0xff,0x13,0xbf,0xe9,0xff,0x00,0xbc,0xeb,0xff,0x26,0xc2,0xe7,0xff,0xe7,0xe1,
    0xd3,0xff,0x61,0x49,0x55,0xff,0x55,0x3c,0x4a,0xff,0x55,0x3c,0x4a,0xff,0x55,0x3c,
    0x4a,0xff,0x55,0x3c,0x4a,0xff,0x55,0x3c,0x4a,0xff,0x55,0x3c,0x4a,0xff,0x55,0x3c,
    0x4a,0xff,0x55,0x3c,0x4a,0xff,0x55,0x3c,0x4a,0xff,0x55,0x3c,0x4a,0xff,0x55,0x3c,
    0x4a,0xff,0xce,0xc5,0xbc,0xff,0x60,0xd2,0xea,0xff,0x00,0xc8,0xfb,0xff,0x00,0xc8,
    0xfb,0xff,0xad,0xda,0xdd,0xff,0xea,0xe5,0xd9,0xff,0xf1,0xef,0xe7,0xff,0xe7,0xe1,
    0xd3,0xff,0xd5,0xcb,0xb5,0xff,0x00,0x00,0x00,0x00,0x00,0x00,0x00,0x00,0xc2,0x90,
    0x1e,0xdf,0xf1,0xb8,0x34,0xff,0xbe,0x95,0x36,0xd7,0xab,0xa6,0x8c,0x33,0xa8,0xa6,
    0x8b,0x13,0xae,0xa9,0x8f,0x78,0xc5,0xc0,0xab,0xe9,0xdf,0xda,0xca,0xff,0xe7,0xe1,
    0xd3,0xff,0xe7,0xe1,0xd3,0xff,0xe0,0xda,0xc6,0xff,0xe1,0xde,0xcd,0xff,0xef,0xd6,
    0x9d,0xff,0x57,0x3d,0x49,0xff,0x55,0x3c,0x4a,0xff,0x55,0x3c,0x4a,0xff,0x55,0x3c,
    0x4a,0xff,0xb5,0x94,0x65,0xff,0xe9,0xe7,0xde,0xff,0xde,0xd9,0xc3,0xff,0xe7,0xe1,
    0xd3,0xff,0xe7,0xe1,0xd3,0xff,0xe4,0xde,0xd0,0xff,0xcc,0xc7,0xb3,0xf9,0xb3,0xae,
    0x95,0x9f,0xaa,0xa7,0x8c,0x32,0xaa,0xa5,0x8a,0x1b,0xb1,0x95,0x50,0xa1,0xe5,0xad,
    0x2e,0xff,0xd0,0x9c,0x25,0xe7,0x00,0x00,0x00,0x00,0x00,0x00,0x00,0x00,0xc3,0xc3,
    0xc3,0x83,0xe5,0xe5,0xe5,0xff,0xc2,0xb4,0x8b,0xff,0xa1,0x88,0x3e,0xff,0xa1,0x88,
    0x3e,0xff,0x9f,0x86,0x3d,0xff,0x87,0x72,0x33,0xff,0x87,0x72,0x33,0xff,0x87,0x72,
    0x33,0xff,0x87,0x72,0x33,0xff,0xa3,0x9f,0x95,0xff,0xdb,0xdb,0xdb,0xff,0x76,0x63,
    0x6e,0xff,0x55,0x3c,0x4a,0xff,0x55,0x3c,0x4a,0xff,0x61,0x46,0x53,0xff,0x63,0x47,
    0x54,0xff,0x6c,0x52,0x5e,0xff,0xd9,0xd9,0xd9,0xff,0xb0,0xaf,0xad,0xff,0x87,0x73,
    0x35,0xff,0x87,0x72,0x33,0xff,0x87,0x72,0x33,0xff,0x87,0x72,0x33,0xff,0x9c,0x84,
    0x3c,0xff,0xa1,0x88,0x3e,0xff,0xa1,0x88,0x3e,0xff,0xb9,0xa8,0x75,0xff,0xeb,0xeb,
    0xeb,0xff,0xc5,0xc5,0xc5,0x82,0x00,0x00,0x00,0x00,0x00,0x00,0x00,0x00,0xc4,0xc4,
    0xc4,0xa9,0xeb,0xeb,0xeb,0xff,0xc0,0xb2,0x87,0xff,0xa1,0x88,0x3e,0xff,0xa1,0x88,
    0x3e,0xff,0x9c,0x84,0x3c,0xff,0x87,0x72,0x33,0xff,0x87,0x72,0x33,0xff,0x87,0x72,
    0x33,0xff,0x87,0x72,0x33,0xff,0xad,0xac,0xa8,0xff,0xdb,0xdb,0xdb,0xff,0x65,0x4f,
    0x5c,0xff,0x55,0x3c,0x4a,0xff,0x55,0x3c,0x4a,0xff,0x61,0x46,0x53,0xff,0x63,0x47,
    0x54,0xff,0x63,0x48,0x54,0xff,0xd4,0xd3,0xd3,0xff,0xb9,0xb9,0xb9,0xff,0x89,0x75,
    0x3c,0xff,0x87,0x72,0x33,0xff,0x87,0x72,0x33,0xff,0x87,0x72,0x33,0xff,0x98,0x80,
    0x3a,0xff,0xa1,0x88,0x3e,0xff,0xa1,0x88,0x3e,0xff,0xb7,0xa5,0x71,0xff,0xee,0xee,
    0xee,0xff,0xc9,0xc9,0xc9,0x9f,0x00,0x00,0x00,0x00,0x00,0x00,0x00,0x00,0x00,0x00,
    0x00,0x00,0x00,0x00,0x00,0x00,0x23,0x46,0x74,0xcd,0x30,0x62,0xa1,0xff,0x31,0x63,
    0xa3,0xff,0x31,0x63,0xa3,0xff,0x2f,0x65,0xaa,0xff,0x2e,0x6b,0xba,0xff,0x2e,0x6c,
    0xbb,0xff,0x9b,0xa7,0xb6,0xff,0xdb,0xdb,0xdb,0xff,0xcb,0xc8,0xca,0xff,0x58,0x3f,
    0x4d,0xff,0x55,0x3c,0x4a,0xff,0x55,0x3c,0x4a,0xff,0x55,0x3c,0x4a,0xff,0x55,0x3c,
    0x4a,0xff,0x55,0x3c,0x4a,0xff,0xae,0xa6,0xaa,0xff,0xdb,0xdb,0xdb,0xff,0xad,0xaf,
    0xb2,0xff,0x36,0x70,0xb9,0xff,0x2e,0x6c,0xbb,0xff,0x2f,0x67,0xaf,0xff,0x30,0x63,
    0xa3,0xff,0x31,0x63,0xa3,0xff,0x31,0x63,0xa3,0xff,0x27,0x4d,0x7f,0xf9,0x1e,0x40,
    0x6d,0x13,0x00,0x00,0x00,0x00,0x00,0x00,0x00,0x00,0x00,0x00,0x00,0x00,0x00,0x00,
    0x00,0x00,0x19,0x3a,0x6b,0x03,0x25,0x49,0x7a,0xe7,0x31,0x63,0xa3,0xff,0x31,0x63,
    0xa3,0xff,0x31,0x63,0xa3,0xff,0x30,0x63,0xa5,0xff,0x2e,0x69,0xb5,0xff,0x2f,0x6c,
    0xba,0xff,0xaa,0xb1,0xb9,0xff,0xdb,0xdb,0xdb,0xff,0xd8,0xd7,0xd7,0xff,0x66,0x50,
    0x5d,0xff,0x55,0x3c,0x4a,0xff,0x55,0x3c,0x4a,0xff,0x55,0x3c,0x4a,0xff,0x55,0x3c,
    0x4a,0xff,0x58,0x3f,0x4d,0xff,0xc2,0xbd,0xc0,0xff,0xdb,0xdb,0xdb,0xff,0xb8,0xb8,
    0xb9,0xff,0x41,0x74,0xb6,0xff,0x2e,0x6b,0xb8,0xff,0x30,0x64,0xa8,0xff,0x31,0x63,
    0xa3,0xff,0x31,0x63,0xa3,0xff,0x31,0x63,0xa3,0xff,0x29,0x51,0x86,0xff,0x20,0x41,
    0x6e,0x2c,0x00,0x00,0x00,0x00,0x00,0x00,0x00,0x00,0x00,0x00,0x00,0x00,0xcf,0xc4,
    0xab,0xff,0xe7,0xe1,0xd3,0xff,0xea,0xe6,0xdb,0xff,0xea,0xe5,0xd9,0xff,0xe7,0xe1,
    0xd3,0xff,0x46,0xcb,0x79,0xff,0x37,0xc9,0x71,0xff,0x50,0xcc,0x7f,0xff,0xe7,0xe1,
    0xd3,0xff,0x65,0x4e,0x59,0xff,0x55,0x3c,0x4a,0xff,0x55,0x3c,0x4a,0xff,0x55,0x3c,
    0x4a,0xff,0x55,0x3c,0x4a,0xff,0x55,0x3c,0x4a,0xff,0x55,0x3c,0x4a,0xff,0x55,0x3c,
    0x4a,0xff,0x57,0x3e,0x4c,0xff,0x57,0x3e,0x4c,0xff,0x55,0x3c,0x4a,0xff,0x55,0x3c,
    0x4a,0xff,0xd2,0xc9,0xbf,0xff,0x75,0xc2,0x8c,0xff,0x2b,0xaf,0x5f,0xff,0x2b,0xaf,
    0x5f,0xff,0xb8,0xd4,0xb6,0xff,0xe8,0xe3,0xd6,0xff,0xec,0xe8,0xde,0xff,0xe7,0xe1,
    0xd3,0xff,0xd5,0xcb,0xb5,0xff,0x00,0x00,0x00,0x00,0x00,0x00,0x00,0x00,0xcf,0xc4,
    0xab,0xff,0xe7,0xe1,0xd3,0xff,0xee,0xeb,0xe2,0xff,0xed,0xea,0xe0,0xff,0xe7,0xe1,
    0xd3,0xff,0x41,0xc2,0x72,0xff,0x32,0xbf,0x6a,0xff,0x50,0xc4,0x7b,0xff,0xe7,0xe1,
    0xd3,0xff,0x61,0x49,0x55,0xff,0x55,0x3c,0x4a,0xff,0x55,0x3c,0x4a,0xff,0x55,0x3c,
    0x4a,0xff,0x55,0x3c,0x4a,0xff,0x55,0x3c,0x4a,0xff,0x55,0x3c,0x4a,0xff,0x55,0x3c,
    0x4a,0xff,0x55,0x3c,0x4a,0xff,0x55,0x3c,0x4a,0xff,0x55,0x3c,0x4a,0xff,0x55,0x3c,
    0x4a,0xff,0xce,0xc5,0xbc,0xff,0x7b,0xc9,0x93,0xff,0x2f,0xb8,0x65,0xff,0x2f,0xb8,
    0x65,0xff,0xb9,0xd6,0xb7,0xff,0xea,0xe5,0xda,0xff,0xf1,0xef,0xe8,0xff,0xe7,0xe1,
    0xd3,0xff,0xd5,0xcb,0xb5,0xff,0x00,0x00,0x00,0x00,0x00,0x00,0x00,0x00,0xcf,0xc4,
    0xab,0xff,0xe7,0xe1,0xd3,0xff,0xea,0xe6,0xdb,0xff,0xea,0xe5,0xd9,0xff,0xe7,0xe1,
    0xd3,0xff,0x14,0xcd,0xfb,0xff,0x00,0xcc,0xff,0xff,0x21,0xce,0xf8,0xff,0xe7,0xe1,
    0xd3,0xff,0x65,0x4e,0x59,0xff,0x55,0x3c,0x4a,0xff,0x55,0x3c,0x4a,0xff,0x55,0x3c,
    0x4a,0xff,0x55,0x3c,0x4a,0xff,0x55,0x3c,0x4a,0xff,0x55,0x3c,0x4a,0xff,0x55,0x3c,
    0x4a,0xff,0x57,0x3e,0x4c,0xff,0x57,0x3e,0x4c,0xff,0x55,0x3c,0x4a,0xff,0x55,0x3c,
    0x4a,0xff,0xd2,0xc9,0xbf,0xff,0x5b,0xc8,0xdf,0xff,0x00,0xb9,0xe7,0xff,0x00,0xb9,
    0xe7,0xff,0xad,0xd7,0xd8,0xff,0xe8,0xe3,0xd6,0xff,0xec,0xe8,0xde,0xff,0xe7,0xe1,
    0xd3,0xff,0xd5,0xcb,0xb5,0xff,0x00,0x00,0x00,0x00,0x00,0x00,0x00,0x00,0xbf,0x8d,
    0x1d,0xf4,0xc8,0x95,0x21,0xfd,0xb2,0x82,0x16,0x38,0x00,0x00,0x00,0x00,0x00,0x00,
    0x00,0x00,0x00,0x00,0x00,0x00,0xa8,0xa6,0x8a,0x12,0xad,0xa8,0x8e,0x9d,0xc5,0xbf,
    0xab,0xfd,0xe3,0xdd,0xce,0xff,0xe1,0xdc,0xc9,0xff,0xdd,0xd9,0xc3,0xff,0xf2,0xe0,
    0xb5,0xff,0xea,0xbc,0x59,0xff,0xe9,0xbc,0x5c,0xff,0xe9,0xbc,0x5c,0xff,0xe9,0xbc,
    0x5c,0xff,0xef,0xcd,0x82,0xff,0xe5,0xe3,0xd5,0xff,0xdf,0xda,0xc6,0xff,0xe6,0xe0,
    0xd2,0xff,0xcf,0xca,0xb7,0xff,0xb3,0xae,0x95,0xd0,0xaa,0xa7,0x8c,0x32,0x00,0x00,
    0x00,0x00,0x00,0x00,0x00,0x00,0x00,0x00,0x00,0x00,0xb2,0x81,0x14,0x07,0xbd,0x8b,
    0x1c,0xd9,0xc6,0x93,0x20,0xf7,0x00,0x00,0x00,0x00,0x00,0x00,0x00,0x00,0xc1,0xc1,
    0xc1,0x2a,0xd7,0xd7,0xd7,0xff,0xd7,0xd0,0xbb,0xff,0xa1,0x88,0x3e,0xff,0xa1,0x88,
    0x3e,0xff,0xa1,0x88,0x3e,0xff,0x8e,0x78,0x35,0xff,0x87,0x72,0x33,0xff,0x87,0x72,
    0x33,0xff,0x87,0x72,0x33,0xff,0x94,0x8b,0x6e,0xff,0xd3,0xd3,0xd3,0xff,0x9d,0x92,
    0x98,0xff,0x55,0x3c,0x4a,0xff,0x55,0x3c,0x4a,0xff,0x61,0x46,0x53,0xff,0x63,0x47,
    0x54,0xff,0x8d,0x7b,0x83,0xff,0xd9,0xd9,0xd9,0xff,0x9a,0x94,0x82,0xff,0x87,0x72,
    0x33,0xff,0x87,0x72,0x33,0xff,0x87,0x72,0x33,0xff,0x8b,0x75,0x34,0xff,0xa1,0x88,
    0x3e,0xff,0xa1,0x88,0x3e,0xff,0xa1,0x88,0x3e,0xff,0xce,0xc3,0xa5,0xff,0xde,0xde,
    0xde,0xff,0xc3,0xc3,0xc3,0x3f,0x00,0x00,0x00,0x00,0x00,0x00,0x00,0x00,0xc2,0xc2,
    0xc2,0x50,0xdd,0xdd,0xdd,0xff,0xce,0xc4,0xa6,0xff,0xa1,0x88,0x3e,0xff,0xa1,0x88,
    0x3e,0xff,0xa1,0x88,0x3e,0xff,0x8b,0x75,0x34,0xff,0x87,0x72,0x33,0xff,0x87,0x72,
    0x33,0xff,0x87,0x72,0x33,0xff,0x99,0x92,0x7d,0xff,0xd8,0xd8,0xd8,0xff,0x8c,0x7e,
    0x86,0xff,0x55,0x3c,0x4a,0xff,0x55,0x3c,0x4a,0xff,0x61,0x46,0x53,0xff,0x63,0x47,
    0x54,0xff,0x7e,0x68,0x72,0xff,0xdb,0xdb,0xdb,0xff,0xa3,0xa0,0x95,0xff,0x87,0x72,
    0x33,0xff,0x87,0x72,0x33,0xff,0x87,0x72,0x33,0xff,0x88,0x73,0x33,0xff,0xa0,0x87,
    0x3d,0xff,0xa1,0x88,0x3e,0xff,0xa1,0x88,0x3e,0xff,0xc4,0xb7,0x90,0xff,0xe4,0xe4,
    0xe4,0xff,0xc3,0xc3,0xc3,0x5c,0x00,0x00,0x00,0x00,0x00,0x00,0x00,0x00,0x00,0x00,
    0x00,0x00,0x00,0x00,0x00,0x00,0x21,0x42,0x6f,0x6b,0x2c,0x59,0x93,0xff,0x30,0x63,
    0xa3,0xff,0x2f,0x67,0xaf,0xff,0x2e,0x6b,0xba,0xff,0x2f,0x6c,0xbb,0xff,0x8e,0xac,
    0xd4,0xff,0xcb,0xcb,0xcc,0xff,0xd0,0xd0,0xd0,0xff,0xd2,0xd1,0xd1,0xff,0x60,0x49,
    0x56,0xff,0x55,0x3c,0x4a,0xff,0x55,0x3c,0x4a,0xff,0x55,0x3c,0x4a,0xff,0x55,0x3c,
    0x4a,0xff,0x56,0x3e,0x4c,0xff,0xba,0xb4,0xb7,0xff,0xd0,0xd0,0xd0,0xff,0xc7,0xc7,
    0xc7,0xff,0xb2,0xc5,0xdd,0xff,0x3a,0x74,0xbe,0xff,0x2e,0x6c,0xbb,0xff,0x2e,0x69,
    0xb3,0xff,0x30,0x63,0xa4,0xff,0x2f,0x60,0x9e,0xff,0x22,0x44,0x71,0xab,0x00,0x00,
    0x00,0x00,0x00,0x00,0x00,0x00,0x00,0x00,0x00,0x00,0x00,0x00,0x00,0x00,0x00,0x00,
    0x00,0x00,0x00,0x00,0x00,0x00,0x22,0x43,0x6f,0x7c,0x2d,0x5b,0x96,0xff,0x30,0x63,
    0xa3,0xff,0x2f,0x66,0xac,0xff,0x2e,0x6b,0xb8,0xff,0x2f,0x6c,0xbb,0xff,0x76,0x9c,
    0xce,0xff,0xbc,0xc0,0xc6,0xff,0xd3,0xd3,0xd3,0xff,0xcc,0xc9,0xcb,0xff,0x5d,0x45,
    0x53,0xff,0x55,0x3c,0x4a,0xff,0x55,0x3c,0x4a,0xff,0x55,0x3c,0x4a,0xff,0x55,0x3c,
    0x4a,0xff,0x56,0x3d,0x4b,0xff,0xb4,0xad,0xb1,0xff,0xd2,0xd2,0xd2,0xff,0xbe,0xbf,
    0xc0,0xff,0x92,0xaf,0xd5,0xff,0x37,0x72,0xbd,0xff,0x2e,0x6b,0xba,0xff,0x2f,0x67,
    0xaf,0xff,0x30,0x63,0xa3,0xff,0x30,0x61,0x9f,0xff,0x23,0x45,0x73,0xbc,0x00,0x00,
    0x00,0x00,0x00,0x00,0x00,0x00,0x00,0x00,0x00,0x00,0x00,0x00,0x00,0x00,0xcc,0xc2,
    0xa7,0xef,0xe7,0xe1,0xd3,0xff,0xe7,0xe1,0xd3,0xff,0xe7,0xe1,0xd3,0xff,0xe7,0xe1,
    0xd3,0xff,0x5a,0xcd,0x84,0xff,0x37,0xc9,0x71,0xff,0x3a,0xc9,0x73,0xff,0xe0,0xe0,
    0xcf,0xff,0x80,0x6d,0x72,0xff,0x55,0x3c,0x4a,0xff,0x55,0x3c,0x4a,0xff,0x55,0x3c,
    0x4a,0xff,0x55,0x3c,0x4a,0xff,0x55,0x3c,0x4a,0xff,0x55,0x3c,0x4a,0xff,0x59,0x3f,
    0x4d,0xff,0x67,0x49,0x58,0xff,0x67,0x49,0x58,0xff,0x5a,0x3f,0x4d,0xff,0x5e,0x46,
    0x52,0xff,0xe4,0xde,0xd1,0xff,0x58,0xbb,0x7b,0xff,0x2b,0xaf,0x5f,0xff,0x2b,0xaf,
    0x5f,0xff,0xce,0xda,0xc3,0xff,0xe7,0xe1,0xd3,0xff,0xe7,0xe1,0xd3,0xff,0xe7,0xe1,
    0xd3,0xff,0xd3,0xc9,0xb2,0xf3,0x00,0x00,0x00,0x00,0x00,0x00,0x00,0x00,0xcd,0xc3,
    0xa9,0xf6,0xe7,0xe1,0xd3,0xff,0xe7,0xe1,0xd3,0xff,0xe7,0xe1,0xd3,0xff,0xe7,0xe1,
    0xd3,0xff,0x51,0xcc,0x7f,0xff,0x37,0xc9,0x71,0xff,0x40,0xca,0x76,0xff,0xe7,0xe1,
    0xd3,0xff,0x75,0x60,0x68,0xff,0x55,0x3c,0x4a,0xff,0x55,0x3c,0x4a,0xff,0x55,0x3c,
    0x4a,0xff,0x55,0x3c,0x4a,0xff,0x55,0x3c,0x4a,0xff,0x55,0x3c,0x4a,0xff,0x57,0x3d,
    0x4b,0xff,0x64,0x47,0x55,0xff,0x64,0x47,0x55,0xff,0x57,0x3d,0x4b,0xff,0x57,0x3e,
    0x4b,0xff,0xe0,0xda,0xcd,0xff,0x64,0xbe,0x82,0xff,0x2b,0xaf,0x5f,0xff,0x2b,0xaf,
    0x5f,0xff,0xc3,0xd7,0xbd,0xff,0xe7,0xe1,0xd3,0xff,0xe7,0xe1,0xd3,0xff,0xe7,0xe1,
    0xd3,0xff,0xd4,0xca,0xb4,0xf8,0x00,0x00,0x00,0x00,0x00,0x00,0x00,0x00,0xcc,0xc2,
    0xa7,0xef,0xe7,0xe1,0xd3,0xff,0xe7,0xe1,0xd3,0xff,0xe7,0xe1,0xd3,0xff,0xe7,0xe1,
    0xd3,0xff,0x2e,0xd0,0xf6,0xff,0x00,0xcc,0xff,0xff,0x04,0xcc,0xfe,0xff,0xde,0xe0,
    0xd4,0xff,0x80,0x6d,0x72,0xff,0x55,0x3c,0x4a,0xff,0x55,0x3c,0x4a,0xff,0x55,0x3c,
    0x4a,0xff,0x55,0x3c,0x4a,0xff,0x55,0x3c,0x4a,0xff,0x55,0x3c,0x4a,0xff,0x59,0x3f,
    0x4d,0xff,0x67,0x49,0x58,0xff,0x67,0x49,0x58,0xff,0x5a,0x3f,0x4d,0xff,0x5e,0x46,
    0x52,0xff,0xe4,0xde,0xd1,0xff,0x38,0xc2,0xe2,0xff,0x00,0xb9,0xe7,0xff,0x00,0xb9,
    0xe7,0xff,0xc8,0xdb,0xd5,0xff,0xe7,0xe1,0xd3,0xff,0xe7,0xe1,0xd3,0xff,0xe7,0xe1,
    0xd3,0xff,0xd3,0xc9,0xb2,0xf3,0x00,0x00,0x00,0x00,0x00,0x00,0x00,0x00,0xb1,0x82,
    0x15,0x25,0xb0,0x81,0x16,0x2a,0x00,0x00,0x00,0x00,0x00,0x00,0x00,0x00,0x00,0x00,
    0x00,0x00,0x00,0x00,0x00,0x00,0x00,0x00,0x00,0x00,0x00,0x00,0x00,0x00,0xab,0xa6,
    0x8b,0x31,0xb5,0xb0,0x98,0xd0,0xd4,0xce,0xba,0xff,0xdb,0xd6,0xbd,0xff,0xf2,0xe5,
    0xc8,0xff,0xf5,0xbb,0x36,0xff,0xf5,0xbb,0x36,0xff,0xf5,0xbb,0x36,0xff,0xf5,0xbb,
    0x36,0xff,0xf3,0xd3,0x8a,0xff,0xe2,0xdf,0xce,0xff,0xd5,0xd0,0xbb,0xff,0xb7,0xb2,
    0x9a,0xe9,0xab,0xa7,0x8c,0x66,0xa4,0xa4,0x84,0x03,0x00,0x00,0x00,0x00,0x00,0x00,
    0x00,0x00,0x00,0x00,0x00,0x00,0x00,0x00,0x00,0x00,0x00,0x00,0x00,0x00,0xb0,0x80,
    0x15,0x15,0xb1,0x82,0x16,0x2b,0x00,0x00,0x00,0x00,0x00,0x00,0x00,0x00,0x00,0x00,
    0x00,0x00,0xcb,0xcb,0xcb,0xdd,0xe9,0xe7,0xe3,0xff,0xa2,0x89,0x40,0xff,0xa1,0x88,
    0x3e,0xff,0xa1,0x88,0x3e,0xff,0x97,0x80,0x3a,0xff,0x8f,0x79,0x36,0xff,0x8f,0x79,
    0x36,0xff,0x8f,0x79,0x36,0xff,0x95,0x85,0x55,0xff,0xc8,0xc8,0xc8,0xff,0xbe,0xb9,
    0xbc,0xff,0x55,0x3c,0x4a,0xff,0x55,0x3c,0x4a,0xff,0x61,0x46,0x53,0xff,0x63,0x47,
    0x54,0xff,0xab,0xa0,0xa5,0xff,0xd0,0xd0,0xd0,0xff,0x98,0x8c,0x67,0xff,0x8f,0x79,
    0x36,0xff,0x8f,0x79,0x36,0xff,0x8f,0x79,0x36,0xff,0x95,0x7e,0x39,0xff,0xa1,0x88,
    0x3e,0xff,0xa1,0x88,0x3e,0xff,0xa1,0x88,0x3e,0xff,0xe0,0xdb,0xce,0xff,0xd1,0xd1,
    0xd1,0xf9,0xc0,0xc0,0xc0,0x0a,0x00,0x00,0x00,0x00,0x00,0x00,0x00,0x00,0xbe,0xbe,
    0xbe,0x03,0xcd,0xcd,0xcd,0xe5,0xe6,0xe3,0xdc,0xff,0xa1,0x89,0x3f,0xff,0xa1,0x88,
    0x3e,0xff,0xa1,0x88,0x3e,0xff,0x95,0x7e,0x39,0xff,0x8d,0x77,0x35,0xff,0x8d,0x77,
    0x35,0xff,0x8d,0x77,0x35,0xff,0x94,0x85,0x59,0xff,0xca,0xca,0xca,0xff,0xb9,0xb3,
    0xb6,0xff,0x55,0x3c,0x4a,0xff,0x55,0x3c,0x4a,0xff,0x61,0x46,0x53,0xff,0x63,0x47,
    0x54,0xff,0xa6,0x9a,0x9f,0xff,0xd1,0xd1,0xd1,0xff,0x97,0x8c,0x6b,0xff,0x8d,0x77,
    0x35,0xff,0x8d,0x77,0x35,0xff,0x8d,0x77,0x35,0xff,0x93,0x7c,0x38,0xff,0xa1,0x88,
    0x3e,0xff,0xa1,0x88,0x3e,0xff,0xa1,0x88,0x3e,0xff,0xdd,0xd7,0xc7,0xff,0xd4,0xd4,
    0xd4,0xfb,0xc1,0xc1,0xc1,0x12,0x00,0x00,0x00,0x00,0x00,0x00,0x00,0x00,0x00,0x00,
    0x00,0x00,0x00,0x00,0x00,0x00,0x1e,0x40,0x6d,0x13,0x27,0x4d,0x80,0xf9,0x2e,0x68,
    0xb3,0xff,0x2e,0x6c,0xbb,0xff,0x2e,0x6c,0xbb,0xff,0x68,0x93,0xca,0xff,0xec,0xec,
    0xec,0xff,0xd2,0xd2,0xd2,0xf9,0xb4,0xb4,0xb4,0xf9,0xdb,0xdb,0xdb,0xff,0xd5,0xd4,
    0xd4,0xff,0xcf,0xcd,0xce,0xff,0xcf,0xcd,0xce,0xff,0xcf,0xcd,0xce,0xff,0xcf,0xcd,
    0xce,0xff,0xd2,0xd1,0xd1,0xff,0xdb,0xdb,0xdb,0xff,0xbb,0xbb,0xbb,0xf8,0xd0,0xd0,
    0xd0,0xfb,0xea,0xea,0xea,0xff,0x98,0xb4,0xd7,0xff,0x2e,0x6c,0xbb,0xff,0x2e,0x6c,
    0xbb,0xff,0x2e,0x6a,0xb6,0xff,0x2a,0x56,0x8f,0xff,0x21,0x42,0x6f,0x4d,0x00,0x00,
    0x00,0x00,0x00,0x00,0x00,0x00,0x00,0x00,0x00,0x00,0x00,0x00,0x00,0x00,0x00,0x00,
    0x00,0x00,0x00,0x00,0x00,0x00,0x1e,0x40,0x6d,0x13,0x27,0x4d,0x80,0xf9,0x2e,0x68,
    0xb3,0xff,0x2e,0x6c,0xbb,0xff,0x2e,0x6c,0xbb,0xff,0x68,0x93,0xca,0xff,0xec,0xec,
    0xec,0xff,0xd2,0xd2,0xd2,0xf9,0xb4,0xb4,0xb4,0xf9,0xdb,0xdb,0xdb,0xff,0xd5,0xd4,
    0xd4,0xff,0xcf,0xcd,0xce,0xff,0xcf,0xcd,0xce,0xff,0xcf,0xcd,0xce,0xff,0xcf,0xcd,
    0xce,0xff,0xd2,0xd1,0xd1,0xff,0xdb,0xdb,0xdb,0xff,0xbb,0xbb,0xbb,0xf8,0xd0,0xd0,
    0xd0,0xfb,0xea,0xea,0xea,0xff,0x98,0xb4,0xd7,0xff,0x2e,0x6c,0xbb,0xff,0x2e,0x6c,
    0xbb,0xff,0x2e,0x6a,0xb6,0xff,0x2a,0x56,0x8f,0xff,0x21,0x42,0x6f,0x4d,0x00,0x00,
    0x00,0x00,0x00,0x00,0x00,0x00,0x00,0x00,0x00,0x00,0x00,0x00,0x00,0x00,0xc8,0xbc,
    0xa0,0xcb,0xe6,0xe0,0xd2,0xff,0xe7,0xe1,0xd3,0xff,0xe7,0xe1,0xd3,0xff,0xe7,0xe1,
    0xd3,0xff,0x80,0xd2,0x99,0xff,0x37,0xc9,0x71,0xff,0x37,0xc9,0x71,0xff,0xad,0xd9,
    0xb2,0xff,0xb9,0xad,0xa8,0xff,0x55,0x3c,0x4a,0xff,0x55,0x3c,0x4a,0xff,0x55,0x3c,
    0x4a,0xff,0x55,0x3c,0x4a,0xff,0x55,0x3c,0x4a,0xff,0x55,0x3c,0x4a,0xff,0x5d,0x42,
    0x50,0xff,0x68,0x4a,0x59,0xff,0x68,0x4a,0x59,0xff,0x5d,0x42,0x50,0xff,0x92,0x81,
    0x83,0xff,0xd8,0xdd,0xca,0xff,0x2e,0xb0,0x61,0xff,0x2b,0xaf,0x5f,0xff,0x39,0xb2,
    0x67,0xff,0xe7,0xe1,0xd3,0xff,0xe7,0xe1,0xd3,0xff,0xe7,0xe1,0xd3,0xff,0xe7,0xe1,
    0xd3,0xff,0xd1,0xc6,0xae,0xd8,0x00,0x00,0x00,0x00,0x00,0x00,0x00,0x00,0xca,0xbe,
    0xa3,0xd9,0xe7,0xe1,0xd3,0xff,0xe7,0xe1,0xd3,0xff,0xe7,0xe1,0xd3,0xff,0xe7,0xe1,
    0xd3,0xff,0x70,0xd0,0x90,0xff,0x37,0xc9,0x71,0xff,0x37,0xc9,0x71,0xff,0xc2,0xdb,
    0xbe,0xff,0xa2,0x94,0x93,0xff,0x55,0x3c,0x4a,0xff,0x55,0x3c,0x4a,0xff,0x55,0x3c,
    0x4a,0xff,0x55,0x3c,0x4a,0xff,0x55,0x3c,0x4a,0xff,0x55,0x3c,0x4a,0xff,0x5d,0x42,
    0x51,0xff,0x68,0x4a,0x59,0xff,0x68,0x4a,0x59,0xff,0x5e,0x42,0x51,0xff,0x7d,0x69,
    0x6f,0xff,0xe4,0xe0,0xd1,0xff,0x39,0xb2,0x67,0xff,0x2b,0xaf,0x5f,0xff,0x2e,0xb0,
    0x61,0xff,0xe1,0xdf,0xcf,0xff,0xe7,0xe1,0xd3,0xff,0xe7,0xe1,0xd3,0xff,0xe7,0xe1,
    0xd3,0xff,0xd2,0xc8,0xb0,0xe3,0x00,0x00,0x00,0x00,0x00,0x00,0x00,0x00,0xc8,0xbc,
    0xa0,0xcb,0xe6,0xe0,0xd2,0xff,0xe7,0xe1,0xd3,0xff,0xe7,0xe1,0xd3,0xff,0xe7,0xe1,
    0xd3,0xff,0x60,0xd4,0xec,0xff,0x00,0xcc,0xff,0xff,0x00,0xcc,0xff,0xff,0x9b,0xda,
    0xe1,0xff,0xb9,0xad,0xa8,0xff,0x55,0x3c,0x4a,0xff,0x55,0x3c,0x4a,0xff,0x55,0x3c,
    0x4a,0xff,0x55,0x3c,0x4a,0xff,0x55,0x3c,0x4a,0xff,0x55,0x3c,0x4a,0xff,0x5d,0x42,
    0x50,0xff,0x68,0x4a,0x59,0xff,0x68,0x4a,0x59,0xff,0x5d,0x42,0x50,0xff,0x92,0x81,
    0x83,0xff,0xd5,0xdd,0xd4,0xff,0x04,0xb9,0xe6,0xff,0x00,0xb9,0xe7,0xff,0x11,0xbc,
    0xe5,0xff,0xe7,0xe1,0xd3,0xff,0xe7,0xe1,0xd3,0xff,0xe7,0xe1,0xd3,0xff,0xe7,0xe1,
    0xd3,0xff,0xd1,0xc6,0xae,0xd8,0x00,0x00,0x00,0x00,0x00,0x00,0x00,0x00,0x00,0x00,
    0x00,0x00,0x00,0x00,0x00,0x00,0x00,0x00,0x00,0x00,0x00,0x00,0x00,0x00,0x00,0x00,
    0x00,0x00,0x00,0x00,0x00,0x00,0x00,0x00,0x00,0x00,0x00,0x00,0x00,0x00,0x00,0x00,
    0x00,0x00,0xa9,0xa6,0x8c,0x07,0xac,0xa7,0x8d,0x82,0xbc,0xb7,0x9e,0xf6,0xed,0xe6,
    0xd5,0xff,0xf5,0xbb,0x36,0xff,0xf5,0xbb,0x36,0xff,0xf5,0xbb,0x36,0xff,0xf5,0xbb,
    0x36,0xff,0xf3,0xd9,0x9e,0xff,0xcc,0xc9,0xb6,0xff,0xae,0xa9,0x8f,0xa3,0xa9,0xa5,
    0x8a,0x0f,0x00,0x00,0x00,0x00,0x00,0x00,0x00,0x00,0x00,0x00,0x00,0x00,0x00,0x00,
    0x00,0x00,0x00,0x00,0x00,0x00,0x00,0x00,0x00,0x00,0x00,0x00,0x00,0x00,0x00,0x00,
    0x00,0x00,0x00,0x00,0x00,0x00,0x00,0x00,0x00,0x00,0x00,0x00,0x00,0x00,0x00,0x00,
    0x00,0x00,0xc3,0xc3,0xc3,0x83,0xe8,0xe8,0xe8,0xff,0xb6,0xa5,0x70,0xff,0xa1,0x88,
    0x3e,0xff,0xa1,0x88,0x3e,0xff,0xa1,0x88,0x3e,0xff,0xa1,0x88,0x3e,0xff,0xa1,0x88,
    0x3e,0xff,0xa1,0x88,0x3e,0xff,0xa1,0x89,0x42,0xff,0xbd,0xbc,0xb9,0xff,0xd9,0xd8,
    0xd8,0xff,0x74,0x5e,0x69,0xff,0x57,0x3e,0x4b,0xff,0x61,0x46,0x53,0xff,0x72,0x5a,
    0x65,0xff,0xce,0xcb,0xcc,0xff,0xc4,0xc4,0xc4,0xff,0xa1,0x8c,0x4e,0xff,0xa1,0x88,
    0x3e,0xff,0xa1,0x88,0x3e,0xff,0xa1,0x88,0x3e,0xff,0xa1,0x88,0x3e,0xff,0xa1,0x88,
    0x3e,0xff,0xa1,0x88,0x3e,0xff,0xaa,0x95,0x54,0xff,0xeb,0xeb,0xea,0xff,0xc6,0xc6,
    0xc6,0xad,0x00,0x00,0x00,0x00,0x00,0x00,0x00,0x00,0x00,0x00,0x00,0x00,0x00,0x00,
    0x00,0x00,0xc3,0xc3,0xc3,0x83,0xe8,0xe8,0xe8,0xff,0xb6,0xa5,0x70,0xff,0xa1,0x88,
    0x3e,0xff,0xa1,0x88,0x3e,0xff,0xa1,0x88,0x3e,0xff,0xa1,0x88,0x3e,0xff,0xa1,0x88,
    0x3e,0xff,0xa1,0x88,0x3e,0xff,0xa1,0x89,0x42,0xff,0xbd,0xbc,0xb9,0xff,0xd9,0xd8,
    0xd8,0xff,0x74,0x5e,0x69,0xff,0x57,0x3e,0x4b,0xff,0x61,0x46,0x53,0xff,0x72,0x5a,
    0x65,0xff,0xce,0xcb,0xcc,0xff,0xc4,0xc4,0xc4,0xff,0xa1,0x8c,0x4e,0xff,0xa1,0x88,
    0x3e,0xff,0xa1,0x88,0x3e,0xff,0xa1,0x88,0x3e,0xff,0xa1,0x88,0x3e,0xff,0xa1,0x88,
    0x3e,0xff,0xa1,0x88,0x3e,0xff,0xaa,0x95,0x54,0xff,0xeb,0xeb,0xea,0xff,0xc6,0xc6,
    0xc6,0xad,0x00,0x00,0x00,0x00,0x00,0x00,0x00,0x00,0x00,0x00,0x00,0x00,0x00,0x00,
    0x00,0x00,0x00,0x00,0x00,0x00,0x00,0x00,0x00,0x00,0x22,0x44,0x70,0x9d,0x2c,0x66,
    0xaf,0xff,0x2e,0x6c,0xbb,0xff,0x2e,0x6c,0xbb,0xff,0x38,0x72,0xbd,0xff,0xe3,0xe6,
    0xe8,0xff,0xc4,0xc4,0xc4,0x80,0xa0,0xa0,0xa0,0x7f,0xcc,0xcc,0xcc,0xff,0xdb,0xdb,
    0xdb,0xff,0xdb,0xdb,0xdb,0xff,0xdb,0xdb,0xdb,0xff,0xdb,0xdb,0xdb,0xff,0xdb,0xdb,
    0xdb,0xff,0xdb,0xdb,0xdb,0xff,0xd6,0xd6,0xd6,0xff,0xa6,0xa6,0xa6,0x8f,0xc2,0xc2,
    0xc2,0x6b,0xe1,0xe1,0xe1,0xff,0x61,0x8e,0xc8,0xff,0x2e,0x6c,0xbb,0xff,0x2e,0x6c,
    0xbb,0xff,0x2d,0x6b,0xb9,0xff,0x24,0x4a,0x7c,0xdb,0x19,0x3a,0x6b,0x02,0x00,0x00,
    0x00,0x00,0x00,0x00,0x00,0x00,0x00,0x00,0x00,0x00,0x00,0x00,0x00,0x00,0x00,0x00,
    0x00,0x00,0x00,0x00,0x00,0x00,0x00,0x00,0x00,0x00,0x22,0x44,0x70,0x9d,0x2c,0x66,
    0xaf,0xff,0x2e,0x6c,0xbb,0xff,0x2e,0x6c,0xbb,0xff,0x38,0x72,0xbd,0xff,0xe3,0xe6,
    0xe8,0xff,0xc4,0xc4,0xc4,0x80,0xa0,0xa0,0xa0,0x7f,0xcc,0xcc,0xcc,0xff,0xdb,0xdb,
    0xdb,0xff,0xdb,0xdb,0xdb,0xff,0xdb,0xdb,0xdb,0xff,0xdb,0xdb,0xdb,0xff,0xdb,0xdb,
    0xdb,0xff,0xdb,0xdb,0xdb,0xff,0xd6,0xd6,0xd6,0xff,0xa6,0xa6,0xa6,0x8f,0xc2,0xc2,
    0xc2,0x6b,0xe1,0xe1,0xe1,0xff,0x61,0x8e,0xc8,0xff,0x2e,0x6c,0xbb,0xff,0x2e,0x6c,
    0xbb,0xff,0x2d,0x6b,0xb9,0xff,0x24,0x4a,0x7c,0xdb,0x19,0x3a,0x6b,0x02,0x00,0x00,
    0x00,0x00,0x00,0x00,0x00,0x00,0x00,0x00,0x00,0x00,0x00,0x00,0x00,0x00,0xc6,0xba,
    0x9d,0x98,0xe1,0xda,0xc9,0xff,0xe7,0xe1,0xd3,0xff,0xe7,0xe1,0xd3,0xff,0xe7,0xe1,
    0xd3,0xff,0xb7,0xda,0xb8,0xff,0x37,0xc9,0x71,0xff,0x37,0xc9,0x71,0xff,0x58,0xcd,
    0x83,0xff,0xe3,0xe0,0xd0,0xff,0x87,0x75,0x79,0xff,0x55,0x3c,0x4a,0xff,0x55,0x3c,
    0x4a,0xff,0x55,0x3c,0x4a,0xff,0x55,0x3c,0x4a,0xff,0x55,0x3c,0x4a,0xff,0x56,0x3c,
    0x4b,0xff,0x61,0x44,0x53,0xff,0x60,0x44,0x53,0xff,0x67,0x50,0x5a,0xff,0xdc,0xd5,
    0xc9,0xff,0x7e,0xc5,0x92,0xff,0x2b,0xaf,0x5f,0xff,0x2b,0xaf,0x5f,0xff,0x76,0xc3,
    0x8d,0xff,0xe7,0xe1,0xd3,0xff,0xe7,0xe1,0xd3,0xff,0xe7,0xe1,0xd3,0xff,0xe7,0xe1,
    0xd3,0xff,0xcb,0xc0,0xa6,0xb0,0x00,0x00,0x00,0x00,0x00,0x00,0x00,0x00,0xc6,0xba,
    0x9d,0xa1,0xe2,0xdb,0xcb,0xff,0xe7,0xe1,0xd3,0xff,0xe7,0xe1,0xd3,0xff,0xe7,0xe1,
    0xd3,0xff,0xae,0xd9,0xb3,0xff,0x37,0xc9,0x71,0xff,0x37,0xc9,0x71,0xff,0x67,0xcf,
    0x8c,0xff,0xde,0xda,0xcc,0xff,0x7a,0x66,0x6d,0xff,0x55,0x3c,0x4a,0xff,0x55,0x3c,
    0x4a,0xff,0x55,0x3c,0x4a,0xff,0x55,0x3c,0x4a,0xff,0x55,0x3c,0x4a,0xff,0x57,0x3e,
    0x4c,0xff,0x62,0x46,0x54,0xff,0x62,0x45,0x54,0xff,0x64,0x4c,0x58,0xff,0xd0,0xc7,
    0xbd,0xff,0x8f,0xc9,0x9d,0xff,0x2b,0xaf,0x5f,0xff,0x2b,0xaf,0x5f,0xff,0x6b,0xc0,
    0x86,0xff,0xe7,0xe1,0xd3,0xff,0xe7,0xe1,0xd3,0xff,0xe7,0xe1,0xd3,0xff,0xe7,0xe1,
    0xd3,0xff,0xcd,0xc2,0xa8,0xb8,0x00,0x00,0x00,0x00,0x00,0x00,0x00,0x00,0xc6,0xba,
    0x9d,0x98,0xe1,0xda,0xc9,0xff,0xe7,0xe1,0xd3,0xff,0xe7,0xe1,0xd3,0xff,0xe7,0xe1,
    0xd3,0xff,0xa8,0xdb,0xde,0xff,0x00,0xcc,0xff,0xff,0x00,0xcc,0xff,0xff,0x2b,0xcf,
    0xf6,0xff,0xe2,0xe0,0xd3,0xff,0x87,0x75,0x79,0xff,0x55,0x3c,0x4a,0xff,0x55,0x3c,
    0x4a,0xff,0x55,0x3c,0x4a,0xff,0x55,0x3c,0x4a,0xff,0x55,0x3c,0x4a,0xff,0x56,0x3c,
    0x4b,0xff,0x61,0x44,0x53,0xff,0x60,0x44,0x53,0xff,0x67,0x50,0x5a,0xff,0xdc,0xd5,
    0xc9,0xff,0x66,0xca,0xde,0xff,0x00,0xb9,0xe7,0xff,0x00,0xb9,0xe7,0xff,0x5c,0xc9,
    0xde,0xff,0xe7,0xe1,0xd3,0xff,0xe7,0xe1,0xd3,0xff,0xe7,0xe1,0xd3,0xff,0xe7,0xe1,
    0xd3,0xff,0xcb,0xc0,0xa6,0xb0,0x00,0x00,0x00,0x00,0x00,0x00,0x00,0x00,0x00,0x00,
    0x00,0x00,0x00,0x00,0x00,0x00,0x00,0x00,0x00,0x00,0x00,0x00,0x00,0x00,0x00,0x00,
    0x00,0x00,0x00,0x00,0x00,0x00,0x00,0x00,0x00,0x00,0x00,0x00,0x00,0x00,0x00,0x00,
    0x00,0x00,0x00,0x00,0x00,0x00,0x00,0x00,0x00,0x00,0xc8,0xc8,0xc7,0x58,0xe5,0xe5,
    0xe3,0xff,0xf4,0xbc,0x39,0xff,0xf5,0xbb,0x36,0xff,0xf5,0xbb,0x36,0xff,0xf5,0xbb,
    0x36,0xff,0xf2,0xe0,0xb5,0xff,0xcb,0xcb,0xca,0xc3,0x00,0x00,0x00,0x00,0x00,0x00,
    0x00,0x00,0x00,0x00,0x00,0x00,0x00,0x00,0x00,0x00,0x00,0x00,0x00,0x00,0x00,0x00,
    0x00,0x00,0x00,0x00,0x00,0x00,0x00,0x00,0x00,0x00,0x00,0x00,0x00,0x00,0x00,0x00,
    0x00,0x00,0x00,0x00,0x00,0x00,0x00,0x00,0x00,0x00,0x00,0x00,0x00,0x00,0x00,0x00,
    0x00,0x00,0xc1,0xc1,0xc1,0x2a,0xdd,0xdd,0xdd,0xff,0xd3,0xca,0xb0,0xff,0xa1,0x88,
    0x3e,0xff,0xa1,0x88,0x3e,0xff,0xa1,0x88,0x3e,0xff,0xa1,0x88,0x3e,0xff,0xa1,0x88,
    0x3e,0xff,0xa1,0x88,0x3e,0xff,0xa1,0x88,0x3e,0xff,0xb0,0xaa,0x9a,0xff,0xdb,0xdb,
    0xdb,0xff,0xd9,0xd9,0xd9,0xff,0xab,0xa0,0xa5,0xff,0xa1,0x94,0x9a,0xff,0xd7,0xd6,
    0xd6,0xff,0xdb,0xdb,0xdb,0xff,0xb7,0xb5,0xae,0xff,0xa1,0x88,0x3e,0xff,0xa1,0x88,
    0x3e,0xff,0xa1,0x88,0x3e,0xff,0xa1,0x88,0x3e,0xff,0xa1,0x88,0x3e,0xff,0xa1,0x88,
    0x3e,0xff,0xa1,0x88,0x3e,0xff,0xc6,0xb9,0x93,0xff,0xe2,0xe2,0xe2,0xff,0xc3,0xc3,
    0xc3,0x54,0x00,0x00,0x00,0x00,0x00,0x00,0x00,0x00,0x00,0x00,0x00,0x00,0x00,0x00,
    0x00,0x00,0xc1,0xc1,0xc1,0x1f,0xdc,0xdc,0xdc,0xfd,0xd7,0xcf,0xb9,0xff,0xa1,0x88,
    0x3e,0xff,0xa1,0x88,0x3e,0xff,0xa1,0x88,0x3e,0xff,0xa1,0x88,0x3e,0xff,0xa1,0x88,
    0x3e,0xff,0xa1,0x88,0x3e,0xff,0xa1,0x88,0x3e,0xff,0xae,0xa8,0x95,0xff,0xdb,0xdb,
    0xdb,0xff,0xda,0xd9,0xd9,0xff,0xb7,0xaf,0xb2,0xff,0xaf,0xa5,0xaa,0xff,0xd8,0xd7,
    0xd7,0xff,0xdb,0xdb,0xdb,0xff,0xb5,0xb2,0xa9,0xff,0xa1,0x88,0x3e,0xff,0xa1,0x88,
    0x3e,0xff,0xa1,0x88,0x3e,0xff,0xa1,0x88,0x3e,0xff,0xa1,0x88,0x3e,0xff,0xa1,0x88,
    0x3e,0xff,0xa1,0x88,0x3e,0xff,0xca,0xbe,0x9c,0xff,0xe1,0xe1,0xe1,0xff,0xc3,0xc3,
    0xc3,0x47,0x00,0x00,0x00,0x00,0x00,0x00,0x00,0x00,0x00,0x00,0x00,0x00,0x00,0x00,
    0x00,0x00,0x00,0x00,0x00,0x00,0x00,0x00,0x00,0x00,0x20,0x41,0x6e,0x2f,0x27,0x54,
    0x8f,0xff,0x2e,0x6c,0xbb,0xff,0x2e,0x6c,0xbb,0xff,0x2e,0x6c,0xbb,0xff,0xb4,0xc7,
    0xde,0xff,0xd0,0xd0,0xd0,0xb1,0x9e,0x9e,0x9e,0x07,0xa0,0xa0,0xa0,0x9f,0xa1,0xa1,
    0xa1,0xaa,0xa1,0xa1,0xa1,0xaa,0xa1,0xa1,0xa1,0xaa,0xa1,0xa1,0xa1,0xaa,0xa1,0xa1,
    0xa1,0xaa,0xa1,0xa1,0xa1,0xaa,0xa1,0xa1,0xa1,0xaa,0x9e,0x9e,0x9e,0x1d,0xc6,0xc6,
    0xc6,0xad,0xe1,0xe4,0xe9,0xff,0x30,0x6d,0xbb,0xff,0x2e,0x6c,0xbb,0xff,0x2e,0x6c,
    0xbb,0xff,0x2a,0x5f,0xa3,0xff,0x21,0x42,0x6f,0x6f,0x00,0x00,0x00,0x00,0x00,0x00,
    0x00,0x00,0x00,0x00,0x00,0x00,0x00,0x00,0x00,0x00,0x00,0x00,0x00,0x00,0x00,0x00,
    0x00,0x00,0x00,0x00,0x00,0x00,0x00,0x00,0x00,0x00,0x20,0x41,0x6e,0x2f,0x27,0x54,
    0x8f,0xff,0x2e,0x6c,0xbb,0xff,0x2e,0x6c,0xbb,0xff,0x2e,0x6c,0xbb,0xff,0xb4,0xc7,
    0xde,0xff,0xd0,0xd0,0xd0,0xb1,0x9e,0x9e,0x9e,0x07,0xa0,0xa0,0xa0,0x9f,0xa1,0xa1,
    0xa1,0xaa,0xa1,0xa1,0xa1,0xaa,0xa1,0xa1,0xa1,0xaa,0xa1,0xa1,0xa1,0xaa,0xa1,0xa1,
    0xa1,0xaa,0xa1,0xa1,0xa1,0xaa,0xa1,0xa1,0xa1,0xaa,0x9e,0x9e,0x9e,0x1d,0xc6,0xc6,
    0xc6,0xad,0xe1,0xe4,0xe9,0xff,0x30,0x6d,0xbb,0xff,0x2e,0x6c,0xbb,0xff,0x2e,0x6c,
    0xbb,0xff,0x2a,0x5f,0xa3,0xff,0x21,0x42,0x6f,0x6f,0x00,0x00,0x00,0x00,0x00,0x00,
    0x00,0x00,0x00,0x00,0x00,0x00,0x00,0x00,0x00,0x00,0x00,0x00,0x00,0x00,0xc6,0xba,
    0x9d,0x53,0xd8,0xcf,0xba,0xff,0xe7,0xe1,0xd3,0xff,0xe7,0xe1,0xd3,0xff,0xe7,0xe1,
    0xd3,0xff,0xe7,0xe1,0xd3,0xff,0x59,0xcd,0x84,0xff,0x37,0xc9,0x71,0xff,0x37,0xc9,
    0x71,0xff,0x82,0xd3,0x9a,0xff,0xdf,0xd8,0xcc,0xff,0x79,0x65,0x6c,0xff,0x55,0x3c,
    0x4a,0xff,0x55,0x3c,0x4a,0xff,0x55,0x3c,0x4a,0xff,0x55,0x3c,0x4a,0xff,0x55,0x3c,
    0x4a,0xff,0x55,0x3c,0x4a,0xff,0x64,0x4d,0x58,0xff,0xcc,0xc3,0xba,0xff,0xb5,0xd3,
    0xb4,0xff,0x2d,0xaf,0x60,0xff,0x2b,0xaf,0x5f,0xff,0x2d,0xaf,0x60,0xff,0xcb,0xd9,
    0xc1,0xff,0xe7,0xe1,0xd3,0xff,0xe7,0xe1,0xd3,0xff,0xe7,0xe1,0xd3,0xff,0xe2,0xdb,
    0xcb,0xff,0xc6,0xba,0x9d,0x7a,0x00,0x00,0x00,0x00,0x00,0x00,0x00,0x00,0xc6,0xba,
    0x9d,0x53,0xd8,0xcf,0xba,0xff,0xe7,0xe1,0xd3,0xff,0xe7,0xe1,0xd3,0xff,0xe7,0xe1,
    0xd3,0xff,0xe7,0xe1,0xd3,0xff,0x59,0xcd,0x84,0xff,0x37,0xc9,0x71,0xff,0x37,0xc9,
    0x71,0xff,0x82,0xd3,0x9a,0xff,0xdf,0xd8,0xcc,0xff,0x79,0x65,0x6c,0xff,0x55,0x3c,
    0x4a,0xff,0x55,0x3c,0x4a,0xff,0x55,0x3c,0x4a,0xff,0x55,0x3c,0x4a,0xff,0x55,0x3c,
    0x4a,0xff,0x55,0x3c,0x4a,0xff,0x64,0x4d,0x58,0xff,0xcc,0xc3,0xba,0xff,0xb5,0xd3,
    0xb4,0xff,0x2d,0xaf,0x60,0xff,0x2b,0xaf,0x5f,0xff,0x2d,0xaf,0x60,0xff,0xcb,0xd9,
    0xc1,0xff,0xe7,0xe1,0xd3,0xff,0xe7,0xe1,0xd3,0xff,0xe7,0xe1,0xd3,0xff,0xe2,0xdb,
    0xcb,0xff,0xc6,0xba,0x9d,0x7a,0x00,0x00,0x00,0x00,0x00,0x00,0x00,0x00,0xc6,0xba,
    0x9d,0x53,0xd8,0xcf,0xba,0xff,0xe7,0xe1,0xd3,0xff,0xe7,0xe1,0xd3,0xff,0xe7,0xe1,
    0xd3,0xff,0xe7,0xe1,0xd3,0xff,0x2c,0xcf,0xf6,0xff,0x00,0xcc,0xff,0xff,0x00,0xcc,
    0xff,0xff,0x63,0xd4,0xeb,0xff,0xdf,0xd8,0xcc,0xff,0x79,0x65,0x6c,0xff,0x55,0x3c,
    0x4a,0xff,0x55,0x3c,0x4a,0xff,0x55,0x3c,0x4a,0xff,0x55,0x3c,0x4a,0xff,0x55,0x3c,
    0x4a,0xff,0x55,0x3c,0x4a,0xff,0x64,0x4d,0x58,0xff,0xcc,0xc3,0xba,0xff,0xa9,0xd6,
    0xd8,0xff,0x03,0xb9,0xe6,0xff,0x00,0xb9,0xe7,0xff,0x03,0xb9,0xe6,0xff,0xc5,0xdb,
    0xd5,0xff,0xe7,0xe1,0xd3,0xff,0xe7,0xe1,0xd3,0xff,0xe7,0xe1,0xd3,0xff,0xe2,0xdb,
    0xcb,0xff,0xc6,0xba,0x9d,0x7a,0x00,0x00,0x00,0x00,0x00,0x00,0x00,0x00,0x00,0x00,
    0x00,0x00,0x00,0x00,0x00,0x00,0x00,0x00,0x00,0x00,0x00,0x00,0x00,0x00,0x00,0x00,
    0x00,0x00,0x00,0x00,0x00,0x00,0x00,0x00,0x00,0x00,0x00,0x00,0x00,0x00,0x00,0x00,
    0x00,0x00,0x00,0x00,0x00,0x00,0x00,0x00,0x00,0x00,0xc8,0xc8,0xc8,0x2f,0xdf,0xdf,
    0xdf,0xff,0xf4,0xc0,0x48,0xff,0xf5,0xbb,0x36,0xff,0xf5,0xbb,0x36,0xff,0xf5,0xbb,
    0x36,0xff,0xed,0xe1,0xc6,0xff,0xc9,0xc9,0xc9,0x92,0x00,0x00,0x00,0x00,0x00,0x00,
    0x00,0x00,0x00,0x00,0x00,0x00,0x00,0x00,0x00,0x00,0x00,0x00,0x00,0x00,0x00,0x00,
    0x00,0x00,0x00,0x00,0x00,0x00,0x00,0x00,0x00,0x00,0x00,0x00,0x00,0x00,0x00,0x00,
    0x00,0x00,0x00,0x00,0x00,0x00,0x00,0x00,0x00,0x00,0x00,0x00,0x00,0x00,0x00,0x00,
    0x00,0x00,0x00,0x00,0x00,0x00,0xd5,0xd5,0xd5,0xe5,0xe9,0xe7,0xe3,0xff,0xa2,0x89,
    0x40,0xff,0xa1,0x88,0x3e,0xff,0xa1,0x88,0x3e,0xff,0xa1,0x88,0x3e,0xff,0xa1,0x88,
    0x3e,0xff,0xa1,0x88,0x3e,0xff,0xa1,0x88,0x3e,0xff,0xa1,0x97,0x7a,0xff,0xdb,0xdb,
    0xdb,0xff,0xdb,0xdb,0xdb,0xff,0xdb,0xdb,0xdb,0xff,0xdb,0xdb,0xdb,0xff,0xdb,0xdb,
    0xdb,0xff,0xdb,0xdb,0xdb,0xff,0xa9,0xa3,0x91,0xff,0xa1,0x88,0x3e,0xff,0xa1,0x88,
    0x3e,0xff,0xa1,0x88,0x3e,0xff,0xa1,0x88,0x3e,0xff,0xa1,0x88,0x3e,0xff,0xa1,0x88,
    0x3e,0xff,0xa1,0x88,0x3e,0xff,0xdd,0xd8,0xc9,0xff,0xd9,0xd9,0xd9,0xfb,0xc0,0xc0,
    0xc0,0x0e,0x00,0x00,0x00,0x00,0x00,0x00,0x00,0x00,0x00,0x00,0x00,0x00,0x00,0x00,
    0x00,0x00,0x00,0x00,0x00,0x00,0xd3,0xd3,0xd3,0xd3,0xec,0xec,0xeb,0xff,0xa5,0x8e,
    0x49,0xff,0xa1,0x88,0x3e,0xff,0xa1,0x88,0x3e,0xff,0xa1,0x88,0x3e,0xff,0xa1,0x88,
    0x3e,0xff,0xa1,0x88,0x3e,0xff,0x9e,0x86,0x3d,0xff,0x95,0x8c,0x6e,0xff,0xd9,0xd9,
    0xd9,0xff,0xdb,0xdb,0xdb,0xff,0xdb,0xdb,0xdb,0xff,0xdb,0xdb,0xdb,0xff,0xdb,0xdb,
    0xdb,0xff,0xdb,0xdb,0xdb,0xff,0x9f,0x99,0x86,0xff,0x9d,0x85,0x3c,0xff,0xa1,0x88,
    0x3e,0xff,0xa1,0x88,0x3e,0xff,0xa1,0x88,0x3e,0xff,0xa1,0x88,0x3e,0xff,0xa1,0x88,
    0x3e,0xff,0xa1,0x88,0x3e,0xff,0xe5,0xe3,0xdb,0xff,0xd7,0xd7,0xd7,0xf0,0xbd,0xbd,
    0xbd,0x03,0x00,0x00,0x00,0x00,0x00,0x00,0x00,0x00,0x00,0x00,0x00,0x00,0x00,0x00,
    0x00,0x00,0x00,0x00,0x00,0x00,0x00,0x00,0x00,0x00,0x00,0x00,0x00,0x00,0x23,0x47,
    0x76,0xcf,0x2d,0x6b,0xb9,0xff,0x2e,0x6c,0xbb,0xff,0x2e,0x6c,0xbb,0xff,0x80,0xa3,
    0xd0,0xff,0xd6,0xd6,0xd6,0xe5,0x00,0x00,0x00,0x00,0x00,0x00,0x00,0x00,0x00,0x00,
    0x00,0x00,0x00,0x00,0x00,0x00,0x00,0x00,0x00,0x00,0x00,0x00,0x00,0x00,0x00,0x00,
    0x00,0x00,0x00,0x00,0x00,0x00,0x00,0x00,0x00,0x00,0xbd,0xbd,0xbd,0x02,0xd0,0xd0,
    0xd0,0xef,0xb0,0xc4,0xdd,0xff,0x2e,0x6c,0xbb,0xff,0x2e,0x6c,0xbb,0xff,0x2e,0x6c,
    0xbb,0xff,0x26,0x50,0x87,0xf9,0x20,0x40,0x6d,0x15,0x00,0x00,0x00,0x00,0x00,0x00,
    0x00,0x00,0x00,0x00,0x00,0x00,0x00,0x00,0x00,0x00,0x00,0x00,0x00,0x00,0x00,0x00,
    0x00,0x00,0x00,0x00,0x00,0x00,0x00,0x00,0x00,0x00,0x00,0x00,0x00,0x00,0x23,0x46,
    0x75,0xbf,0x2d,0x69,0xb5,0xff,0x2e,0x6c,0xbb,0xff,0x2e,0x6c,0xbb,0xff,0x78,0x9e,
    0xce,0xff,0xd7,0xd7,0xd7,0xec,0xbd,0xbd,0xbd,0x02,0x00,0x00,0x00,0x00,0x00,0x00,
    0x00,0x00,0x00,0x00,0x00,0x00,0x00,0x00,0x00,0x00,0x00,0x00,0x00,0x00,0x00,0x00,
    0x00,0x00,0x00,0x00,0x00,0x00,0x00,0x00,0x00,0x00,0xc0,0xc0,0xc0,0x07,0xd2,0xd2,
    0xd2,0xf3,0xa8,0xbe,0xdb,0xff,0x2e,0x6c,0xbb,0xff,0x2e,0x6c,0xbb,0xff,0x2e,0x6c,
    0xbb,0xff,0x25,0x4e,0x83,0xef,0x20,0x40,0x6d,0x0f,0x00,0x00,0x00,0x00,0x00,0x00,
    0x00,0x00,0x00,0x00,0x00,0x00,0x00,0x00,0x00,0x00,0x00,0x00,0x00,0x00,0xc5,0xb8,
    0x9b,0x08,0xcc,0xc1,0xa6,0xed,0xe7,0xe1,0xd3,0xff,0xe5,0xdf,0xd1,0xff,0xd0,0xc5,
    0xad,0xff,0xe1,0xda,0xca,0xff,0xc1,0xdb,0xbd,0xff,0x38,0xc9,0x71,0xff,0x37,0xc9,
    0x71,0xff,0x30,0xba,0x67,0xff,0x87,0xc7,0x98,0xff,0xe4,0xdf,0xd1,0xff,0xb6,0xa9,
    0xa5,0xff,0x83,0x70,0x75,0xff,0x6d,0x57,0x60,0xff,0x6d,0x57,0x60,0xff,0x78,0x63,
    0x6b,0xff,0xa4,0x95,0x94,0xff,0xde,0xd7,0xcb,0xff,0xb1,0xd9,0xb4,0xff,0x3b,0xc4,
    0x71,0xff,0x2b,0xb0,0x60,0xff,0x2b,0xaf,0x5f,0xff,0x86,0xc7,0x97,0xff,0xe7,0xe1,
    0xd3,0xff,0xd0,0xc6,0xad,0xff,0xe1,0xda,0xc9,0xff,0xe7,0xe1,0xd3,0xff,0xd6,0xcd,
    0xb7,0xff,0xc5,0xb9,0x9c,0x36,0x00,0x00,0x00,0x00,0x00,0x00,0x00,0x00,0xc5,0xb8,
    0x9b,0x06,0xca,0xbf,0xa4,0xdd,0xe6,0xdf,0xd1,0xff,0xe6,0xdf,0xd1,0xff,0xce,0xc3,
    0xa9,0xff,0xe1,0xd9,0xc9,0xff,0xca,0xdd,0xc3,0xff,0x44,0xca,0x78,0xff,0x36,0xc7,
    0x70,0xff,0x2f,0xb7,0x65,0xff,0x70,0xc1,0x89,0xff,0xcf,0xda,0xc4,0xff,0xc2,0xb7,
    0xb0,0xff,0x9c,0x8c,0x8c,0xff,0x8b,0x79,0x7d,0xff,0x8b,0x79,0x7d,0xff,0x94,0x83,
    0x85,0xff,0xb4,0xa8,0xa3,0xff,0xd9,0xd9,0xc9,0xff,0x93,0xd5,0xa4,0xff,0x3a,0xc5,
    0x71,0xff,0x2c,0xb3,0x61,0xff,0x2b,0xaf,0x5f,0xff,0x9d,0xcd,0xa5,0xff,0xe7,0xe1,
    0xd3,0xff,0xce,0xc4,0xaa,0xff,0xe0,0xd8,0xc7,0xff,0xe7,0xe1,0xd3,0xff,0xd3,0xca,
    0xb3,0xfd,0xc5,0xb8,0x9b,0x29,0x00,0x00,0x00,0x00,0x00,0x00,0x00,0x00,0xc5,0xb8,
    0x9b,0x08,0xcc,0xc1,0xa6,0xed,0xe7,0xe1,0xd3,0xff,0xe5,0xdf,0xd1,0xff,0xd0,0xc5,
    0xad,0xff,0xe1,0xda,0xca,0xff,0xb5,0xdc,0xdc,0xff,0x01,0xcc,0xfe,0xff,0x00,0xcc,
    0xff,0xff,0x00,0xc1,0xf2,0xff,0x71,0xcc,0xdd,0xff,0xe4,0xdf,0xd2,0xff,0xb6,0xa9,
    0xa5,0xff,0x83,0x70,0x75,0xff,0x6d,0x57,0x60,0xff,0x6d,0x57,0x60,0xff,0x78,0x63,
    0x6b,0xff,0xa4,0x95,0x94,0xff,0xde,0xd7,0xcb,0xff,0xa0,0xda,0xe0,0xff,0x09,0xc8,
    0xf8,0xff,0x00,0xba,0xe8,0xff,0x00,0xb9,0xe7,0xff,0x70,0xcc,0xdd,0xff,0xe7,0xe1,
    0xd3,0xff,0xd0,0xc6,0xad,0xff,0xe1,0xda,0xc9,0xff,0xe7,0xe1,0xd3,0xff,0xd6,0xcd,
    0xb7,0xff,0xc5,0xb9,0x9c,0x36,0x00,0x00,0x00,0x00,0x00,0x00,0x00,0x00,0x00,0x00,
    0x00,0x00,0x00,0x00,0x00,0x00,0x00,0x00,0x00,0x00,0x00,0x00,0x00,0x00,0x00,0x00,
    0x00,0x00,0x00,0x00,0x00,0x00,0x00,0x00,0x00,0x00,0x00,0x00,0x00,0x00,0x00,0x00,
    0x00,0x00,0x00,0x00,0x00,0x00,0x00,0x00,0x00,0x00,0xc5,0xc5,0xc5,0x0a,0xd9,0xd9,
    0xd9,0xff,0xf4,0xc4,0x58,0xff,0xf5,0xbb,0x36,0xff,0xf5,0xbb,0x36,0xff,0xf5,0xbb,
    0x36,0xff,0xe6,0xe1,0xd5,0xff,0xca,0xca,0xca,0x6f,0x00,0x00,0x00,0x00,0x00,0x00,
    0x00,0x00,0x00,0x00,0x00,0x00,0x00,0x00,0x00,0x00,0x00,0x00,0x00,0x00,0x00,0x00,
    0x00,0x00,0x00,0x00,0x00,0x00,0x00,0x00,0x00,0x00,0x00,0x00,0x00,0x00,0x00,0x00,
    0x00,0x00,0x00,0x00,0x00,0x00,0x00,0x00,0x00,0x00,0x00,0x00,0x00,0x00,0x00,0x00,
    0x00,0x00,0x00,0x00,0x00,0x00,0xcc,0xcc,0xcc,0xa2,0xee,0xee,0xee,0xff,0xb3,0xa0,
    0x69,0xff,0xa1,0x88,0x3e,0xff,0xa1,0x88,0x3e,0xff,0xa0,0x87,0x3d,0xff,0x96,0x7f,
    0x3a,0xff,0x86,0x72,0x35,0xfa,0x79,0x68,0x31,0xc0,0x87,0x81,0x6b,0xa7,0xd0,0xd0,
    0xd0,0xff,0xdb,0xdb,0xdb,0xff,0xdb,0xdb,0xdb,0xff,0xdb,0xdb,0xdb,0xff,0xdb,0xdb,
    0xdb,0xff,0xd7,0xd7,0xd7,0xff,0x93,0x8f,0x82,0xbd,0x77,0x66,0x30,0xb3,0x83,0x70,
    0x34,0xf6,0x93,0x7d,0x39,0xff,0xa0,0x87,0x3d,0xff,0xa1,0x88,0x3e,0xff,0xa1,0x88,
    0x3e,0xff,0xaa,0x94,0x53,0xff,0xee,0xee,0xee,0xff,0xd1,0xd1,0xd1,0xc2,0x00,0x00,
    0x00,0x00,0x00,0x00,0x00,0x00,0x00,0x00,0x00,0x00,0x00,0x00,0x00,0x00,0x00,0x00,
    0x00,0x00,0x00,0x00,0x00,0x00,0xc8,0xc8,0xc8,0x8f,0xed,0xed,0xed,0xff,0xb9,0xa8,
    0x77,0xff,0xa1,0x88,0x3e,0xff,0xa0,0x87,0x3d,0xff,0x96,0x7f,0x3a,0xff,0x87,0x73,
    0x35,0xff,0x7a,0x68,0x31,0xcd,0x69,0x5b,0x2b,0x80,0x8b,0x86,0x76,0x74,0xcb,0xcb,
    0xcb,0xff,0xdb,0xdb,0xdb,0xff,0xdb,0xdb,0xdb,0xff,0xdb,0xdb,0xdb,0xff,0xdb,0xdb,
    0xdb,0xff,0xd4,0xd4,0xd4,0xff,0x96,0x93,0x8b,0x96,0x67,0x58,0x2a,0x73,0x78,0x67,
    0x30,0xc2,0x85,0x71,0x34,0xfc,0x93,0x7d,0x39,0xff,0xa0,0x87,0x3d,0xff,0xa1,0x88,
    0x3e,0xff,0xb0,0x9c,0x61,0xff,0xee,0xee,0xee,0xff,0xce,0xce,0xce,0xaf,0x00,0x00,
    0x00,0x00,0x00,0x00,0x00,0x00,0x00,0x00,0x00,0x00,0x00,0x00,0x00,0x00,0x00,0x00,
    0x00,0x00,0x00,0x00,0x00,0x00,0x00,0x00,0x00,0x00,0x00,0x00,0x00,0x00,0x21,0x42,
    0x6f,0x6f,0x2a,0x5e,0xa2,0xff,0x2e,0x6c,0xbb,0xff,0x2e,0x6c,0xbb,0xff,0x4b,0x7f,
    0xc2,0xff,0xdd,0xdd,0xdd,0xff,0xc1,0xc1,0xc1,0x23,0x00,0x00,0x00,0x00,0x00,0x00,
    0x00,0x00,0x00,0x00,0x00,0x00,0x00,0x00,0x00,0x00,0x00,0x00,0x00,0x00,0x00,0x00,
    0x00,0x00,0x00,0x00,0x00,0x00,0x00,0x00,0x00,0x00,0xc1,0xc1,0xc1,0x2a,0xdc,0xdc,
    0xdc,0xff,0x7b,0xa0,0xcf,0xff,0x2e,0x6c,0xbb,0xff,0x2e,0x6c,0xbb,0xff,0x2c,0x68,
    0xb4,0xff,0x22,0x44,0x71,0xaf,0x00,0x00,0x00,0x00,0x00,0x00,0x00,0x00,0x00,0x00,
    0x00,0x00,0x00,0x00,0x00,0x00,0x00,0x00,0x00,0x00,0x00,0x00,0x00,0x00,0x00,0x00,
    0x00,0x00,0x00,0x00,0x00,0x00,0x00,0x00,0x00,0x00,0x00,0x00,0x00,0x00,0x21,0x42,
    0x6f,0x4f,0x28,0x5a,0x99,0xff,0x2e,0x6c,0xbb,0xff,0x2e,0x6c,0xbb,0xff,0x3b,0x74,
    0xbe,0xff,0xdf,0xdf,0xe0,0xff,0xc1,0xc1,0xc1,0x3a,0x00,0x00,0x00,0x00,0x00,0x00,
    0x00,0x00,0x00,0x00,0x00,0x00,0x00,0x00,0x00,0x00,0x00,0x00,0x00,0x00,0x00,0x00,
    0x00,0x00,0x00,0x00,0x00,0x00,0x00,0x00,0x00,0x00,0xc2,0xc2,0xc2,0x3b,0xe0,0xe0,
    0xe0,0xff,0x68,0x93,0xca,0xff,0x2e,0x6c,0xbb,0xff,0x2e,0x6c,0xbb,0xff,0x2b,0x64,
    0xac,0xff,0x22,0x43,0x6f,0x8f,0x00,0x00,0x00,0x00,0x00,0x00,0x00,0x00,0x00,0x00,
    0x00,0x00,0x00,0x00,0x00,0x00,0x00,0x00,0x00,0x00,0x00,0x00,0x00,0x00,0x00,0x00,
    0x00,0x00,0xc5,0xba,0x9c,0x86,0xdd,0xd4,0xc2,0xff,0xe7,0xe1,0xd3,0xff,0xd6,0xcc,
    0xb6,0xff,0xe3,0xdc,0xcd,0xff,0xe7,0xe1,0xd3,0xff,0x9b,0xd6,0xa8,0xff,0x30,0xba,
    0x67,0xff,0x2b,0xaf,0x5f,0xff,0x2b,0xaf,0x5f,0xff,0x50,0xb9,0x76,0xff,0xa9,0xd0,
    0xad,0xff,0xdd,0xde,0xcd,0xff,0xe7,0xe1,0xd3,0xff,0xe7,0xe1,0xd3,0xff,0xe4,0xe0,
    0xd1,0xff,0xbf,0xdb,0xbd,0xff,0x76,0xd1,0x94,0xff,0x38,0xc9,0x71,0xff,0x37,0xc9,
    0x71,0xff,0x33,0xc2,0x6c,0xff,0x65,0xbf,0x83,0xff,0xe5,0xe0,0xd2,0xff,0xe7,0xe1,
    0xd3,0xff,0xd7,0xcd,0xb8,0xff,0xe2,0xdb,0xca,0xff,0xe5,0xde,0xcf,0xff,0xc8,0xbd,
    0xa1,0xd2,0xbb,0xaa,0x88,0x01,0x00,0x00,0x00,0x00,0x00,0x00,0x00,0x00,0x00,0x00,
    0x00,0x00,0xc5,0xb9,0x9c,0x5a,0xd7,0xce,0xb8,0xff,0xe7,0xe1,0xd3,0xff,0xe0,0xd9,
    0xc8,0xff,0xe6,0xdf,0xd1,0xff,0xe7,0xe1,0xd3,0xff,0xc4,0xdc,0xbf,0xff,0x35,0xb5,
    0x67,0xff,0x2b,0xaf,0x5f,0xff,0x2b,0xaf,0x5f,0xff,0x2e,0xb0,0x61,0xff,0x6a,0xbf,
    0x86,0xff,0xa0,0xce,0xa7,0xff,0xb8,0xd4,0xb6,0xff,0xba,0xd9,0xb9,0xff,0xb0,0xd9,
    0xb4,0xff,0x85,0xd3,0x9c,0xff,0x45,0xcb,0x79,0xff,0x37,0xc9,0x71,0xff,0x37,0xc9,
    0x71,0xff,0x36,0xc7,0x6f,0xff,0x9c,0xce,0xa5,0xff,0xe7,0xe1,0xd3,0xff,0xe7,0xe1,
    0xd3,0xff,0xe1,0xd9,0xc9,0xff,0xe5,0xdf,0xd0,0xff,0xe0,0xd9,0xc8,0xff,0xc6,0xba,
    0x9d,0xa8,0x00,0x00,0x00,0x00,0x00,0x00,0x00,0x00,0x00,0x00,0x00,0x00,0x00,0x00,
    0x00,0x00,0xc5,0xba,0x9c,0x86,0xdd,0xd4,0xc2,0xff,0xe7,0xe1,0xd3,0xff,0xd6,0xcc,
    0xb6,0xff,0xe3,0xdc,0xcd,0xff,0xe7,0xe1,0xd3,0xff,0x83,0xd7,0xe5,0xff,0x00,0xc1,
    0xf2,0xff,0x00,0xb9,0xe7,0xff,0x00,0xb9,0xe7,0xff,0x2e,0xc0,0xe2,0xff,0x9b,0xd3,
    0xd9,0xff,0xdb,0xdf,0xd3,0xff,0xe7,0xe1,0xd3,0xff,0xe7,0xe1,0xd3,0xff,0xe3,0xe0,
    0xd3,0xff,0xb3,0xdc,0xdc,0xff,0x53,0xd3,0xee,0xff,0x01,0xcc,0xfe,0xff,0x00,0xcc,
    0xff,0xff,0x00,0xc7,0xf9,0xff,0x47,0xc6,0xe1,0xff,0xe5,0xe0,0xd3,0xff,0xe7,0xe1,
    0xd3,0xff,0xd7,0xcd,0xb8,0xff,0xe2,0xdb,0xca,0xff,0xe5,0xde,0xcf,0xff,0xc8,0xbd,
    0xa1,0xd2,0xbb,0xaa,0x88,0x01,0x00,0x00,0x00,0x00,0x00,0x00,0x00,0x00,0x00,0x00,
    0x00,0x00,0x00,0x00,0x00,0x00,0x00,0x00,0x00,0x00,0x00,0x00,0x00,0x00,0x00,0x00,
    0x00,0x00,0x00,0x00,0x00,0x00,0x00,0x00,0x00,0x00,0x00,0x00,0x00,0x00,0x00,0x00,
    0x00,0x00,0x00,0x00,0x00,0x00,0x00,0x00,0x00,0x00,0x00,0x00,0x00,0x00,0xd4,0xd4,
    0xd4,0xe7,0xf4,0xc9,0x67,0xff,0xf5,0xbb,0x36,0xff,0xf5,0xbb,0x36,0xff,0xf4,0xbb,
    0x38,0xff,0xe1,0xe1,0xe1,0xff,0xc9,0xc9,0xc9,0x4a,0x00,0x00,0x00,0x00,0x00,0x00,
    0x00,0x00,0x00,0x00,0x00,0x00,0x00,0x00,0x00,0x00,0x00,0x00,0x00,0x00,0x00,0x00,
    0x00,0x00,0x00,0x00,0x00,0x00,0x00,0x00,0x00,0x00,0x00,0x00,0x00,0x00,0x00,0x00,
    0x00,0x00,0x00,0x00,0x00,0x00,0x00,0x00,0x00,0x00,0x00,0x00,0x00,0x00,0x00,0x00,
    0x00,0x00,0x00,0x00,0x00,0x00,0xc3,0xc3,0xc3,0x5f,0xe6,0xe6,0xe6,0xff,0xc8,0xbd,
    0x99,0xff,0x9b,0x83,0x3c,0xff,0x80,0x6e,0x33,0xff,0x6c,0x5d,0x2c,0xd2,0x64,0x57,
    0x29,0x7b,0x62,0x56,0x28,0x19,0x00,0x00,0x00,0x00,0x9e,0x9e,0x9e,0x26,0xbf,0xbf,
    0xbf,0xff,0xdb,0xdb,0xdb,0xff,0xdb,0xdb,0xdb,0xff,0xdb,0xdb,0xdb,0xff,0xdb,0xdb,
    0xdb,0xff,0xc8,0xc8,0xc8,0xff,0xa0,0xa0,0xa0,0x53,0x00,0x00,0x00,0x00,0x63,0x54,
    0x29,0x0f,0x64,0x57,0x2a,0x6b,0x69,0x5b,0x2c,0xc2,0x7d,0x6b,0x32,0xfd,0x98,0x81,
    0x3b,0xff,0xbf,0xb0,0x83,0xff,0xec,0xec,0xec,0xff,0xc5,0xc5,0xc5,0x7f,0x00,0x00,
    0x00,0x00,0x00,0x00,0x00,0x00,0x00,0x00,0x00,0x00,0x00,0x00,0x00,0x00,0x00,0x00,
    0x00,0x00,0x00,0x00,0x00,0x00,0xc2,0xc2,0xc2,0x42,0xe0,0xe0,0xe0,0xff,0xd1,0xc8,
    0xad,0xff,0x96,0x7f,0x3a,0xff,0x6d,0x5d,0x2d,0xc3,0x64,0x57,0x29,0x5e,0x62,0x55,
    0x27,0x1d,0x00,0x00,0x00,0x00,0x00,0x00,0x00,0x00,0x9e,0x9e,0x9e,0x12,0xb7,0xb7,
    0xb7,0xfd,0xdb,0xdb,0xdb,0xff,0xdb,0xdb,0xdb,0xff,0xdb,0xdb,0xdb,0xff,0xdb,0xdb,
    0xdb,0xff,0xc1,0xc1,0xc1,0xff,0x9f,0x9f,0x9f,0x39,0x00,0x00,0x00,0x00,0x00,0x00,
    0x00,0x00,0x62,0x55,0x29,0x13,0x64,0x56,0x2a,0x52,0x6b,0x5c,0x2c,0xb2,0x8f,0x79,
    0x38,0xff,0xc8,0xbb,0x97,0xff,0xe7,0xe7,0xe7,0xff,0xc3,0xc3,0xc3,0x62,0x00,0x00,
    0x00,0x00,0x00,0x00,0x00,0x00,0x00,0x00,0x00,0x00,0x00,0x00,0x00,0x00,0x00,0x00,
    0x00,0x00,0x00,0x00,0x00,0x00,0x00,0x00,0x00,0x00,0x00,0x00,0x00,0x00,0x20,0x40,
    0x6d,0x15,0x26,0x50,0x87,0xf9,0x2e,0x6c,0xbb,0xff,0x2e,0x6c,0xbb,0xff,0x2e,0x6c,
    0xbb,0xff,0xd4,0xda,0xe2,0xff,0xc3,0xc3,0xc3,0x6a,0x00,0x00,0x00,0x00,0x00,0x00,
    0x00,0x00,0x00,0x00,0x00,0x00,0x00,0x00,0x00,0x00,0x00,0x00,0x00,0x00,0x00,0x00,
    0x00,0x00,0x00,0x00,0x00,0x00,0x00,0x00,0x00,0x00,0xc3,0xc3,0xc3,0x5f,0xe8,0xe8,
    0xe8,0xff,0x46,0x7c,0xc1,0xff,0x2e,0x6c,0xbb,0xff,0x2e,0x6c,0xbb,0xff,0x29,0x5a,
    0x9a,0xff,0x21,0x42,0x6f,0x4f,0x00,0x00,0x00,0x00,0x00,0x00,0x00,0x00,0x00,0x00,
    0x00,0x00,0x00,0x00,0x00,0x00,0x00,0x00,0x00,0x00,0x00,0x00,0x00,0x00,0x00,0x00,
    0x00,0x00,0x00,0x00,0x00,0x00,0x00,0x00,0x00,0x00,0x00,0x00,0x00,0x00,0x21,0x3c,
    0x6c,0x03,0x24,0x49,0x7b,0xdb,0x2d,0x6b,0xb9,0xff,0x2e,0x6c,0xbb,0xff,0x2e,0x6c,
    0xbb,0xff,0xc5,0xd1,0xe0,0xff,0xc4,0xc4,0xc4,0x8d,0x00,0x00,0x00,0x00,0x00,0x00,
    0x00,0x00,0x00,0x00,0x00,0x00,0x00,0x00,0x00,0x00,0x00,0x00,0x00,0x00,0x00,0x00,
    0x00,0x00,0x00,0x00,0x00,0x00,0x00,0x00,0x00,0x00,0xc6,0xc6,0xc6,0x7a,0xe1,0xe5,
    0xe9,0xff,0x36,0x71,0xbd,0xff,0x2e,0x6c,0xbb,0xff,0x2e,0x6c,0xbb,0xff,0x26,0x52,
    0x8c,0xfb,0x20,0x41,0x6e,0x23,0x00,0x00,0x00,0x00,0x00,0x00,0x00,0x00,0x00,0x00,
    0x00,0x00,0x00,0x00,0x00,0x00,0x00,0x00,0x00,0x00,0x00,0x00,0x00,0x00,0x00,0x00,
    0x00,0x00,0xc3,0xb7,0x9a,0x0f,0xcb,0xc0,0xa6,0xeb,0xe5,0xdf,0xd1,0xff,0xe7,0xe1,
    0xd3,0xff,0xe7,0xe1,0xd3,0xff,0xe7,0xe1,0xd3,0xff,0xe7,0xe1,0xd3,0xff,0x87,0xc7,
    0x98,0xff,0x2c,0xaf,0x5f,0xff,0x2b,0xaf,0x5f,0xff,0x2b,0xaf,0x5f,0xff,0x2b,0xaf,
    0x5f,0xff,0x2c,0xaf,0x5f,0xff,0x3a,0xb3,0x68,0xff,0x43,0xc7,0x76,0xff,0x3d,0xc9,
    0x74,0xff,0x37,0xc9,0x71,0xff,0x37,0xc9,0x71,0xff,0x37,0xc9,0x71,0xff,0x37,0xc9,
    0x71,0xff,0x69,0xcf,0x8c,0xff,0xdf,0xe0,0xce,0xff,0xe7,0xe1,0xd3,0xff,0xe7,0xe1,
    0xd3,0xff,0xe7,0xe1,0xd3,0xff,0xe7,0xe1,0xd3,0xff,0xd3,0xca,0xb3,0xff,0xc5,0xb9,
    0x9c,0x46,0x00,0x00,0x00,0x00,0x00,0x00,0x00,0x00,0x00,0x00,0x00,0x00,0x00,0x00,
    0x00,0x00,0xbb,0xaa,0x88,0x01,0xc7,0xbc,0xa0,0xc6,0xe2,0xdb,0xcb,0xff,0xe7,0xe1,
    0xd3,0xff,0xe7,0xe1,0xd3,0xff,0xe7,0xe1,0xd3,0xff,0xe7,0xe1,0xd3,0xff,0xbe,0xd6,
    0xb9,0xff,0x43,0xb5,0x6e,0xff,0x2b,0xaf,0x5f,0xff,0x2b,0xaf,0x5f,0xff,0x2b,0xaf,
    0x5f,0xff,0x2b,0xaf,0x5f,0xff,0x2b,0xaf,0x5f,0xff,0x35,0xc4,0x6e,0xff,0x37,0xc9,
    0x71,0xff,0x37,0xc9,0x71,0xff,0x37,0xc9,0x71,0xff,0x37,0xc9,0x71,0xff,0x3e,0xca,
    0x75,0xff,0xa2,0xd7,0xac,0xff,0xe7,0xe1,0xd3,0xff,0xe7,0xe1,0xd3,0xff,0xe7,0xe1,
    0xd3,0xff,0xe7,0xe1,0xd3,0xff,0xe6,0xe0,0xd1,0xff,0xcd,0xc3,0xa9,0xf0,0xc4,0xb8,
    0x9b,0x1e,0x00,0x00,0x00,0x00,0x00,0x00,0x00,0x00,0x00,0x00,0x00,0x00,0x00,0x00,
    0x00,0x00,0xc3,0xb7,0x9a,0x0f,0xcb,0xc0,0xa6,0xeb,0xe5,0xdf,0xd1,0xff,0xe7,0xe1,
    0xd3,0xff,0xe7,0xe1,0xd3,0xff,0xe7,0xe1,0xd3,0xff,0xe7,0xe1,0xd3,0xff,0x71,0xcc,
    0xdd,0xff,0x01,0xb9,0xe6,0xff,0x00,0xb9,0xe7,0xff,0x00,0xb9,0xe7,0xff,0x00,0xb9,
    0xe7,0xff,0x01,0xb9,0xe6,0xff,0x13,0xbc,0xe5,0xff,0x13,0xca,0xf7,0xff,0x07,0xcc,
    0xfd,0xff,0x00,0xcc,0xff,0xff,0x00,0xcc,0xff,0xff,0x00,0xcc,0xff,0xff,0x00,0xcc,
    0xff,0xff,0x41,0xd1,0xf2,0xff,0xdd,0xe0,0xd4,0xff,0xe7,0xe1,0xd3,0xff,0xe7,0xe1,
    0xd3,0xff,0xe7,0xe1,0xd3,0xff,0xe7,0xe1,0xd3,0xff,0xd3,0xca,0xb3,0xff,0xc5,0xb9,
    0x9c,0x46,0x00,0x00,0x00,0x00,0x00,0x00,0x00,0x00,0x00,0x00,0x00,0x00,0x00,0x00,
    0x00,0x00,0x00,0x00,0x00,0x00,0x00,0x00,0x00,0x00,0x00,0x00,0x00,0x00,0x00,0x00,
    0x00,0x00,0x00,0x00,0x00,0x00,0x00,0x00,0x00,0x00,0x00,0x00,0x00,0x00,0x00,0x00,
    0x00,0x00,0x00,0x00,0x00,0x00,0x00,0x00,0x00,0x00,0x00,0x00,0x00,0x00,0xcf,0xcf,
    0xcf,0xbf,0xf3,0xce,0x78,0xff,0xf5,0xbb,0x36,0xff,0xf5,0xbb,0x36,0xff,0xf4,0xc0,
    0x49,0xff,0xdb,0xdb,0xdb,0xff,0xc7,0xc7,0xc7,0x1b,0x00,0x00,0x00,0x00,0x00,0x00,
    0x00,0x00,0x00,0x00,0x00,0x00,0x00,0x00,0x00,0x00,0x00,0x00,0x00,0x00,0x00,0x00,
    0x00,0x00,0x00,0x00,0x00,0x00,0x00,0x00,0x00,0x00,0x00,0x00,0x00,0x00,0x00,0x00,
    0x00,0x00,0x00,0x00,0x00,0x00,0x00,0x00,0x00,0x00,0x00,0x00,0x00,0x00,0x00,0x00,
    0x00,0x00,0x00,0x00,0x00,0x00,0xc2,0xc2,0xc2,0x26,0xda,0xda,0xda,0xff,0xda,0xd4,
    0xc2,0xff,0x97,0x80,0x3a,0xff,0x64,0x57,0x2a,0x82,0x00,0x00,0x00,0x00,0x00,0x00,
    0x00,0x00,0x00,0x00,0x00,0x00,0x00,0x00,0x00,0x00,0x9d,0x9d,0x9d,0x03,0xb0,0xb0,
    0xb0,0xf4,0xd6,0xd6,0xd6,0xff,0xd6,0xd6,0xd6,0xff,0xd6,0xd6,0xd6,0xff,0xd6,0xd6,
    0xd6,0xff,0xb8,0xb8,0xb8,0xff,0x9e,0x9e,0x9e,0x1f,0x00,0x00,0x00,0x00,0x00,0x00,
    0x00,0x00,0x00,0x00,0x00,0x00,0x00,0x00,0x00,0x00,0x64,0x57,0x29,0x62,0x8d,0x78,
    0x37,0xff,0xd1,0xc7,0xac,0xff,0xe1,0xe1,0xe1,0xff,0xc2,0xc2,0xc2,0x46,0x00,0x00,
    0x00,0x00,0x00,0x00,0x00,0x00,0x00,0x00,0x00,0x00,0x00,0x00,0x00,0x00,0x00,0x00,
    0x00,0x00,0x00,0x00,0x00,0x00,0xc2,0xc2,0xc2,0x04,0xd1,0xd1,0xd1,0xeb,0xe8,0xe6,
    0xe1,0xff,0xa1,0x89,0x41,0xff,0x69,0x5b,0x2b,0x8f,0x00,0x00,0x00,0x00,0x00,0x00,
    0x00,0x00,0x00,0x00,0x00,0x00,0x00,0x00,0x00,0x00,0x00,0x00,0x00,0x00,0xa4,0xa4,
    0xa4,0x83,0xb0,0xb0,0xb0,0xaf,0xb0,0xb0,0xb0,0xaf,0xb0,0xb0,0xb0,0xaf,0xb0,0xb0,
    0xb0,0xaf,0xa6,0xa6,0xa6,0xa4,0x9e,0x9e,0x9e,0x03,0x00,0x00,0x00,0x00,0x00,0x00,
    0x00,0x00,0x00,0x00,0x00,0x00,0x00,0x00,0x00,0x00,0x64,0x57,0x2a,0x6f,0x99,0x82,
    0x3b,0xff,0xe0,0xdb,0xce,0xff,0xd7,0xd7,0xd7,0xfc,0xc1,0xc1,0xc1,0x17,0x00,0x00,
    0x00,0x00,0x00,0x00,0x00,0x00,0x00,0x00,0x00,0x00,0x00,0x00,0x00,0x00,0x00,0x00,
    0x00,0x00,0x00,0x00,0x00,0x00,0x00,0x00,0x00,0x00,0x00,0x00,0x00,0x00,0x00,0x00,
    0x00,0x00,0x22,0x44,0x71,0xaf,0x2c,0x68,0xb4,0xff,0x2e,0x6c,0xbb,0xff,0x2e,0x6c,
    0xbb,0xff,0xb4,0xc6,0xde,0xff,0xc7,0xc7,0xc7,0xb0,0x00,0x00,0x00,0x00,0x00,0x00,
    0x00,0x00,0x00,0x00,0x00,0x00,0x00,0x00,0x00,0x00,0x00,0x00,0x00,0x00,0x00,0x00,
    0x00,0x00,0x00,0x00,0x00,0x00,0x00,0x00,0x00,0x00,0xca,0xca,0xca,0x94,0xd2,0xda,
    0xe6,0xff,0x2e,0x6c,0xbb,0xff,0x2e,0x6c,0xbb,0xff,0x2e,0x6c,0xbb,0xff,0x24,0x4b,
    0x7f,0xe9,0x21,0x3c,0x6c,0x05,0x00,0x00,0x00,0x00,0x00,0x00,0x00,0x00,0x00,0x00,
    0x00,0x00,0x00,0x00,0x00,0x00,0x00,0x00,0x00,0x00,0x00,0x00,0x00,0x00,0x00,0x00,
    0x00,0x00,0x00,0x00,0x00,0x00,0x00,0x00,0x00,0x00,0x00,0x00,0x00,0x00,0x00,0x00,
    0x00,0x00,0x21,0x42,0x6f,0x6f,0x2a,0x5e,0xa2,0xff,0x2e,0x6c,0xbb,0xff,0x2e,0x6c,
    0xbb,0xff,0x9b,0xb5,0xd7,0xff,0xce,0xce,0xce,0xdf,0x00,0x00,0x00,0x00,0x00,0x00,
    0x00,0x00,0x00,0x00,0x00,0x00,0x00,0x00,0x00,0x00,0x00,0x00,0x00,0x00,0x00,0x00,
    0x00,0x00,0x00,0x00,0x00,0x00,0x00,0x00,0x00,0x00,0xd1,0xd1,0xd1,0xb7,0xaf,0xc3,
    0xdd,0xff,0x2e,0x6c,0xbb,0xff,0x2e,0x6c,0xbb,0xff,0x2c,0x68,0xb4,0xff,0x22,0x44,
    0x71,0xaf,0x00,0x00,0x00,0x00,0x00,0x00,0x00,0x00,0x00,0x00,0x00,0x00,0x00,0x00,
    0x00,0x00,0x00,0x00,0x00,0x00,0x00,0x00,0x00,0x00,0x00,0x00,0x00,0x00,0x00,0x00,
    0x00,0x00,0x00,0x00,0x00,0x00,0xc5,0xb9,0x9c,0x56,0xd5,0xcb,0xb4,0xff,0xe7,0xe1,
    0xd3,0xff,0xe7,0xe1,0xd3,0xff,0xe7,0xe1,0xd3,0xff,0xe7,0xe1,0xd3,0xff,0xe7,0xe1,
    0xd3,0xff,0xb7,0xd4,0xb5,0xff,0x4b,0xb7,0x73,0xff,0x2b,0xaf,0x5f,0xff,0x2b,0xaf,
    0x5f,0xff,0x2b,0xaf,0x5f,0xff,0x2b,0xaf,0x5f,0xff,0x35,0xc4,0x6e,0xff,0x37,0xc9,
    0x71,0xff,0x37,0xc9,0x71,0xff,0x37,0xc9,0x71,0xff,0x43,0xca,0x77,0xff,0x9b,0xd6,
    0xa8,0xff,0xe5,0xe0,0xd2,0xff,0xe7,0xe1,0xd3,0xff,0xe7,0xe1,0xd3,0xff,0xe7,0xe1,
    0xd3,0xff,0xe7,0xe1,0xd3,0xff,0xdd,0xd5,0xc2,0xff,0xc6,0xba,0x9d,0x9b,0x00,0x00,
    0x00,0x00,0x00,0x00,0x00,0x00,0x00,0x00,0x00,0x00,0x00,0x00,0x00,0x00,0x00,0x00,
    0x00,0x00,0x00,0x00,0x00,0x00,0xc3,0xb9,0x9b,0x1d,0xcc,0xc1,0xa7,0xd8,0xe3,0xdc,
    0xcc,0xff,0xe7,0xe1,0xd3,0xff,0xe7,0xe1,0xd3,0xff,0xe7,0xe1,0xd3,0xff,0xe7,0xe1,
    0xd3,0xff,0xe1,0xdf,0xcf,0xff,0xa1,0xce,0xa8,0xff,0x65,0xbe,0x83,0xff,0x37,0xb2,
    0x66,0xff,0x2b,0xaf,0x5f,0xff,0x2b,0xaf,0x5f,0xff,0x35,0xc4,0x6e,0xff,0x37,0xc9,
    0x71,0xff,0x3a,0xc9,0x73,0xff,0x5f,0xce,0x87,0xff,0x92,0xd5,0xa4,0xff,0xd4,0xde,
    0xc8,0xff,0xe7,0xe1,0xd3,0xff,0xe7,0xe1,0xd3,0xff,0xe7,0xe1,0xd3,0xff,0xe7,0xe1,
    0xd3,0xff,0xe6,0xdf,0xd1,0xff,0xd1,0xc7,0xaf,0xf3,0xc4,0xb9,0x9c,0x47,0x00,0x00,
    0x00,0x00,0x00,0x00,0x00,0x00,0x00,0x00,0x00,0x00,0x00,0x00,0x00,0x00,0x00,0x00,
    0x00,0x00,0x00,0x00,0x00,0x00,0xc5,0xb9,0x9c,0x56,0xd5,0xcb,0xb4,0xff,0xe7,0xe1,
    0xd3,0xff,0xe7,0xe1,0xd3,0xff,0xe7,0xe1,0xd3,0xff,0xe7,0xe1,0xd3,0xff,0xe7,0xe1,
    0xd3,0xff,0xad,0xd6,0xd7,0xff,0x27,0xbf,0xe3,0xff,0x00,0xb9,0xe7,0xff,0x00,0xb9,
    0xe7,0xff,0x00,0xb9,0xe7,0xff,0x00,0xb9,0xe7,0xff,0x00,0xc8,0xfb,0xff,0x00,0xcc,
    0xff,0xff,0x00,0xcc,0xff,0xff,0x00,0xcc,0xff,0xff,0x0f,0xcd,0xfb,0xff,0x83,0xd7,
    0xe5,0xff,0xe5,0xe0,0xd3,0xff,0xe7,0xe1,0xd3,0xff,0xe7,0xe1,0xd3,0xff,0xe7,0xe1,
    0xd3,0xff,0xe7,0xe1,0xd3,0xff,0xdd,0xd5,0xc2,0xff,0xc6,0xba,0x9d,0x9b,0x00,0x00,
    0x00,0x00,0x00,0x00,0x00,0x00,0x00,0x00,0x00,0x00,0x00,0x00,0x00,0x00,0x00,0x00,
    0x00,0x00,0x00,0x00,0x00,0x00,0x00,0x00,0x00,0x00,0x00,0x00,0x00,0x00,0x00,0x00,
    0x00,0x00,0x00,0x00,0x00,0x00,0x00,0x00,0x00,0x00,0x00,0x00,0x00,0x00,0x00,0x00,
    0x00,0x00,0x00,0x00,0x00,0x00,0x00,0x00,0x00,0x00,0x00,0x00,0x00,0x00,0xca,0xca,
    0xca,0x96,0xf1,0xd1,0x88,0xff,0xf5,0xbb,0x36,0xff,0xf5,0xbb,0x36,0xff,0xf4,0xc6,
    0x5c,0xff,0xd5,0xd5,0xd5,0xf2,0x00,0x00,0x00,0x00,0x00,0x00,0x00,0x00,0x00,0x00,
    0x00,0x00,0x00,0x00,0x00,0x00,0x00,0x00,0x00,0x00,0x00,0x00,0x00,0x00,0x00,0x00,
    0x00,0x00,0x00,0x00,0x00,0x00,0x00,0x00,0x00,0x00,0x00,0x00,0x00,0x00,0x00,0x00,
    0x00,0x00,0x00,0x00,0x00,0x00,0x00,0x00,0x00,0x00,0x00,0x00,0x00,0x00,0x00,0x00,
    0x00,0x00,0x00,0x00,0x00,0x00,0x00,0x00,0x00,0x00,0xcd,0xcd,0xcd,0xd8,0xeb,0xeb,
    0xe9,0xff,0xa6,0x8e,0x49,0xff,0x6d,0x5e,0x2d,0x9f,0x00,0x00,0x00,0x00,0x00,0x00,
    0x00,0x00,0x00,0x00,0x00,0x00,0x00,0x00,0x00,0x00,0x00,0x00,0x00,0x00,0x9f,0x9f,
    0x9f,0x4a,0xa0,0xa0,0xa0,0x6f,0xa0,0xa0,0xa0,0x6f,0xa0,0xa0,0xa0,0x6f,0xa0,0xa0,
    0xa0,0x6f,0xa0,0xa0,0xa0,0x64,0x00,0x00,0x00,0x00,0x00,0x00,0x00,0x00,0x00,0x00,
    0x00,0x00,0x00,0x00,0x00,0x00,0x00,0x00,0x00,0x00,0x66,0x59,0x2a,0x7f,0x9d,0x85,
    0x3d,0xff,0xe5,0xe3,0xdb,0xff,0xd3,0xd3,0xd3,0xf4,0xc1,0xc1,0xc1,0x0a,0x00,0x00,
    0x00,0x00,0x00,0x00,0x00,0x00,0x00,0x00,0x00,0x00,0x00,0x00,0x00,0x00,0x00,0x00,
    0x00,0x00,0x00,0x00,0x00,0x00,0x00,0x00,0x00,0x00,0xc4,0xc4,0xc4,0x8c,0xea,0xea,
    0xea,0xff,0xbb,0xab,0x7a,0xff,0x79,0x68,0x31,0xcf,0x00,0x00,0x00,0x00,0x00,0x00,
    0x00,0x00,0x00,0x00,0x00,0x00,0x00,0x00,0x00,0x00,0x00,0x00,0x00,0x00,0x00,0x00,
    0x00,0x00,0x00,0x00,0x00,0x00,0x00,0x00,0x00,0x00,0x00,0x00,0x00,0x00,0x00,0x00,
    0x00,0x00,0x00,0x00,0x00,0x00,0x00,0x00,0x00,0x00,0x00,0x00,0x00,0x00,0x00,0x00,
    0x00,0x00,0x00,0x00,0x00,0x00,0x00,0x00,0x00,0x00,0x72,0x62,0x2e,0xaf,0xae,0x9a,
    0x5d,0xff,0xed,0xed,0xed,0xff,0xc8,0xc8,0xc8,0xb7,0x00,0x00,0x00,0x00,0x00,0x00,
    0x00,0x00,0x00,0x00,0x00,0x00,0x00,0x00,0x00,0x00,0x00,0x00,0x00,0x00,0x00,0x00,
    0x00,0x00,0x00,0x00,0x00,0x00,0x00,0x00,0x00,0x00,0x00,0x00,0x00,0x00,0x00,0x00,
    0x00,0x00,0x21,0x42,0x6f,0x4f,0x28,0x5a,0x99,0xff,0x2e,0x6c,0xbb,0xff,0x2e,0x6c,
    0xbb,0xff,0x8d,0xac,0xd4,0xff,0xd2,0xd2,0xd2,0xf0,0xbe,0xbe,0xbe,0x05,0x00,0x00,
    0x00,0x00,0x00,0x00,0x00,0x00,0x00,0x00,0x00,0x00,0x00,0x00,0x00,0x00,0x00,0x00,
    0x00,0x00,0x00,0x00,0x00,0x00,0x00,0x00,0x00,0x00,0xd4,0xd4,0xd4,0xc8,0x9c,0xb6,
    0xd8,0xff,0x2e,0x6c,0xbb,0xff,0x2e,0x6c,0xbb,0xff,0x2b,0x64,0xac,0xff,0x22,0x43,
    0x6f,0x8f,0x00,0x00,0x00,0x00,0x00,0x00,0x00,0x00,0x00,0x00,0x00,0x00,0x00,0x00,
    0x00,0x00,0x00,0x00,0x00,0x00,0x00,0x00,0x00,0x00,0x00,0x00,0x00,0x00,0x00,0x00,
    0x00,0x00,0x00,0x00,0x00,0x00,0x00,0x00,0x00,0x00,0x00,0x00,0x00,0x00,0x00,0x00,
    0x00,0x00,0x20,0x40,0x6d,0x0f,0x25,0x4d,0x82,0xef,0x2e,0x6c,0xbb,0xff,0x2e,0x6c,
    0xbb,0xff,0x6c,0x96,0xcb,0xff,0xdb,0xdb,0xdb,0xff,0xc2,0xc2,0xc2,0x32,0x00,0x00,
    0x00,0x00,0x00,0x00,0x00,0x00,0x00,0x00,0x00,0x00,0x00,0x00,0x00,0x00,0x00,0x00,
    0x00,0x00,0x00,0x00,0x00,0x00,0xc2,0xc2,0xc2,0x05,0xd9,0xd9,0xd9,0xf1,0x71,0x99,
    0xcc,0xff,0x2e,0x6c,0xbb,0xff,0x2e,0x6c,0xbb,0xff,0x28,0x57,0x95,0xff,0x21,0x42,
    0x6e,0x3f,0x00,0x00,0x00,0x00,0x00,0x00,0x00,0x00,0x00,0x00,0x00,0x00,0x00,0x00,
    0x00,0x00,0x00,0x00,0x00,0x00,0x00,0x00,0x00,0x00,0x00,0x00,0x00,0x00,0x00,0x00,
    0x00,0x00,0x00,0x00,0x00,0x00,0x00,0x00,0x00,0x00,0xc6,0xba,0x9d,0x8d,0xda,0xd1,
    0xbd,0xff,0xe7,0xe1,0xd3,0xff,0xe7,0xe1,0xd3,0xff,0xe7,0xe1,0xd3,0xff,0xe8,0xe3,
    0xd6,0xff,0xe8,0xe3,0xd7,0xff,0xe7,0xe1,0xd3,0xff,0xb7,0xd4,0xb5,0xff,0x7a,0xc4,
    0x90,0xff,0x56,0xba,0x79,0xff,0x4a,0xb7,0x72,0xff,0x52,0xc9,0x7e,0xff,0x59,0xcd,
    0x84,0xff,0x72,0xd1,0x92,0xff,0xa7,0xd8,0xaf,0xff,0xdf,0xe0,0xce,0xff,0xe8,0xe2,
    0xd5,0xff,0xe9,0xe4,0xd8,0xff,0xe7,0xe1,0xd3,0xff,0xe7,0xe1,0xd3,0xff,0xe7,0xe1,
    0xd3,0xff,0xe0,0xd9,0xc8,0xff,0xc8,0xbc,0xa0,0xc8,0xc4,0xb9,0x9c,0x0a,0x00,0x00,
    0x00,0x00,0x00,0x00,0x00,0x00,0x00,0x00,0x00,0x00,0x00,0x00,0x00,0x00,0x00,0x00,
    0x00,0x00,0x00,0x00,0x00,0x00,0x00,0x00,0x00,0x00,0xc4,0xb7,0x9a,0x18,0xca,0xbf,
    0xa3,0xdb,0xe3,0xdc,0xcd,0xff,0xe7,0xe1,0xd3,0xff,0xe7,0xe1,0xd3,0xff,0xee,0xeb,
    0xe2,0xff,0xef,0xec,0xe4,0xff,0xe7,0xe1,0xd3,0xff,0xe7,0xe1,0xd3,0xff,0xe7,0xe1,
    0xd3,0xff,0xd3,0xdb,0xc6,0xff,0xc7,0xd8,0xbf,0xff,0xc9,0xdc,0xc2,0xff,0xce,0xdd,
    0xc5,0xff,0xe3,0xe0,0xd0,0xff,0xe7,0xe1,0xd3,0xff,0xe7,0xe1,0xd3,0xff,0xec,0xe8,
    0xdd,0xff,0xf1,0xef,0xe9,0xff,0xe7,0xe1,0xd3,0xff,0xe7,0xe1,0xd3,0xff,0xe6,0xe0,
    0xd1,0xff,0xd0,0xc5,0xad,0xf6,0xc5,0xb9,0x9c,0x3f,0x00,0x00,0x00,0x00,0x00,0x00,
    0x00,0x00,0x00,0x00,0x00,0x00,0x00,0x00,0x00,0x00,0x00,0x00,0x00,0x00,0x00,0x00,
    0x00,0x00,0x00,0x00,0x00,0x00,0x00,0x00,0x00,0x00,0xc6,0xba,0x9d,0x8d,0xda,0xd1,
    0xbd,0xff,0xe7,0xe1,0xd3,0xff,0xe7,0xe1,0xd3,0xff,0xe7,0xe1,0xd3,0xff,0xe8,0xe3,
    0xd6,0xff,0xe8,0xe3,0xd7,0xff,0xe7,0xe1,0xd3,0xff,0xad,0xd7,0xd7,0xff,0x61,0xc9,
    0xde,0xff,0x34,0xc2,0xe2,0xff,0x26,0xbf,0xe3,0xff,0x26,0xcc,0xf4,0xff,0x2c,0xcf,
    0xf6,0xff,0x4e,0xd3,0xf0,0xff,0x93,0xd9,0xe2,0xff,0xdd,0xe0,0xd4,0xff,0xe8,0xe2,
    0xd5,0xff,0xe9,0xe4,0xd8,0xff,0xe7,0xe1,0xd3,0xff,0xe7,0xe1,0xd3,0xff,0xe7,0xe1,
    0xd3,0xff,0xe0,0xd9,0xc8,0xff,0xc8,0xbc,0xa0,0xc8,0xc4,0xb9,0x9c,0x0a,0x00,0x00,
    0x00,0x00,0x00,0x00,0x00,0x00,0x00,0x00,0x00,0x00,0x00,0x00,0x00,0x00,0x00,0x00,
    0x00,0x00,0x00,0x00,0x00,0x00,0x00,0x00,0x00,0x00,0x00,0x00,0x00,0x00,0x00,0x00,
    0x00,0x00,0x00,0x00,0x00,0x00,0x00,0x00,0x00,0x00,0x00,0x00,0x00,0x00,0x00,0x00,
    0x00,0x00,0x00,0x00,0x00,0x00,0x00,0x00,0x00,0x00,0x00,0x00,0x00,0x00,0xca,0xca,
    0xca,0x74,0xeb,0xe6,0xdb,0xff,0xf2,0xe8,0xd2,0xff,0xf2,0xe8,0xd2,0xff,0xf2,0xeb,
    0xda,0xff,0xd0,0xd0,0xd0,0xc9,0x00,0x00,0x00,0x00,0x00,0x00,0x00,0x00,0x00,0x00,
    0x00,0x00,0x00,0x00,0x00,0x00,0x00,0x00,0x00,0x00,0x00,0x00,0x00,0x00,0x00,0x00,
    0x00,0x00,0x00,0x00,0x00,0x00,0x00,0x00,0x00,0x00,0x00,0x00,0x00,0x00,0x00,0x00,
    0x00,0x00,0x00,0x00,0x00,0x00,0x00,0x00,0x00,0x00,0x00,0x00,0x00,0x00,0x00,0x00,
    0x00,0x00,0x00,0x00,0x00,0x00,0x00,0x00,0x00,0x00,0xc3,0xc3,0xc3,0x7f,0xe9,0xe9,
    0xe9,0xff,0xbf,0xb0,0x83,0xff,0x7b,0x69,0x31,0xd7,0x00,0x00,0x00,0x00,0x00,0x00,
    0x00,0x00,0x00,0x00,0x00,0x00,0x00,0x00,0x00,0x00,0x00,0x00,0x00,0x00,0x00,0x00,
    0x00,0x00,0x00,0x00,0x00,0x00,0x00,0x00,0x00,0x00,0x00,0x00,0x00,0x00,0x00,0x00,
    0x00,0x00,0x00,0x00,0x00,0x00,0x00,0x00,0x00,0x00,0x00,0x00,0x00,0x00,0x00,0x00,
    0x00,0x00,0x00,0x00,0x00,0x00,0x00,0x00,0x00,0x00,0x74,0x64,0x2f,0xb7,0xb2,0x9f,
    0x66,0xff,0xed,0xed,0xed,0xff,0xc6,0xc6,0xc6,0xa9,0x00,0x00,0x00,0x00,0x00,0x00,
    0x00,0x00,0x00,0x00,0x00,0x00,0x00,0x00,0x00,0x00,0x00,0x00,0x00,0x00,0x00,0x00,
    0x00,0x00,0x00,0x00,0x00,0x00,0x00,0x00,0x00,0x00,0xc2,0xc2,0xc2,0x25,0xd2,0xd2,
    0xd2,0xeb,0xb6,0xb0,0x9e,0xcf,0x6e,0x5e,0x2d,0x91,0x00,0x00,0x00,0x00,0x00,0x00,
    0x00,0x00,0x00,0x00,0x00,0x00,0x00,0x00,0x00,0x00,0x00,0x00,0x00,0x00,0x00,0x00,
    0x00,0x00,0x00,0x00,0x00,0x00,0x00,0x00,0x00,0x00,0x00,0x00,0x00,0x00,0x00,0x00,
    0x00,0x00,0x00,0x00,0x00,0x00,0x00,0x00,0x00,0x00,0x00,0x00,0x00,0x00,0x00,0x00,
    0x00,0x00,0x00,0x00,0x00,0x00,0x00,0x00,0x00,0x00,0x6c,0x5c,0x2c,0x78,0xa5,0x9c,
    0x81,0xc8,0xd4,0xd4,0xd4,0xeb,0xc2,0xc2,0xc2,0x4b,0x00,0x00,0x00,0x00,0x00,0x00,
    0x00,0x00,0x00,0x00,0x00,0x00,0x00,0x00,0x00,0x00,0x00,0x00,0x00,0x00,0x00,0x00,
    0x00,0x00,0x00,0x00,0x00,0x00,0x00,0x00,0x00,0x00,0x00,0x00,0x00,0x00,0x00,0x00,
    0x00,0x00,0x21,0x3c,0x6c,0x05,0x24,0x4b,0x7d,0xe9,0x2e,0x6c,0xbb,0xff,0x2e,0x6c,
    0xbb,0xff,0x66,0x91,0xc9,0xff,0xdd,0xdd,0xdd,0xff,0xc2,0xc2,0xc2,0x3d,0x00,0x00,
    0x00,0x00,0x00,0x00,0x00,0x00,0x00,0x00,0x00,0x00,0x00,0x00,0x00,0x00,0x00,0x00,
    0x00,0x00,0x00,0x00,0x00,0x00,0xc2,0xc2,0xc2,0x07,0xda,0xda,0xda,0xf8,0x68,0x93,
    0xca,0xff,0x2e,0x6c,0xbb,0xff,0x2e,0x6c,0xbb,0xff,0x27,0x55,0x90,0xff,0x20,0x41,
    0x6e,0x2f,0x00,0x00,0x00,0x00,0x00,0x00,0x00,0x00,0x00,0x00,0x00,0x00,0x00,0x00,
    0x00,0x00,0x00,0x00,0x00,0x00,0x00,0x00,0x00,0x00,0x00,0x00,0x00,0x00,0x00,0x00,
    0x00,0x00,0x00,0x00,0x00,0x00,0x00,0x00,0x00,0x00,0x00,0x00,0x00,0x00,0x00,0x00,
    0x00,0x00,0x00,0x00,0x00,0x00,0x22,0x43,0x6f,0x8f,0x2b,0x64,0xac,0xff,0x2e,0x6c,
    0xbb,0xff,0x3c,0x70,0xb1,0xff,0xd3,0xd3,0xd3,0xff,0xc3,0xc3,0xc3,0x56,0x00,0x00,
    0x00,0x00,0x00,0x00,0x00,0x00,0x00,0x00,0x00,0x00,0x00,0x00,0x00,0x00,0x00,0x00,
    0x00,0x00,0x00,0x00,0x00,0x00,0xc2,0xc2,0xc2,0x1d,0xce,0xce,0xcf,0xf7,0x36,0x6a,
    0xae,0xff,0x2e,0x6c,0xbb,0xff,0x2d,0x6b,0xb9,0xff,0x23,0x47,0x77,0xcf,0x00,0x00,
    0x00,0x00,0x00,0x00,0x00,0x00,0x00,0x00,0x00,0x00,0x00,0x00,0x00,0x00,0x00,0x00,
    0x00,0x00,0x00,0x00,0x00,0x00,0x00,0x00,0x00,0x00,0x00,0x00,0x00,0x00,0x00,0x00,
    0x00,0x00,0x00,0x00,0x00,0x00,0x00,0x00,0x00,0x00,0xbb,0xaa,0x88,0x01,0xc6,0xba,
    0x9d,0xa6,0xdc,0xd4,0xc1,0xff,0xe7,0xe1,0xd3,0xff,0xe7,0xe1,0xd3,0xff,0xee,0xeb,
    0xe2,0xff,0xf0,0xee,0xe6,0xff,0xe7,0xe1,0xd3,0xff,0xe7,0xe1,0xd3,0xff,0xe7,0xe1,
    0xd3,0xff,0xe7,0xe1,0xd3,0xff,0xe7,0xe1,0xd3,0xff,0xe7,0xe1,0xd3,0xff,0xe7,0xe1,
    0xd3,0xff,0xe7,0xe1,0xd3,0xff,0xe7,0xe1,0xd3,0xff,0xe7,0xe1,0xd3,0xff,0xec,0xe8,
    0xdd,0xff,0xf2,0xf0,0xea,0xff,0xe7,0xe1,0xd3,0xff,0xe7,0xe1,0xd3,0xff,0xe1,0xda,
    0xca,0xff,0xca,0xbe,0xa3,0xd6,0xc5,0xb8,0x9b,0x11,0x00,0x00,0x00,0x00,0x00,0x00,
    0x00,0x00,0x00,0x00,0x00,0x00,0x00,0x00,0x00,0x00,0x00,0x00,0x00,0x00,0x00,0x00,
    0x00,0x00,0x00,0x00,0x00,0x00,0x00,0x00,0x00,0x00,0x00,0x00,0x00,0x00,0xc3,0xb9,
    0x9b,0x25,0xca,0xbf,0xa4,0xdd,0xe0,0xd8,0xc7,0xff,0xe7,0xe1,0xd3,0xff,0xe9,0xe3,
    0xd7,0xff,0xe9,0xe4,0xd8,0xff,0xe7,0xe1,0xd3,0xff,0xe7,0xe1,0xd3,0xff,0xe7,0xe1,
    0xd3,0xff,0xe7,0xe1,0xd3,0xff,0xe3,0xdc,0xcd,0xff,0xe0,0xd9,0xc7,0xff,0xe7,0xe1,
    0xd3,0xff,0xe7,0xe1,0xd3,0xff,0xe7,0xe1,0xd3,0xff,0xe7,0xe1,0xd3,0xff,0xe8,0xe2,
    0xd5,0xff,0xea,0xe5,0xd9,0xff,0xe7,0xe1,0xd3,0xff,0xe3,0xdd,0xcd,0xff,0xcf,0xc4,
    0xab,0xf4,0xc5,0xb9,0x9b,0x4d,0x00,0x00,0x00,0x00,0x00,0x00,0x00,0x00,0x00,0x00,
    0x00,0x00,0x00,0x00,0x00,0x00,0x00,0x00,0x00,0x00,0x00,0x00,0x00,0x00,0x00,0x00,
    0x00,0x00,0x00,0x00,0x00,0x00,0x00,0x00,0x00,0x00,0xbb,0xaa,0x88,0x01,0xc6,0xba,
    0x9d,0xa6,0xdc,0xd4,0xc1,0xff,0xe7,0xe1,0xd3,0xff,0xe7,0xe1,0xd3,0xff,0xee,0xeb,
    0xe2,0xff,0xf0,0xee,0xe6,0xff,0xe7,0xe1,0xd3,0xff,0xe7,0xe1,0xd3,0xff,0xe7,0xe1,
    0xd3,0xff,0xe7,0xe1,0xd3,0xff,0xe7,0xe1,0xd3,0xff,0xe7,0xe1,0xd3,0xff,0xe7,0xe1,
    0xd3,0xff,0xe7,0xe1,0xd3,0xff,0xe7,0xe1,0xd3,0xff,0xe7,0xe1,0xd3,0xff,0xec,0xe8,
    0xdd,0xff,0xf2,0xf0,0xea,0xff,0xe7,0xe1,0xd3,0xff,0xe7,0xe1,0xd3,0xff,0xe1,0xda,
    0xca,0xff,0xca,0xbe,0xa3,0xd6,0xc5,0xb8,0x9b,0x11,0x00,0x00,0x00,0x00,0x00,0x00,
    0x00,0x00,0x00,0x00,0x00,0x00,0x00,0x00,0x00,0x00,0x00,0x00,0x00,0x00,0x00,0x00,
    0x00,0x00,0x00,0x00,0x00,0x00,0x00,0x00,0x00,0x00,0x00,0x00,0x00,0x00,0x00,0x00,
    0x00,0x00,0x00,0x00,0x00,0x00,0x00,0x00,0x00,0x00,0x00,0x00,0x00,0x00,0x00,0x00,
    0x00,0x00,0x00,0x00,0x00,0x00,0x00,0x00,0x00,0x00,0x00,0x00,0x00,0x00,0xc9,0xc9,
    0xc9,0x38,0xd4,0xd4,0xd4,0xf7,0xd8,0xd8,0xd8,0xff,0xd8,0xd8,0xd8,0xff,0xd8,0xd8,
    0xd8,0xff,0xc9,0xc9,0xc9,0x88,0x00,0x00,0x00,0x00,0x00,0x00,0x00,0x00,0x00,0x00,
    0x00,0x00,0x00,0x00,0x00,0x00,0x00,0x00,0x00,0x00,0x00,0x00,0x00,0x00,0x00,0x00,
    0x00,0x00,0x00,0x00,0x00,0x00,0x00,0x00,0x00,0x00,0x00,0x00,0x00,0x00,0x00,0x00,
    0x00,0x00,0x00,0x00,0x00,0x00,0x00,0x00,0x00,0x00,0x00,0x00,0x00,0x00,0x00,0x00,
    0x00,0x00,0x00,0x00,0x00,0x00,0x00,0x00,0x00,0x00,0xc2,0xc2,0xc2,0x25,0xd2,0xd2,
    0xd2,0xeb,0xb6,0xb0,0x9e,0xcf,0x6e,0x5e,0x2d,0x91,0x00,0x00,0x00,0x00,0x00,0x00,
    0x00,0x00,0x00,0x00,0x00,0x00,0x00,0x00,0x00,0x00,0x00,0x00,0x00,0x00,0x00,0x00,
    0x00,0x00,0x00,0x00,0x00,0x00,0x00,0x00,0x00,0x00,0x00,0x00,0x00,0x00,0x00,0x00,
    0x00,0x00,0x00,0x00,0x00,0x00,0x00,0x00,0x00,0x00,0x00,0x00,0x00,0x00,0x00,0x00,
    0x00,0x00,0x00,0x00,0x00,0x00,0x00,0x00,0x00,0x00,0x6c,0x5c,0x2c,0x78,0xa5,0x9c,
    0x81,0xc8,0xd4,0xd4,0xd4,0xeb,0xc2,0xc2,0xc2,0x4b,0x00,0x00,0x00,0x00,0x00,0x00,
    0x00,0x00,0x00,0x00,0x00,0x00,0x00,0x00,0x00,0x00,0x00,0x00,0x00,0x00,0x00,0x00,
    0x00,0x00,0x00,0x00,0x00,0x00,0x00,0x00,0x00,0x00,0x00,0x00,0x00,0x00,0x00,0x00,
    0x00,0x00,0x00,0x00,0x00,0x00,0x00,0x00,0x00,0x00,0x00,0x00,0x00,0x00,0x00,0x00,
    0x00,0x00,0x00,0x00,0x00,0x00,0x00,0x00,0x00,0x00,0x00,0x00,0x00,0x00,0x00,0x00,
    0x00,0x00,0x00,0x00,0x00,0x00,0x00,0x00,0x00,0x00,0x00,0x00,0x00,0x00,0x00,0x00,
    0x00,0x00,0x00,0x00,0x00,0x00,0x00,0x00,0x00,0x00,0x00,0x00,0x00,0x00,0x00,0x00,
    0x00,0x00,0x00,0x00,0x00,0x00,0x00,0x00,0x00,0x00,0x00,0x00,0x00,0x00,0x00,0x00,
    0x00,0x00,0x00,0x00,0x00,0x00,0x00,0x00,0x00,0x00,0x00,0x00,0x00,0x00,0x00,0x00,
    0x00,0x00,0x00,0x00,0x00,0x00,0x00,0x00,0x00,0x00,0x00,0x00,0x00,0x00,0x00,0x00,
    0x00,0x00,0x00,0x00,0x00,0x00,0x00,0x00,0x00,0x00,0x00,0x00,0x00,0x00,0x00,0x00,
    0x00,0x00,0x00,0x00,0x00,0x00,0x22,0x43,0x6f,0x8f,0x2b,0x64,0xac,0xff,0x2e,0x6c,
    0xbb,0xff,0x3c,0x70,0xb1,0xff,0xd3,0xd3,0xd3,0xff,0xc3,0xc3,0xc3,0x56,0x00,0x00,
    0x00,0x00,0x00,0x00,0x00,0x00,0x00,0x00,0x00,0x00,0x00,0x00,0x00,0x00,0x00,0x00,
    0x00,0x00,0x00,0x00,0x00,0x00,0xc2,0xc2,0xc2,0x1d,0xce,0xce,0xcf,0xf7,0x36,0x6a,
    0xae,0xff,0x2e,0x6c,0xbb,0xff,0x2d,0x6b,0xb9,0xff,0x23,0x47,0x77,0xcf,0x00,0x00,
    0x00,0x00,0x00,0x00,0x00,0x00,0x00,0x00,0x00,0x00,0x00,0x00,0x00,0x00,0x00,0x00,
    0x00,0x00,0x00,0x00,0x00,0x00,0x00,0x00,0x00,0x00,0x00,0x00,0x00,0x00,0x00,0x00,
    0x00,0x00,0x00,0x00,0x00,0x00,0x00,0x00,0x00,0x00,0x00,0x00,0x00,0x00,0x00,0x00,
    0x00,0x00,0x00,0x00,0x00,0x00,0x20,0x41,0x6e,0x22,0x24,0x4c,0x7f,0xd9,0x25,0x4d,
    0x82,0xb7,0x22,0x43,0x6f,0x67,0xa9,0xaf,0xb5,0x1b,0x00,0x00,0x00,0x00,0x00,0x00,
    0x00,0x00,0x00,0x00,0x00,0x00,0x00,0x00,0x00,0x00,0x00,0x00,0x00,0x00,0x00,0x00,
    0x00,0x00,0x00,0x00,0x00,0x00,0x00,0x00,0x00,0x00,0x84,0x90,0xa1,0x19,0x22,0x43,
    0x6f,0x67,0x24,0x49,0x7b,0xac,0x25,0x4f,0x85,0xdb,0x21,0x42,0x6f,0x52,0x00,0x00,
    0x00,0x00,0x00,0x00,0x00,0x00,0x00,0x00,0x00,0x00,0x00,0x00,0x00,0x00,0x00,0x00,
    0x00,0x00,0x00,0x00,0x00,0x00,0x00,0x00,0x00,0x00,0x00,0x00,0x00,0x00,0x00,0x00,
    0x00,0x00,0x00,0x00,0x00,0x00,0x00,0x00,0x00,0x00,0x00,0x00,0x00,0x00,0xc3,0xb8,
    0x98,0x05,0xc6,0xba,0x9d,0x9f,0xd6,0xcc,0xb6,0xff,0xe6,0xdf,0xd1,0xff,0xe7,0xe1,
    0xd3,0xff,0xe7,0xe1,0xd3,0xff,0xe7,0xe1,0xd3,0xff,0xe7,0xe1,0xd3,0xff,0xe7,0xe1,
    0xd3,0xff,0xe7,0xe1,0xd3,0xff,0xde,0xd6,0xc4,0xff,0xd7,0xce,0xb9,0xff,0xe7,0xe1,
    0xd3,0xff,0xe7,0xe1,0xd3,0xff,0xe7,0xe1,0xd3,0xff,0xe7,0xe1,0xd3,0xff,0xe7,0xe1,
    0xd3,0xff,0xe7,0xe1,0xd3,0xff,0xe7,0xe1,0xd3,0xff,0xdb,0xd3,0xc0,0xff,0xc8,0xbd,
    0xa1,0xcb,0xc4,0xb7,0x9a,0x18,0x00,0x00,0x00,0x00,0x00,0x00,0x00,0x00,0x00,0x00,
    0x00,0x00,0x00,0x00,0x00,0x00,0x00,0x00,0x00,0x00,0x00,0x00,0x00,0x00,0x00,0x00,
    0x00,0x00,0x00,0x00,0x00,0x00,0x00,0x00,0x00,0x00,0x00,0x00,0x00,0x00,0x00,0x00,
    0x00,0x00,0xc4,0xb7,0x9a,0x11,0xc6,0xbb,0x9e,0x86,0xd2,0xc9,0xb1,0xf1,0xe0,0xd9,
    0xc7,0xff,0xe7,0xe1,0xd3,0xff,0xe7,0xe1,0xd3,0xff,0xe7,0xe1,0xd3,0xff,0xe7,0xe1,
    0xd3,0xff,0xe7,0xe1,0xd3,0xff,0xdb,0xd3,0xc0,0xff,0xd5,0xcc,0xb5,0xff,0xe7,0xe1,
    0xd3,0xff,0xe7,0xe1,0xd3,0xff,0xe7,0xe1,0xd3,0xff,0xe7,0xe1,0xd3,0xff,0xe7,0xe1,
    0xd3,0xff,0xe3,0xdc,0xcc,0xff,0xd6,0xcd,0xb7,0xfc,0xc9,0xbd,0xa2,0xa8,0xc5,0xba,
    0x9c,0x25,0x00,0x00,0x00,0x00,0x00,0x00,0x00,0x00,0x00,0x00,0x00,0x00,0x00,0x00,
    0x00,0x00,0x00,0x00,0x00,0x00,0x00,0x00,0x00,0x00,0x00,0x00,0x00,0x00,0x00,0x00,
    0x00,0x00,0x00,0x00,0x00,0x00,0x00,0x00,0x00,0x00,0x00,0x00,0x00,0x00,0xc3,0xb8,
    0x98,0x05,0xc6,0xba,0x9d,0x9f,0xd6,0xcc,0xb6,0xff,0xe6,0xdf,0xd1,0xff,0xe7,0xe1,
    0xd3,0xff,0xe7,0xe1,0xd3,0xff,0xe7,0xe1,0xd3,0xff,0xe7,0xe1,0xd3,0xff,0xe7,0xe1,
    0xd3,0xff,0xe7,0xe1,0xd3,0xff,0xde,0xd6,0xc4,0xff,0xd7,0xce,0xb9,0xff,0xe7,0xe1,
    0xd3,0xff,0xe7,0xe1,0xd3,0xff,0xe7,0xe1,0xd3,0xff,0xe7,0xe1,0xd3,0xff,0xe7,0xe1,
    0xd3,0xff,0xe7,0xe1,0xd3,0xff,0xe7,0xe1,0xd3,0xff,0xdb,0xd3,0xc0,0xff,0xc8,0xbd,
    0xa1,0xcb,0xc4,0xb7,0x9a,0x18,0x00,0x00,0x00,0x00,0x00,0x00,0x00,0x00,0x00,0x00,
    0x00,0x00,0x00,0x00,0x00,0x00,0x00,0x00,0x00,0x00,0x00,0x00,0x00,0x00,0x00,0x00,
    0x00,0x00,0x00,0x00,0x00,0x00,0x00,0x00,0x00,0x00,0x00,0x00,0x00,0x00,0x00,0x00,
    0x00,0x00,0x00,0x00,0x00,0x00,0x00,0x00,0x00,0x00,0x00,0x00,0x00,0x00,0x00,0x00,
    0x00,0x00,0x00,0x00,0x00,0x00,0x00,0x00,0x00,0x00,0x00,0x00,0x00,0x00,0x00,0x00,
    0x00,0x00,0x00,0x00,0x00,0x00,0x00,0x00,0x00,0x00,0x00,0x00,0x00,0x00,0x00,0x00,
    0x00,0x00,0x00,0x00,0x00,0x00,0x00,0x00,0x00,0x00,0x00,0x00,0x00,0x00,0x00,0x00,
    0x00,0x00,0x00,0x00,0x00,0x00,0x00,0x00,0x00,0x00,0x00,0x00,0x00,0x00,0x00,0x00,
    0x00,0x00,0x00,0x00,0x00,0x00,0x00,0x00,0x00,0x00,0x00,0x00,0x00,0x00,0x00,0x00,
    0x00,0x00,0x00,0x00,0x00,0x00,0x00,0x00,0x00,0x00,0x00,0x00,0x00,0x00,0x00,0x00,
    0x00,0x00,0x00,0x00,0x00,0x00,0x00,0x00,0x00,0x00,0x00,0x00,0x00,0x00,0x00,0x00,
    0x00,0x00,0x00,0x00,0x00,0x00,0x00,0x00,0x00,0x00,0x00,0x00,0x00,0x00,0x00,0x00,
    0x00,0x00,0x00,0x00,0x00,0x00,0x00,0x00,0x00,0x00,0x00,0x00,0x00,0x00,0x00,0x00,
    0x00,0x00,0x00,0x00,0x00,0x00,0x00,0x00,0x00,0x00,0x00,0x00,0x00,0x00,0x00,0x00,
    0x00,0x00,0x00,0x00,0x00,0x00,0x00,0x00,0x00,0x00,0x00,0x00,0x00,0x00,0x00,0x00,
    0x00,0x00,0x00,0x00,0x00,0x00,0x00,0x00,0x00,0x00,0x00,0x00,0x00,0x00,0x00,0x00,
    0x00,0x00,0x00,0x00,0x00,0x00,0x00,0x00,0x00,0x00,0x00,0x00,0x00,0x00,0x00,0x00,
    0x00,0x00,0x00,0x00,0x00,0x00,0x00,0x00,0x00,0x00,0x00,0x00,0x00,0x00,0x00,0x00,
    0x00,0x00,0x00,0x00,0x00,0x00,0x00,0x00,0x00,0x00,0x00,0x00,0x00,0x00,0x00,0x00,
    0x00,0x00,0x00,0x00,0x00,0x00,0x00,0x00,0x00,0x00,0x00,0x00,0x00,0x00,0x00,0x00,
    0x00,0x00,0x00,0x00,0x00,0x00,0x00,0x00,0x00,0x00,0x00,0x00,0x00,0x00,0x00,0x00,
    0x00,0x00,0x00,0x00,0x00,0x00,0x00,0x00,0x00,0x00,0x00,0x00,0x00,0x00,0x00,0x00,
    0x00,0x00,0x00,0x00,0x00,0x00,0x00,0x00,0x00,0x00,0x00,0x00,0x00,0x00,0x00,0x00,
    0x00,0x00,0x00,0x00,0x00,0x00,0x00,0x00,0x00,0x00,0x00,0x00,0x00,0x00,0x00,0x00,
    0x00,0x00,0x00,0x00,0x00,0x00,0x00,0x00,0x00,0x00,0x00,0x00,0x00,0x00,0x00,0x00,
    0x00,0x00,0x00,0x00,0x00,0x00,0x00,0x00,0x00,0x00,0x00,0x00,0x00,0x00,0x00,0x00,
    0x00,0x00,0x00,0x00,0x00,0x00,0x00,0x00,0x00,0x00,0x00,0x00,0x00,0x00,0x00,0x00,
    0x00,0x00,0x00,0x00,0x00,0x00,0x20,0x41,0x6e,0x22,0x24,0x4c,0x7f,0xd9,0x25,0x4d,
    0x82,0xb7,0x22,0x43,0x6f,0x67,0xa9,0xaf,0xb5,0x1b,0x00,0x00,0x00,0x00,0x00,0x00,
    0x00,0x00,0x00,0x00,0x00,0x00,0x00,0x00,0x00,0x00,0x00,0x00,0x00,0x00,0x00,0x00,
    0x00,0x00,0x00,0x00,0x00,0x00,0x00,0x00,0x00,0x00,0x84,0x90,0xa1,0x19,0x22,0x43,
    0x6f,0x67,0x24,0x49,0x7b,0xac,0x25,0x4f,0x85,0xdb,0x21,0x42,0x6f,0x52,0x00,0x00,
    0x00,0x00,0x00,0x00,0x00,0x00,0x00,0x00,0x00,0x00,0x00,0x00,0x00,0x00,0x00,0x00,
    0x00,0x00,0x00,0x00,0x00,0x00,0x00,0x00,0x00,0x00,0x00,0x00,0x00,0x00,0x00,0x00,
    0x00,0x00,0x00,0x00,0x00,0x00,0x00,0x00,0x00,0x00,0x00,0x00,0x00,0x00,0x00,0x00,
    0x00,0x00,0x00,0x00,0x00,0x00,0x00,0x00,0x00,0x00,0x00,0x00,0x00,0x00,0x00,0x00,
    0x00,0x00,0x00,0x00,0x00,0x00,0x00,0x00,0x00,0x00,0x00,0x00,0x00,0x00,0x00,0x00,
    0x00,0x00,0x00,0x00,0x00,0x00,0x00,0x00,0x00,0x00,0x00,0x00,0x00,0x00,0x00,0x00,
    0x00,0x00,0x00,0x00,0x00,0x00,0x00,0x00,0x00,0x00,0x00,0x00,0x00,0x00,0x00,0x00,
    0x00,0x00,0x00,0x00,0x00,0x00,0x00,0x00,0x00,0x00,0x00,0x00,0x00,0x00,0x00,0x00,
    0x00,0x00,0x00,0x00,0x00,0x00,0x00,0x00,0x00,0x00,0x00,0x00,0x00,0x00,0x00,0x00,
    0x00,0x00,0x00,0x00,0x00,0x00,0x00,0x00,0x00,0x00,0x00,0x00,0x00,0x00,0x00,0x00,
    0x00,0x00,0x00,0x00,0x00,0x00,0x00,0x00,0x00,0x00,0x00,0x00,0x00,0x00,0x00,0x00,
    0x00,0x00,0x00,0x00,0x00,0x00,0xc5,0xb9,0x9c,0x5d,0xcc,0xc1,0xa7,0xed,0xde,0xd6,
    0xc4,0xff,0xe7,0xe1,0xd3,0xff,0xe7,0xe1,0xd3,0xff,0xe7,0xe1,0xd3,0xff,0xe7,0xe1,
    0xd3,0xff,0xe7,0xe1,0xd3,0xff,0xdd,0xd5,0xc2,0xff,0xd8,0xcf,0xba,0xff,0xe7,0xe1,
    0xd3,0xff,0xe7,0xe1,0xd3,0xff,0xe7,0xe1,0xd3,0xff,0xe7,0xe1,0xd3,0xff,0xe7,0xe1,
    0xd3,0xff,0xe1,0xda,0xca,0xff,0xd0,0xc6,0xad,0xfb,0xc5,0xb9,0x9c,0x8b,0xc3,0xb8,
    0x98,0x05,0x00,0x00,0x00,0x00,0x00,0x00,0x00,0x00,0x00,0x00,0x00,0x00,0x00,0x00,
    0x00,0x00,0x00,0x00,0x00,0x00,0x00,0x00,0x00,0x00,0x00,0x00,0x00,0x00,0x00,0x00,
    0x00,0x00,0x00,0x00,0x00,0x00,0x00,0x00,0x00,0x00,0x00,0x00,0x00,0x00,0x00,0x00,
    0x00,0x00,0x00,0x00,0x00,0x00,0x00,0x00,0x00,0x00,0xc2,0xb8,0x99,0x13,0xc6,0xba,
    0x9d,0x88,0xcc,0xc1,0xa6,0xef,0xd7,0xce,0xb9,0xff,0xe0,0xd9,0xc8,0xff,0xe6,0xe0,
    0xd1,0xff,0xe7,0xe1,0xd3,0xff,0xe7,0xe1,0xd3,0xff,0xe7,0xe1,0xd3,0xff,0xe7,0xe1,
    0xd3,0xff,0xe7,0xe1,0xd3,0xff,0xe2,0xdb,0xcb,0xff,0xda,0xd2,0xbe,0xff,0xcf,0xc5,
    0xac,0xf9,0xc6,0xba,0x9d,0xa8,0xc3,0xb8,0x9b,0x2a,0x00,0x00,0x00,0x00,0x00,0x00,
    0x00,0x00,0x00,0x00,0x00,0x00,0x00,0x00,0x00,0x00,0x00,0x00,0x00,0x00,0x00,0x00,
    0x00,0x00,0x00,0x00,0x00,0x00,0x00,0x00,0x00,0x00,0x00,0x00,0x00,0x00,0x00,0x00,
    0x00,0x00,0x00,0x00,0x00,0x00,0x00,0x00,0x00,0x00,0x00,0x00,0x00,0x00,0x00,0x00,
    0x00,0x00,0x00,0x00,0x00,0x00,0xc5,0xb9,0x9c,0x5d,0xcc,0xc1,0xa7,0xed,0xde,0xd6,
    0xc4,0xff,0xe7,0xe1,0xd3,0xff,0xe7,0xe1,0xd3,0xff,0xe7,0xe1,0xd3,0xff,0xe7,0xe1,
    0xd3,0xff,0xe7,0xe1,0xd3,0xff,0xdd,0xd5,0xc2,0xff,0xd8,0xcf,0xba,0xff,0xe7,0xe1,
    0xd3,0xff,0xe7,0xe1,0xd3,0xff,0xe7,0xe1,0xd3,0xff,0xe7,0xe1,0xd3,0xff,0xe7,0xe1,
    0xd3,0xff,0xe1,0xda,0xca,0xff,0xd0,0xc6,0xad,0xfb,0xc5,0xb9,0x9c,0x8b,0xc3,0xb8,
    0x98,0x05,0x00,0x00,0x00,0x00,0x00,0x00,0x00,0x00,0x00,0x00,0x00,0x00,0x00,0x00,
    0x00,0x00,0x00,0x00,0x00,0x00,0x00,0x00,0x00,0x00,0x00,0x00,0x00,0x00,0x00,0x00,
    0x00,0x00,0x00,0x00,0x00,0x00,0x00,0x00,0x00,0x00,0x00,0x00,0x00,0x00,0x00,0x00,
    0x00,0x00,0x00,0x00,0x00,0x00,0x00,0x00,0x00,0x00,0x00,0x00,0x00,0x00,0x00,0x00,
    0x00,0x00,0x00,0x00,0x00,0x00,0x00,0x00,0x00,0x00,0x00,0x00,0x00,0x00,0x00,0x00,
    0x00,0x00,0x00,0x00,0x00,0x00,0x00,0x00,0x00,0x00,0x00,0x00,0x00,0x00,0x00,0x00,
    0x00,0x00,0x00,0x00,0x00,0x00,0x00,0x00,0x00,0x00,0x00,0x00,0x00,0x00,0x00,0x00,
    0x00,0x00,0x00,0x00,0x00,0x00,0x00,0x00,0x00,0x00,0x00,0x00,0x00,0x00,0x00,0x00,
    0x00,0x00,0x00,0x00,0x00,0x00,0x00,0x00,0x00,0x00,0x00,0x00,0x00,0x00,0x00,0x00,
    0x00,0x00,0x00,0x00,0x00,0x00,0x00,0x00,0x00,0x00,0x00,0x00,0x00,0x00,0x00,0x00,
    0x00,0x00,0x00,0x00,0x00,0x00,0x00,0x00,0x00,0x00,0x00,0x00,0x00,0x00,0x00,0x00,
    0x00,0x00,0x00,0x00,0x00,0x00,0x00,0x00,0x00,0x00,0x00,0x00,0x00,0x00,0x00,0x00,
    0x00,0x00,0x00,0x00,0x00,0x00,0x00,0x00,0x00,0x00,0x00,0x00,0x00,0x00,0x00,0x00,
    0x00,0x00,0x00,0x00,0x00,0x00,0x00,0x00,0x00,0x00,0x00,0x00,0x00,0x00,0x00,0x00,
    0x00,0x00,0x00,0x00,0x00,0x00,0x00,0x00,0x00,0x00,0x00,0x00,0x00,0x00,0x00,0x00,
    0x00,0x00,0x00,0x00,0x00,0x00,0x00,0x00,0x00,0x00,0x00,0x00,0x00,0x00,0x00,0x00,
    0x00,0x00,0x00,0x00,0x00,0x00,0x00,0x00,0x00,0x00,0x00,0x00,0x00,0x00,0x00,0x00,
    0x00,0x00,0x00,0x00,0x00,0x00,0x00,0x00,0x00,0x00,0x00,0x00,0x00,0x00,0x00,0x00,
    0x00,0x00,0x00,0x00,0x00,0x00,0x00,0x00,0x00,0x00,0x00,0x00,0x00,0x00,0x00,0x00,
    0x00,0x00,0x00,0x00,0x00,0x00,0x00,0x00,0x00,0x00,0x00,0x00,0x00,0x00,0x00,0x00,
    0x00,0x00,0x00,0x00,0x00,0x00,0x00,0x00,0x00,0x00,0x00,0x00,0x00,0x00,0x00,0x00,
    0x00,0x00,0x00,0x00,0x00,0x00,0x00,0x00,0x00,0x00,0x00,0x00,0x00,0x00,0x00,0x00,
    0x00,0x00,0x00,0x00,0x00,0x00,0x00,0x00,0x00,0x00,0x00,0x00,0x00,0x00,0x00,0x00,
    0x00,0x00,0x00,0x00,0x00,0x00,0x00,0x00,0x00,0x00,0x00,0x00,0x00,0x00,0x00,0x00,
    0x00,0x00,0x00,0x00,0x00,0x00,0x00,0x00,0x00,0x00,0x00,0x00,0x00,0x00,0x00,0x00,
    0x00,0x00,0x00,0x00,0x00,0x00,0x00,0x00,0x00,0x00,0x00,0x00,0x00,0x00,0x00,0x00,
    0x00,0x00,0x00,0x00,0x00,0x00,0x00,0x00,0x00,0x00,0x00,0x00,0x00,0x00,0x00,0x00,
    0x00,0x00,0x00,0x00,0x00,0x00,0x00,0x00,0x00,0x00,0x00,0x00,0x00,0x00,0x00,0x00,
    0x00,0x00,0x00,0x00,0x00,0x00,0x00,0x00,0x00,0x00,0x00,0x00,0x00,0x00,0x00,0x00,
    0x00,0x00,0x00,0x00,0x00,0x00,0x00,0x00,0x00,0x00,0x00,0x00,0x00,0x00,0x00,0x00,
    0x00,0x00,0x00,0x00,0x00,0x00,0x00,0x00,0x00,0x00,0x00,0x00,0x00,0x00,0x00,0x00,
    0x00,0x00,0x00,0x00,0x00,0x00,0x00,0x00,0x00,0x00,0x00,0x00,0x00,0x00,0x00,0x00,
    0x00,0x00,0x00,0x00,0x00,0x00,0x00,0x00,0x00,0x00,0x00,0x00,0x00,0x00,0x00,0x00,
    0x00,0x00,0x00,0x00,0x00,0x00,0x00,0x00,0x00,0x00,0x00,0x00,0x00,0x00,0x00,0x00,
    0x00,0x00,0x00,0x00,0x00,0x00,0x00,0x00,0x00,0x00,0x00,0x00,0x00,0x00,0x00,0x00,
    0x00,0x00,0x00,0x00,0x00,0x00,0x00,0x00,0x00,0x00,0x00,0x00,0x00,0x00,0x00,0x00,
    0x00,0x00,0x00,0x00,0x00,0x00,0x00,0x00,0x00,0x00,0x00,0x00,0x00,0x00,0x00,0x00,
    0x00,0x00,0x00,0x00,0x00,0x00,0x00,0x00,0x00,0x00,0x00,0x00,0x00,0x00,0x00,0x00,
    0x00,0x00,0x00,0x00,0x00,0x00,0x00,0x00,0x00,0x00,0x00,0x00,0x00,0x00,0x00,0x00,
    0x00,0x00,0x00,0x00,0x00,0x00,0x00,0x00,0x00,0x00,0x00,0x00,0x00,0x00,0x00,0x00,
    0x00,0x00,0x00,0x00,0x00,0x00,0x00,0x00,0x00,0x00,0x00,0x00,0x00,0x00,0x00,0x00,
    0x00,0x00,0x00,0x00,0x00,0x00,0x00,0x00,0x00,0x00,0x00,0x00,0x00,0x00,0x00,0x00,
    0x00,0x00,0x00,0x00,0x00,0x00,0x00,0x00,0x00,0x00,0x00,0x00,0x00,0x00,0x00,0x00,
    0x00,0x00,0x00,0x00,0x00,0x00,0x00,0x00,0x00,0x00,0xc2,0xb8,0x99,0x13,0xc6,0xba,
    0x9d,0x88,0xcc,0xc1,0xa6,0xef,0xd7,0xce,0xb9,0xff,0xe0,0xd9,0xc8,0xff,0xe6,0xe0,
    0xd1,0xff,0xe7,0xe1,0xd3,0xff,0xe7,0xe1,0xd3,0xff,0xe7,0xe1,0xd3,0xff,0xe7,0xe1,
    0xd3,0xff,0xe7,0xe1,0xd3,0xff,0xe2,0xdb,0xcb,0xff,0xda,0xd2,0xbe,0xff,0xcf,0xc5,
    0xac,0xf9,0xc6,0xba,0x9d,0xa8,0xc3,0xb8,0x9b,0x2a,0x00,0x00,0x00,0x00,0x00,0x00,
    0x00,0x00,0x00,0x00,0x00,0x00,0x00,0x00,0x00,0x00,0x00,0x00,0x00,0x00,0x00,0x00,
    0x00,0x00,0x00,0x00,0x00,0x00,0x00,0x00,0x00,0x00,0x00,0x00,0x00,0x00,0x00,0x00,
    0x00,0x00,0x00,0x00,0x00,0x00,0x00,0x00,0x00,0x00,0x00,0x00,0x00,0x00,0x00,0x00,
    0x00,0x00,0x00,0x00,0x00,0x00,0x00,0x00,0x00,0x00,0x00,0x00,0x00,0x00,0x00,0x00,
    0x00,0x00,0xc2,0xb6,0x9a,0x07,0xc5,0xb9,0x9c,0x4f,0xc5,0xba,0x9d,0x92,0xc7,0xbb,
    0x9e,0xc4,0xcb,0xc0,0xa5,0xe2,0xcc,0xc1,0xa6,0xe9,0xcc,0xc1,0xa6,0xe9,0xcc,0xc1,
    0xa6,0xe9,0xc8,0xbc,0xa0,0xcd,0xc6,0xba,0x9d,0xa4,0xc5,0xb9,0x9c,0x66,0xc4,0xb8,
    0x9a,0x16,0x00,0x00,0x00,0x00,0x00,0x00,0x00,0x00,0x00,0x00,0x00,0x00,0x00,0x00,
    0x00,0x00,0x00,0x00,0x00,0x00,0x00,0x00,0x00,0x00,0x00,0x00,0x00,0x00,0x00,0x00,
    0x00,0x00,0x00,0x00,0x00,0x00,0x00,0x00,0x00,0x00,0x00,0x00,0x00,0x00,0x00,0x00,
    0x00,0x00,0x00,0x00,0x00,0x00,0x00,0x00,0x00,0x00,0x00,0x00,0x00,0x00,0x00,0x00,
    0x00,0x00,0x00,0x00,0x00,0x00,0x00,0x00,0x00,0x00,0xc2,0xb8,0x99,0x13,0xc6,0xba,
    0x9d,0x88,0xcc,0xc1,0xa6,0xef,0xd7,0xce,0xb9,0xff,0xe0,0xd9,0xc8,0xff,0xe6,0xe0,
    0xd1,0xff,0xe7,0xe1,0xd3,0xff,0xe7,0xe1,0xd3,0xff,0xe7,0xe1,0xd3,0xff,0xe7,0xe1,
    0xd3,0xff,0xe7,0xe1,0xd3,0xff,0xe2,0xdb,0xcb,0xff,0xda,0xd2,0xbe,0xff,0xcf,0xc5,
    0xac,0xf9,0xc6,0xba,0x9d,0xa8,0xc3,0xb8,0x9b,0x2a,0x00,0x00,0x00,0x00,0x00,0x00,
    0x00,0x00,0x00,0x00,0x00,0x00,0x00,0x00,0x00,0x00,0x00,0x00,0x00,0x00,0x00,0x00,
    0x00,0x00,0x00,0x00,0x00,0x00,0x00,0x00,0x00,0x00,0x00,0x00,0x00,0x00,0x00,0x00,
    0x00,0x00,0x00,0x00,0x00,0x00,0x00,0x00,0x00,0x00,0x00,0x00,0x00,0x00,0x00,0x00,
    0x00,0x00,0x00,0x00,0x00,0x00,0x00,0x00,0x00,0x00,0x00,0x00,0x00,0x00,0x00,0x00,
    0x00,0x00,0x00,0x00,0x00,0x00,0x00,0x00,0x00,0x00,0x00,0x00,0x00,0x00,0x00,0x00,
    0x00,0x00,0x00,0x00,0x00,0x00,0x00,0x00,0x00,0x00,0x00,0x00,0x00,0x00,0x00,0x00,
    0x00,0x00,0x00,0x00,0x00,0x00,0x00,0x00,0x00,0x00,0x00,0x00,0x00,0x00,0x00,0x00,
    0x00,0x00,0x00,0x00,0x00,0x00,0x00,0x00,0x00,0x00,0x00,0x00,0x00,0x00,0x00,0x00,
    0x00,0x00,0x00,0x00,0x00,0x00,0x00,0x00,0x00,0x00,0x00,0x00,0x00,0x00,0x00,0x00,
    0x00,0x00,0x00,0x00,0x00,0x00,0x00,0x00,0x00,0x00,0x00,0x00,0x00,0x00,0x00,0x00,
    0x00,0x00,0x00,0x00,0x00,0x00,0x00,0x00,0x00,0x00,0x00,0x00,0x00,0x00,0x00,0x00,
    0x00,0x00,0x00,0x00,0x00,0x00,0x00,0x00,0x00,0x00,0x00,0x00,0x00,0x00,0x00,0x00,
    0x00,0x00,0x00,0x00,0x00,0x00,0x00,0x00,0x00,0x00,0x00,0x00,0x00,0x00,0x00,0x00,
    0x00,0x00,0x00,0x00,0x00,0x00,0x00,0x00,0x00,0x00,0x00,0x00,0x00,0x00,0x00,0x00,
    0x00,0x00,0x00,0x00,0x00,0x00,0x00,0x00,0x00,0x00,0x00,0x00,0x00,0x00,0x00,0x00,
    0x00,0x00,0x00,0x00,0x00,0x00,0x00,0x00,0x00,0x00,0x00,0x00,0x00,0x00,0x00,0x00,
    0x00,0x00,0x00,0x00,0x00,0x00,0x00,0x00,0x00,0x00,0x00,0x00,0x00,0x00,0x00,0x00,
    0x00,0x00,0x00,0x00,0x00,0x00,0x00,0x00,0x00,0x00,0x00,0x00,0x00,0x00,0x00,0x00,
    0x00,0x00,0x00,0x00,0x00,0x00,0x00,0x00,0x00,0x00,0x00,0x00,0x00,0x00,0x00,0x00,
    0x00,0x00,0x00,0x00,0x00,0x00,0x00,0x00,0x00,0x00,0x00,0x00,0x00,0x00,0x00,0x00,
    0x00,0x00,0x00,0x00,0x00,0x00,0x00,0x00,0x00,0x00,0x00,0x00,0x00,0x00,0x00,0x00,
    0x00,0x00,0x00,0x00,0x00,0x00,0x00,0x00,0x00,0x00,0x00,0x00,0x00,0x00,0x00,0x00,
    0x00,0x00,0x00,0x00,0x00,0x00,0x00,0x00,0x00,0x00,0x00,0x00,0x00,0x00,0x00,0x00,
    0x00,0x00,0x00,0x00,0x00,0x00,0x00,0x00,0x00,0x00,0x00,0x00,0x00,0x00,0x00,0x00,
    0x00,0x00,0x00,0x00,0x00,0x00,0x00,0x00,0x00,0x00,0x00,0x00,0x00,0x00,0x00,0x00,
    0x00,0x00,0x00,0x00,0x00,0x00,0x00,0x00,0x00,0x00,0x00,0x00,0x00,0x00,0x00,0x00,
    0x00,0x00,0x00,0x00,0x00,0x00,0x00,0x00,0x00,0x00,0x00,0x00,0x00,0x00,0x00,0x00,
    0x00,0x00,0x00,0x00,0x00,0x00,0x00,0x00,0x00,0x00,0x00,0x00,0x00,0x00,0x00,0x00,
    0x00,0x00,0x00,0x00,0x00,0x00,0x00,0x00,0x00,0x00,0x00,0x00,0x00,0x00,0x00,0x00,
    0x00,0x00,0x00,0x00,0x00,0x00,0x00,0x00,0x00,0x00,0x00,0x00,0x00,0x00,0x00,0x00,
    0x00,0x00,0x00,0x00,0x00,0x00,0x00,0x00,0x00,0x00,0x00,0x00,0x00,0x00,0x00,0x00,
    0x00,0x00,0x00,0x00,0x00,0x00,0x00,0x00,0x00,0x00,0x00,0x00,0x00,0x00,0x00,0x00,
    0x00,0x00,0x00,0x00,0x00,0x00,0x00,0x00,0x00,0x00,0x00,0x00,0x00,0x00,0x00,0x00,
    0x00,0x00,0x00,0x00,0x00,0x00,0x00,0x00,0x00,0x00,0x00,0x00,0x00,0x00,0x00,0x00,
    0x00,0x00,0x00,0x00,0x00,0x00,0x00,0x00,0x00,0x00,0x00,0x00,0x00,0x00,0x00,0x00,
    0x00,0x00,0x00,0x00,0x00,0x00,0x00,0x00,0x00,0x00,0x00,0x00,0x00,0x00,0x00,0x00,
    0x00,0x00,0x00,0x00,0x00,0x00,0x00,0x00,0x00,0x00,0x00,0x00,0x00,0x00,0x00,0x00,
    0x00,0x00,0x00,0x00,0x00,0x00,0x00,0x00,0x00,0x00,0x00,0x00,0x00,0x00,0x00,0x00,
    0x00,0x00,0x00,0x00,0x00,0x00,0x00,0x00,0x00,0x00,0x00,0x00,0x00,0x00,0x00,0x00,
    0x00,0x00,0x00,0x00,0x00,0x00,0x00,0x00,0x00,0x00,0x00,0x00,0x00,0x00,0x00,0x00,
    0x00,0x00,0x00,0x00,0x00,0x00,0x00,0x00,0x00,0x00,0x00,0x00,0x00,0x00,0x00,0x00,
    0x00,0x00,0x00,0x00,0x00,0x00,0x00,0x00,0x00,0x00,0x00,0x00,0x00,0x00,0x00,0x00,
    0x00,0x00,0x00,0x00,0x00,0x00,0x00,0x00,0x00,0x00,0x00,0x00,0x00,0x00,0x00,0x00,
    0x00,0x00,0x00,0x00,0x00,0x00,0x00,0x00,0x00,0x00,0x00,0x00,0x00,0x00,0x00,0x00,
    0x00,0x00,0xc2,0xb6,0x9a,0x07,0xc5,0xb9,0x9c,0x4f,0xc5,0xba,0x9d,0x92,0xc7,0xbb,
    0x9e,0xc4,0xcb,0xc0,0xa5,0xe2,0xcc,0xc1,0xa6,0xe9,0xcc,0xc1,0xa6,0xe9,0xcc,0xc1,
    0xa6,0xe9,0xc8,0xbc,0xa0,0xcd,0xc6,0xba,0x9d,0xa4,0xc5,0xb9,0x9c,0x66,0xc4,0xb8,
    0x9a,0x16,0x00,0x00,0x00,0x00,0x00,0x00,0x00,0x00,0x00,0x00,0x00,0x00,0x00,0x00,
    0x00,0x00,0x00,0x00,0x00,0x00,0x00,0x00,0x00,0x00,0x00,0x00,0x00,0x00,0x00,0x00,
    0x00,0x00,0x00,0x00,0x00,0x00,0x00,0x00,0x00,0x00,0x00,0x00,0x00,0x00,0x00,0x00,
    0x00,0x00,0x00,0x00,0x00,0x00,0x00,0x00,0x00,0x00,0x00,0x00,0x00,0x00,0x00,0x00,
    0x00,0x00,0x00,0x00,0x00,0x00,0x00,0x00,0x00,0x00,0x00,0x00,0x00,0x00,0x00,0x00,
    0x00,0x00,0x00,0x00,0x00,0x00,0x00,0x00,0x00,0x00,0x00,0x00,0x00,0x00,0x00,0x00,
    0x00,0x00,0x00,0x00,0x00,0x00,0x00,0x00,0x00,0x00,0x00,0x00,0x00,0x00,0x00,0x00,
    0x00,0x00,0x00,0x00,0x00,0x00,0x00,0x00,0x00,0x00,0x00,0x00,0x00,0x00,0x00,0x00,
    0x00,0x00,0x00,0x00,0x00,0x00,0x00,0x00,0x00,0x00,0x00,0x00,0x00,0x00,0x00,0x00,
    0x00,0x00,0x00,0x00,0x00,0x00,0x00,0x00,0x00,0x00,0x00,0x00,0x00,0x00,0x00,0x00,
    0x00,0x00,0x00,0x00,0x00,0x00,0x00,0x00,0x00,0x00,0x00,0x00,0x00,0x00,0x00,0x00,
    0x00,0x00,0x00,0x00,0x00,0x00,0x00,0x00,0x00,0x00,0x00,0x00,0x00,0x00,0x00,0x00,
    0x00,0x00,0x00,0x00,0x00,0x00,0x00,0x00,0x00,0x00,0x00,0x00,0x00,0x00,0x00,0x00,
    0x00,0x00,0xc2,0xb6,0x9a,0x07,0xc5,0xb9,0x9c,0x4f,0xc5,0xba,0x9d,0x92,0xc7,0xbb,
    0x9e,0xc4,0xcb,0xc0,0xa5,0xe2,0xcc,0xc1,0xa6,0xe9,0xcc,0xc1,0xa6,0xe9,0xcc,0xc1,
    0xa6,0xe9,0xc8,0xbc,0xa0,0xcd,0xc6,0xba,0x9d,0xa4,0xc5,0xb9,0x9c,0x66,0xc4,0xb8,
    0x9a,0x16,0x00,0x00,0x00,0x00,0x00,0x00,0x00,0x00,0x00,0x00,0x00,0x00,0x00,0x00,
    0x00,0x00,0x00,0x00,0x00,0x00,0x00,0x00,0x00,0x00,0x00,0x00,0x00,0x00,0x00,0x00,
    0x00,0x00,0x00,0x00,0x00,0x00,0x00,0x00,0x00,0x00,0x00,0x00,0x00,0x00,0x00,0x00,
    0x00,0x00,0x00,0x00,0x00,0x00,0x00,0x00,0x00,0x00,0x00,0x00,0x00,0x00,0x00,0x00,
    0x00,0x00,0x00,0x00,0x00,0x00,0x00,0x00,0x00,0x00,0x00,0x00,0x00,0x00,0x00,0x00,
    0x00,0x00,0x00,0x00,0x00,0x00,0x00,0x00,0x00,0x00,0x00,0x00,0x00,0x00,0x00,0x00,
    0x00,0x00,0x00,0x00,0x00,0x00,0x00,0x00,0x00,0x00,0x00,0x00,0x00,0x00,0x00,0x00,
    0x00,0x00,0x00,0x00,0x00,0x00,0x00,0x00,0x00,0x00,0x00,0x00,0x00,0x00,0x00,0x00,
    0x00,0x00,0x00,0x00,0x00,0x00,0x00,0x00,0x00,0x00,0x00,0x00,0x00,0x00,0x00,0x00,
    0x00,0x00,0x00,0x00,0x00,0x00,0x00,0x00,0x00,0x00,0x00,0x00,0x00,0x00,0x00,0x00,
    0x00,0x00,0x00,0x00,0x00,0x00,0x00,0x00,0x00,0x00,0x00,0x00,0x00,0x00,0x00,0x00,
    0x00,0x00,0x00,0x00,0x00,0x00,0x00,0x00,0x00,0x00,0x00,0x00,0x00,0x00,0x00,0x00,
    0x00,0x00,0x00,0x00,0x00,0x00,0x00,0x00,0x00,0x00,0x00,0x00,0x00,0x00,0x00,0x00,
    0x00,0x00,0x00,0x00,0x00,0x00,0x00,0x00,0x00,0x00,0x00,0x00,0x00,0x00,0x00,0x00,
    0x00,0x00,0x00,0x00,0x00,0x00,0x00,0x00,0x00,0x00,0x00,0x00,0x00,0x00,0x00,0x00,
    0x00,0x00,0x00,0x00,0x00,0x00,0x00,0x00,0x00,0x00,0x00,0x00,0x00,0x00,0x00,0x00,
    0x00,0x00,0x00,0x00,0x00,0x00,0x00,0x00,0x00,0x00,0x00,0x00,0x00,0x00,0x00,0x00,
    0x00,0x00,0x00,0x00,0x00,0x00,0x00,0x00,0x00,0x00,0x00,0x00,0x00,0x00,0x00,0x00,
    0x00,0x00,0x00,0x00,0x00,0x00,0x00,0x00,0x00,0x00,0x00,0x00,0x00,0x00,0x00,0x00,
    0x00,0x00,0x00,0x00,0x00,0x00,0x00,0x00,0x00,0x00,0x00,0x00,0x00,0x00,0x00,0x00,
    0x00,0x00,0x00,0x00,0x00,0x00,0x00,0x00,0x00,0x00,0x00,0x00,0x00,0x00,0x00,0x00,
    0x00,0x00,0x00,0x00,0x00,0x00,0x00,0x00,0x00,0x00,0x00,0x00,0x00,0x00,0x00,0x00,
    0x00,0x00,0x00,0x00,0x00,0x00,0x00,0x00,0x00,0x00,0x00,0x00,0x00,0x00,0x00,0x00,
    0x00,0x00,0x00,0x00,0x00,0x00,0x00,0x00,0x00,0x00,0x00,0x00,0x00,0x00,0x00,0x00,
    0x00,0x00,0x00,0x00,0x00,0x00,0x00,0x00,0x00,0x00,0x00,0x00,0x00,0x00,0x00,0x00,
    0x00,0x00,0x00,0x00,0x00,0x00,0x00,0x00,0x00,0x00,0x00,0x00,0x00,0x00,0x00,0x00,
    0x00,0x00,0x00,0x00,0x00,0x00,0x00,0x00,0x00,0x00,0x00,0x00,0x00,0x00,0x00,0x00,
    0x00,0x00,0x00,0x00,0x00,0x00,0x00,0x00,0x00,0x00,0x00,0x00,0x00,0x00,0x00,0x00,
    0x00,0x00,0x00,0x00,0x00,0x00,0x00,0x00,0x00,0x00,0x00,0x00,0x00,0x00,0x00,0x00,
    0x00,0x00,0x00,0x00,0x00,0x00,0x00,0x00,0x00,0x00,0x00,0x00,0x00,0x00,0x00,0x00,
    0x00,0x00,0x00,0x00,0x00,0x00,0x00,0x00,0x00,0x00,0x00,0x00,0x00,0x00,0x00,0x00,
    0x00,0x00,0x00,0x00,0x00,0x00,0x00,0x00,0x00,0x00,0x00,0x00,0x00,0x00,0x00,0x00,
    0x00,0x00,0x00,0x00,0x00,0x00,0x00,0x00,0x00,0x00,0x00,0x00,0x00,0x00,0x00,0x00,
    0x00,0x00,0x00,0x00,0x00,0x00,0x00,0x00,0x00,0x00,0x00,0x00,0x00,0x00,0x00,0x00,
    0x00,0x00,0x00,0x00,0x00,0x00,0x00,0x00,0x00,0x00,0x00,0x00,0x00,0x00,0x00,0x00,
    0x00,0x00,0x00,0x00,0x00,0x00,0x00,0x00,0x00,0x00,0x00,0x00,0x00,0x00,0x00,0x00,
    0x00,0x00,0x00,0x00,0x00,0x00,0x00,0x00,0x00,0x00,0x00,0x00,0x00,0x00,0x00,0x00,
    0x00,0x00,0x00,0x00,0x00,0x00,0x00,0x00,0x00,0x00,0x00,0x00,0x00,0x00,0x00,0x00,
    0x00,0x00,0x00,0x00,0x00,0x00,0x00,0x00,0x00,0x00,0x00,0x00,0x00,0x00,0x00,0x00,
    0x00,0x00,0x00,0x00,0x00,0x00,0x00,0x00,0x00,0x00,0x00,0x00,0x00,0x00,0x00,0x00,
    0x00,0x00,0x00,0x00,0x00,0x00,0x00,0x00,0x00,0x00,0x00,0x00,0x00,0x00,0x00,0x00,
    0x00,0x00,0x00,0x00,0x00,0x00,0x00,0x00,0x00,0x00,0x00,0x00,0x00,0x00,0x00,0x00,
    0x00,0x00,0x00,0x00,0x00,0x00,0x00,0x00,0x00,0x00,0x00,0x00,0x00,0x00,0x00,0x00,
    0x00,0x00,0x00,0x00,0x00,0x00,0x00,0x00,0x00,0x00,0x00,0x00,0x00,0x00,0x00,0x00,
    0x00,0x00,0x00,0x00,0x00,0x00,0x00,0x00,0x00,0x00,0x00,0x00,0x00,0x00,0x00,0x00,
    0x00,0x00,0x00,0x00,0x00,0x00,0x00,0x00,0x00,0x00,0x00,0x00,0x00,0x00,0x00,0x00,
    0x00,0x00,0x00,0x00,0x00,0x00,0x00,0x00,0x00,0x00,0x00,0x00,0x00,0x00,0x00,0x00,
    0x00,0x00,0x00,0x00,0x00,0x00,0x00,0x00,0x00,0x00,0x00,0x00,0x00,0x00,0x00,0x00,
    0x00,0x00,0x00,0x00,0x00,0x00,0x00,0x00,0x00,0x00,0x00,0x00,0x00,0x00,0x00,0x00,
    0x00,0x00,0x00,0x00,0x00,0x00,0x00,0x00,0x00,0x00,0x00,0x00,0x00,0x00,0x00,0x00,
    0x00,0x00,0x00,0x00,0x00,0x00,0x00,0x00,0x00,0x00,0x00,0x00,0x00,0x00,0x00,0x00,
    0x00,0x00,0x00,0x00,0x00,0x00,0x00,0x00,0x00,0x00,0x00,0x00,0x00,0x00,0x00,0x00,
    0x00,0x00,0x00,0x00,0x00,0x00,0x00,0x00,0x00,0x00,0x00,0x00,0x00,0x00,0x00,0x00,
    0x00,0x00,0x00,0x00,0x00,0x00,0x00,0x00,0x00,0x00,0x00,0x00,0x00,0x00,0x00,0x00,
    0x00,0x00,0x00,0x00,0x00,0x00,0x00,0x00,0x00,0x00,0x00,0x00,0x00,0x00,0x00,0x00,
    0x00,0x00,0x00,0x00,0x00,0x00,0x00,0x00,0x00,0x00,0x00,0x00,0x00,0x00,0x00,0x00,
    0x00,0x00,0x00,0x00,0x00,0x00,0x00,0x00,0x00,0x00,0x00,0x00,0x00,0x00,0x00,0x00,
    0x00,0x00,0x00,0x00,0x00,0x00,0x00,0x00,0x00,0x00,0x00,0x00,0x00,0x00,0x00,0x00,
    0x00,0x00,0x00,0x00,0x00,0x00,0x00,0x00,0x00,0x00,0x00,0x00,0x00,0x00,0x00,0x00,
    0x00,0x00,0x00,0x00,0x00,0x00,0x00,0x00,0x00,0x00,0x00,0x00,0x00,0x00,0x00,0x00,
    0x00,0x00,0x00,0x00,0x00,0x00,0x00,0x00,0x00,0x00,0x00,0x00,0x00,0x00,0x00,0x00,
    0x00,0x00,0x00,0x00,0x00,0x00,0x00,0x00,0x00,0x00,0x00,0x00,0x00,0x00,0x00,0x00,
    0x00,0x00,0x00,0x00,0x00,0x00,0x00,0x00,0x00,0x00,0x00,0x00,0x00,0x00,0x00,0x00,
    0x00,0x00,0x00,0x00,0x00,0x00,0x00,0x00,0x00,0x00,0x00,0x00,0x00,0x00,0x00,0x00,
    0x00,0x00,0x00,0x00,0x00,0x00,0x00,0x00,0x00,0x00,0x00,0x00,0x00,0x00,0x00,0x00,
    0x00,0x00,0x00,0x00,0x00,0x00,0x00,0x00,0x00,0x00,0x00,0x00,0x00,0x00,0x00,0x00,
    0x00,0x00,0x00,0x00,0x00,0x00,0x00,0x00,0x00,0x00,
};

#endif // GV_ATLAS_BMP_H
